text_en,level,example_en,example_ru,tags,extra
about,A1,,,"[""verb"", ""adverb"", ""preposition""]","{""parts_of_speech"": [""verb"", ""adverb"", ""preposition""], ""source"": ""Oxford 3000"", ""original_line"": ""about prep. , adv.""}"
above,A1,,,"[""verb"", ""adverb"", ""preposition""]","{""parts_of_speech"": [""verb"", ""adverb"", ""preposition""], ""source"": ""Oxford 3000"", ""original_line"": ""above prep. , adv.""}"
across,A1,,,"[""verb"", ""adverb"", ""preposition""]","{""parts_of_speech"": [""verb"", ""adverb"", ""preposition""], ""source"": ""Oxford 3000"", ""original_line"": ""across prep. , adv.""}"
action,A1,,,"[""noun""]","{""parts_of_speech"": [""noun""], ""source"": ""Oxford 3000"", ""original_line"": ""action n.""}"
activity,A1,,,"[""noun""]","{""parts_of_speech"": [""noun""], ""source"": ""Oxford 3000"", ""original_line"": ""activity n.""}"
actor,A1,,,"[""noun""]","{""parts_of_speech"": [""noun""], ""source"": ""Oxford 3000"", ""original_line"": ""actor n.""}"
actress,A1,,,"[""noun""]","{""parts_of_speech"": [""noun""], ""source"": ""Oxford 3000"", ""original_line"": ""actress n.""}"
add,A1,,,"[""verb""]","{""parts_of_speech"": [""verb""], ""source"": ""Oxford 3000"", ""original_line"": ""add v.""}"
address,A1,,,"[""noun""]","{""parts_of_speech"": [""noun""], ""source"": ""Oxford 3000"", ""original_line"": ""address n.""}"
adult,A1,,,"[""noun""]","{""parts_of_speech"": [""noun""], ""source"": ""Oxford 3000"", ""original_line"": ""adult n.""}"
advice,A1,,,"[""noun""]","{""parts_of_speech"": [""noun""], ""source"": ""Oxford 3000"", ""original_line"": ""advice n.""}"
afraid,A1,,,"[""adjective""]","{""parts_of_speech"": [""adjective""], ""source"": ""Oxford 3000"", ""original_line"": ""afraid adj.""}"
after,A1,,,"[""preposition""]","{""parts_of_speech"": [""preposition""], ""source"": ""Oxford 3000"", ""original_line"": ""after prep.""}"
afternoon,A1,,,"[""noun""]","{""parts_of_speech"": [""noun""], ""source"": ""Oxford 3000"", ""original_line"": ""afternoon n.""}"
again,A1,,,"[""verb"", ""adverb""]","{""parts_of_speech"": [""verb"", ""adverb""], ""source"": ""Oxford 3000"", ""original_line"": ""again adv.""}"
age,A1,,,"[""noun""]","{""parts_of_speech"": [""noun""], ""source"": ""Oxford 3000"", ""original_line"": ""age n.""}"
ago,A1,,,"[""verb"", ""adverb""]","{""parts_of_speech"": [""verb"", ""adverb""], ""source"": ""Oxford 3000"", ""original_line"": ""ago adv.""}"
agree,A1,,,"[""verb""]","{""parts_of_speech"": [""verb""], ""source"": ""Oxford 3000"", ""original_line"": ""agree v.""}"
air,A1,,,"[""noun""]","{""parts_of_speech"": [""noun""], ""source"": ""Oxford 3000"", ""original_line"": ""air n.""}"
airport,A1,,,"[""noun""]","{""parts_of_speech"": [""noun""], ""source"": ""Oxford 3000"", ""original_line"": ""airport n.""}"
all,A1,,,"[""noun"", ""determiner"", ""pronoun""]","{""parts_of_speech"": [""noun"", ""determiner"", ""pronoun""], ""source"": ""Oxford 3000"", ""original_line"": ""all det. , pron.""}"
also,A1,,,"[""verb"", ""adverb""]","{""parts_of_speech"": [""verb"", ""adverb""], ""source"": ""Oxford 3000"", ""original_line"": ""also adv.""}"
always,A1,,,"[""verb"", ""adverb""]","{""parts_of_speech"": [""verb"", ""adverb""], ""source"": ""Oxford 3000"", ""original_line"": ""always adv.""}"
amazing,A1,,,"[""adjective""]","{""parts_of_speech"": [""adjective""], ""source"": ""Oxford 3000"", ""original_line"": ""amazing adj.""}"
and,A1,,,"[""noun"", ""conjunction""]","{""parts_of_speech"": [""noun"", ""conjunction""], ""source"": ""Oxford 3000"", ""original_line"": ""and conj.""}"
angry,A1,,,"[""adjective""]","{""parts_of_speech"": [""adjective""], ""source"": ""Oxford 3000"", ""original_line"": ""angry adj.""}"
animal,A1,,,"[""noun""]","{""parts_of_speech"": [""noun""], ""source"": ""Oxford 3000"", ""original_line"": ""animal n.""}"
another,A1,,,"[""noun"", ""determiner"", ""pronoun""]","{""parts_of_speech"": [""noun"", ""determiner"", ""pronoun""], ""source"": ""Oxford 3000"", ""original_line"": ""another det./pron.""}"
answer,A1,,,"[""noun"", ""verb""]","{""parts_of_speech"": [""noun"", ""verb""], ""source"": ""Oxford 3000"", ""original_line"": ""answer n. , v.""}"
any,A1,,,"[""noun"", ""determiner"", ""pronoun""]","{""parts_of_speech"": [""noun"", ""determiner"", ""pronoun""], ""source"": ""Oxford 3000"", ""original_line"": ""any det. , pron.""}"
anyone,A1,,,"[""noun"", ""pronoun""]","{""parts_of_speech"": [""noun"", ""pronoun""], ""source"": ""Oxford 3000"", ""original_line"": ""anyone pron.""}"
anything,A1,,,"[""noun"", ""pronoun""]","{""parts_of_speech"": [""noun"", ""pronoun""], ""source"": ""Oxford 3000"", ""original_line"": ""anything pron.""}"
apartment,A1,,,"[""noun""]","{""parts_of_speech"": [""noun""], ""source"": ""Oxford 3000"", ""original_line"": ""apartment n.""}"
apple,A1,,,"[""noun""]","{""parts_of_speech"": [""noun""], ""source"": ""Oxford 3000"", ""original_line"": ""apple n.""}"
april,A1,,,"[""noun""]","{""parts_of_speech"": [""noun""], ""source"": ""Oxford 3000"", ""original_line"": ""April n.""}"
area,A1,,,"[""noun""]","{""parts_of_speech"": [""noun""], ""source"": ""Oxford 3000"", ""original_line"": ""area n.""}"
arm,A1,,,"[""noun""]","{""parts_of_speech"": [""noun""], ""source"": ""Oxford 3000"", ""original_line"": ""arm n.""}"
around,A1,,,"[""verb"", ""adverb"", ""preposition""]","{""parts_of_speech"": [""verb"", ""adverb"", ""preposition""], ""source"": ""Oxford 3000"", ""original_line"": ""around prep. , adv.""}"
arrive,A1,,,"[""verb""]","{""parts_of_speech"": [""verb""], ""source"": ""Oxford 3000"", ""original_line"": ""arrive v.""}"
art,A1,,,"[""noun""]","{""parts_of_speech"": [""noun""], ""source"": ""Oxford 3000"", ""original_line"": ""art n.""}"
article,A1,,,"[""noun""]","{""parts_of_speech"": [""noun""], ""source"": ""Oxford 3000"", ""original_line"": ""article n.""}"
artist,A1,,,"[""noun""]","{""parts_of_speech"": [""noun""], ""source"": ""Oxford 3000"", ""original_line"": ""artist n.""}"
as,A1,,,"[""preposition""]","{""parts_of_speech"": [""preposition""], ""source"": ""Oxford 3000"", ""original_line"": ""as prep.""}"
ask,A1,,,"[""verb""]","{""parts_of_speech"": [""verb""], ""source"": ""Oxford 3000"", ""original_line"": ""ask v.""}"
at,A1,,,"[""preposition""]","{""parts_of_speech"": [""preposition""], ""source"": ""Oxford 3000"", ""original_line"": ""at prep.""}"
august,A1,,,"[""noun""]","{""parts_of_speech"": [""noun""], ""source"": ""Oxford 3000"", ""original_line"": ""August n.""}"
aunt,A1,,,"[""noun""]","{""parts_of_speech"": [""noun""], ""source"": ""Oxford 3000"", ""original_line"": ""aunt n.""}"
autumn,A1,,,"[""noun""]","{""parts_of_speech"": [""noun""], ""source"": ""Oxford 3000"", ""original_line"": ""autumn n.""}"
away,A1,,,"[""verb"", ""adverb""]","{""parts_of_speech"": [""verb"", ""adverb""], ""source"": ""Oxford 3000"", ""original_line"": ""away adv.""}"
baby,A1,,,"[""noun""]","{""parts_of_speech"": [""noun""], ""source"": ""Oxford 3000"", ""original_line"": ""baby n.""}"
back,A1,,,"[""noun"", ""verb"", ""adverb""]","{""parts_of_speech"": [""noun"", ""verb"", ""adverb""], ""source"": ""Oxford 3000"", ""original_line"": ""back n. , adv.""}"
bad,A1,,,"[""adjective""]","{""parts_of_speech"": [""adjective""], ""source"": ""Oxford 3000"", ""original_line"": ""bad adj.""}"
bag,A1,,,"[""noun""]","{""parts_of_speech"": [""noun""], ""source"": ""Oxford 3000"", ""original_line"": ""bag n.""}"
ball,A1,,,"[""noun""]","{""parts_of_speech"": [""noun""], ""source"": ""Oxford 3000"", ""original_line"": ""ball n.""}"
banana,A1,,,"[""noun""]","{""parts_of_speech"": [""noun""], ""source"": ""Oxford 3000"", ""original_line"": ""banana n.""}"
band,A1,,,"[""noun""]","{""parts_of_speech"": [""noun""], ""source"": ""Oxford 3000"", ""original_line"": ""band n.""}"
bank,A1,,,"[""noun""]","{""parts_of_speech"": [""noun""], ""source"": ""Oxford 3000"", ""original_line"": ""bank (money) n.""}"
bath,A1,,,"[""noun""]","{""parts_of_speech"": [""noun""], ""source"": ""Oxford 3000"", ""original_line"": ""bath n.bathroom n.""}"
be,A1,,,"[""verb"", ""auxiliary verb""]","{""parts_of_speech"": [""verb"", ""auxiliary verb""], ""source"": ""Oxford 3000"", ""original_line"": ""be v. , auxiliary v.""}"
beach,A1,,,"[""noun""]","{""parts_of_speech"": [""noun""], ""source"": ""Oxford 3000"", ""original_line"": ""beach n.""}"
beautiful,A1,,,"[""adjective""]","{""parts_of_speech"": [""adjective""], ""source"": ""Oxford 3000"", ""original_line"": ""beautiful adj.""}"
because,A1,,,"[""noun"", ""conjunction""]","{""parts_of_speech"": [""noun"", ""conjunction""], ""source"": ""Oxford 3000"", ""original_line"": ""because conj.""}"
become,A1,,,"[""verb""]","{""parts_of_speech"": [""verb""], ""source"": ""Oxford 3000"", ""original_line"": ""become v.""}"
bed,A1,,,"[""noun""]","{""parts_of_speech"": [""noun""], ""source"": ""Oxford 3000"", ""original_line"": ""bed n.""}"
bedroom,A1,,,"[""noun""]","{""parts_of_speech"": [""noun""], ""source"": ""Oxford 3000"", ""original_line"": ""bedroom n.""}"
beer,A1,,,"[""noun""]","{""parts_of_speech"": [""noun""], ""source"": ""Oxford 3000"", ""original_line"": ""beer n.""}"
before,A1,,,"[""preposition""]","{""parts_of_speech"": [""preposition""], ""source"": ""Oxford 3000"", ""original_line"": ""before prep.""}"
begin,A1,,,"[""verb""]","{""parts_of_speech"": [""verb""], ""source"": ""Oxford 3000"", ""original_line"": ""begin v.""}"
beginning,A1,,,"[""noun""]","{""parts_of_speech"": [""noun""], ""source"": ""Oxford 3000"", ""original_line"": ""beginning n.""}"
behind,A1,,,"[""verb"", ""adverb"", ""preposition""]","{""parts_of_speech"": [""verb"", ""adverb"", ""preposition""], ""source"": ""Oxford 3000"", ""original_line"": ""behind prep. , adv.""}"
believe,A1,,,"[""verb""]","{""parts_of_speech"": [""verb""], ""source"": ""Oxford 3000"", ""original_line"": ""believe v.""}"
below,A1,,,"[""verb"", ""adverb"", ""preposition""]","{""parts_of_speech"": [""verb"", ""adverb"", ""preposition""], ""source"": ""Oxford 3000"", ""original_line"": ""below adv. , prep.""}"
best,A1,,,"[""adjective""]","{""parts_of_speech"": [""adjective""], ""source"": ""Oxford 3000"", ""original_line"": ""best adj.""}"
better,A1,,,"[""adjective""]","{""parts_of_speech"": [""adjective""], ""source"": ""Oxford 3000"", ""original_line"": ""better adj.""}"
between,A1,,,"[""preposition""]","{""parts_of_speech"": [""preposition""], ""source"": ""Oxford 3000"", ""original_line"": ""between prep.""}"
bicycle,A1,,,"[""noun""]","{""parts_of_speech"": [""noun""], ""source"": ""Oxford 3000"", ""original_line"": ""bicycle n.""}"
big,A1,,,"[""adjective""]","{""parts_of_speech"": [""adjective""], ""source"": ""Oxford 3000"", ""original_line"": ""big adj.""}"
bike,A1,,,"[""noun""]","{""parts_of_speech"": [""noun""], ""source"": ""Oxford 3000"", ""original_line"": ""bike n.""}"
bill,A1,,,"[""noun""]","{""parts_of_speech"": [""noun""], ""source"": ""Oxford 3000"", ""original_line"": ""bill n.""}"
bird,A1,,,"[""noun""]","{""parts_of_speech"": [""noun""], ""source"": ""Oxford 3000"", ""original_line"": ""bird n.""}"
birthday,A1,,,"[""noun""]","{""parts_of_speech"": [""noun""], ""source"": ""Oxford 3000"", ""original_line"": ""birthday n.""}"
black,A1,,,"[""noun"", ""adjective""]","{""parts_of_speech"": [""noun"", ""adjective""], ""source"": ""Oxford 3000"", ""original_line"": ""black adj. , n.""}"
blog,A1,,,"[""noun""]","{""parts_of_speech"": [""noun""], ""source"": ""Oxford 3000"", ""original_line"": ""blog n.""}"
blonde,A1,,,"[""adjective""]","{""parts_of_speech"": [""adjective""], ""source"": ""Oxford 3000"", ""original_line"": ""blonde adj.""}"
blue,A1,,,"[""noun"", ""adjective""]","{""parts_of_speech"": [""noun"", ""adjective""], ""source"": ""Oxford 3000"", ""original_line"": ""blue adj. , n.""}"
boat,A1,,,"[""noun""]","{""parts_of_speech"": [""noun""], ""source"": ""Oxford 3000"", ""original_line"": ""boat n.""}"
body,A1,,,"[""noun""]","{""parts_of_speech"": [""noun""], ""source"": ""Oxford 3000"", ""original_line"": ""body n.""}"
book,A1,,,"[""noun""]","{""parts_of_speech"": [""noun""], ""source"": ""Oxford 3000"", ""original_line"": ""book n.""}"
boot,A1,,,"[""noun""]","{""parts_of_speech"": [""noun""], ""source"": ""Oxford 3000"", ""original_line"": ""boot n.""}"
bored,A1,,,"[""adjective""]","{""parts_of_speech"": [""adjective""], ""source"": ""Oxford 3000"", ""original_line"": ""bored adj.""}"
boring,A1,,,"[""adjective""]","{""parts_of_speech"": [""adjective""], ""source"": ""Oxford 3000"", ""original_line"": ""boring adj.""}"
born,A1,,,"[""verb""]","{""parts_of_speech"": [""verb""], ""source"": ""Oxford 3000"", ""original_line"": ""born v.""}"
both,A1,,,"[""noun"", ""determiner"", ""pronoun""]","{""parts_of_speech"": [""noun"", ""determiner"", ""pronoun""], ""source"": ""Oxford 3000"", ""original_line"": ""both det./pron.""}"
bottle,A1,,,"[""noun""]","{""parts_of_speech"": [""noun""], ""source"": ""Oxford 3000"", ""original_line"": ""bottle n.""}"
box,A1,,,"[""noun""]","{""parts_of_speech"": [""noun""], ""source"": ""Oxford 3000"", ""original_line"": ""box n.""}"
boy,A1,,,"[""noun""]","{""parts_of_speech"": [""noun""], ""source"": ""Oxford 3000"", ""original_line"": ""boy n.""}"
boyfriend,A1,,,"[""noun""]","{""parts_of_speech"": [""noun""], ""source"": ""Oxford 3000"", ""original_line"": ""boyfriend n.""}"
bread,A1,,,"[""noun""]","{""parts_of_speech"": [""noun""], ""source"": ""Oxford 3000"", ""original_line"": ""bread n.""}"
break,A1,,,"[""noun"", ""verb""]","{""parts_of_speech"": [""noun"", ""verb""], ""source"": ""Oxford 3000"", ""original_line"": ""break v. , n.""}"
breakfast,A1,,,"[""noun""]","{""parts_of_speech"": [""noun""], ""source"": ""Oxford 3000"", ""original_line"": ""breakfast n.""}"
bring,A1,,,"[""verb""]","{""parts_of_speech"": [""verb""], ""source"": ""Oxford 3000"", ""original_line"": ""bring v.""}"
brother,A1,,,"[""noun""]","{""parts_of_speech"": [""noun""], ""source"": ""Oxford 3000"", ""original_line"": ""brother n.""}"
brown,A1,,,"[""noun"", ""adjective""]","{""parts_of_speech"": [""noun"", ""adjective""], ""source"": ""Oxford 3000"", ""original_line"": ""brown adj. , n.""}"
build,A1,,,"[""verb""]","{""parts_of_speech"": [""verb""], ""source"": ""Oxford 3000"", ""original_line"": ""build v.""}"
building,A1,,,"[""noun""]","{""parts_of_speech"": [""noun""], ""source"": ""Oxford 3000"", ""original_line"": ""building n.""}"
bus,A1,,,"[""noun""]","{""parts_of_speech"": [""noun""], ""source"": ""Oxford 3000"", ""original_line"": ""bus n.""}"
business,A1,,,"[""noun""]","{""parts_of_speech"": [""noun""], ""source"": ""Oxford 3000"", ""original_line"": ""business n.""}"
busy,A1,,,"[""adjective""]","{""parts_of_speech"": [""adjective""], ""source"": ""Oxford 3000"", ""original_line"": ""busy adj.""}"
but,A1,,,"[""noun"", ""conjunction""]","{""parts_of_speech"": [""noun"", ""conjunction""], ""source"": ""Oxford 3000"", ""original_line"": ""but conj.""}"
butter,A1,,,"[""noun""]","{""parts_of_speech"": [""noun""], ""source"": ""Oxford 3000"", ""original_line"": ""butter n.""}"
buy,A1,,,"[""verb""]","{""parts_of_speech"": [""verb""], ""source"": ""Oxford 3000"", ""original_line"": ""buy v.""}"
by,A1,,,"[""preposition""]","{""parts_of_speech"": [""preposition""], ""source"": ""Oxford 3000"", ""original_line"": ""by prep.""}"
bye,A1,,,"[""exclamation""]","{""parts_of_speech"": [""exclamation""], ""source"": ""Oxford 3000"", ""original_line"": ""bye exclam.""}"
cafe,A1,,,"[""noun""]","{""parts_of_speech"": [""noun""], ""source"": ""Oxford 3000"", ""original_line"": ""cafe n.""}"
cake,A1,,,"[""noun""]","{""parts_of_speech"": [""noun""], ""source"": ""Oxford 3000"", ""original_line"": ""cake n.""}"
call,A1,,,"[""noun"", ""verb""]","{""parts_of_speech"": [""noun"", ""verb""], ""source"": ""Oxford 3000"", ""original_line"": ""call v. , n.""}"
camera,A1,,,"[""noun""]","{""parts_of_speech"": [""noun""], ""source"": ""Oxford 3000"", ""original_line"": ""camera n.""}"
capital,A1,,,"[""noun"", ""adjective""]","{""parts_of_speech"": [""noun"", ""adjective""], ""source"": ""Oxford 3000"", ""original_line"": ""capital n. , adj.""}"
car,A1,,,"[""noun""]","{""parts_of_speech"": [""noun""], ""source"": ""Oxford 3000"", ""original_line"": ""car n.""}"
card,A1,,,"[""noun""]","{""parts_of_speech"": [""noun""], ""source"": ""Oxford 3000"", ""original_line"": ""card n.""}"
career,A1,,,"[""noun""]","{""parts_of_speech"": [""noun""], ""source"": ""Oxford 3000"", ""original_line"": ""career n.""}"
carrot,A1,,,"[""noun""]","{""parts_of_speech"": [""noun""], ""source"": ""Oxford 3000"", ""original_line"": ""carrot n.""}"
carry,A1,,,"[""verb""]","{""parts_of_speech"": [""verb""], ""source"": ""Oxford 3000"", ""original_line"": ""carry v.""}"
cat,A1,,,"[""noun""]","{""parts_of_speech"": [""noun""], ""source"": ""Oxford 3000"", ""original_line"": ""cat n.""}"
cd,A1,,,"[""noun""]","{""parts_of_speech"": [""noun""], ""source"": ""Oxford 3000"", ""original_line"": ""CD n.""}"
cent,A1,,,"[""noun""]","{""parts_of_speech"": [""noun""], ""source"": ""Oxford 3000"", ""original_line"": ""cent n.""}"
centre,A1,,,"[""noun""]","{""parts_of_speech"": [""noun""], ""source"": ""Oxford 3000"", ""original_line"": ""centre n.""}"
century,A1,,,"[""noun""]","{""parts_of_speech"": [""noun""], ""source"": ""Oxford 3000"", ""original_line"": ""century n.""}"
chair,A1,,,"[""noun""]","{""parts_of_speech"": [""noun""], ""source"": ""Oxford 3000"", ""original_line"": ""chair n.""}"
change,A1,,,"[""noun"", ""verb""]","{""parts_of_speech"": [""noun"", ""verb""], ""source"": ""Oxford 3000"", ""original_line"": ""change v. , n.""}"
chart,A1,,,"[""noun""]","{""parts_of_speech"": [""noun""], ""source"": ""Oxford 3000"", ""original_line"": ""chart n.""}"
cheap,A1,,,"[""adjective""]","{""parts_of_speech"": [""adjective""], ""source"": ""Oxford 3000"", ""original_line"": ""cheap adj.""}"
check,A1,,,"[""verb""]","{""parts_of_speech"": [""verb""], ""source"": ""Oxford 3000"", ""original_line"": ""check v.""}"
cheese,A1,,,"[""noun""]","{""parts_of_speech"": [""noun""], ""source"": ""Oxford 3000"", ""original_line"": ""cheese n.""}"
chicken,A1,,,"[""noun""]","{""parts_of_speech"": [""noun""], ""source"": ""Oxford 3000"", ""original_line"": ""chicken n.""}"
child,A1,,,"[""noun""]","{""parts_of_speech"": [""noun""], ""source"": ""Oxford 3000"", ""original_line"": ""child n.""}"
chocolate,A1,,,"[""noun""]","{""parts_of_speech"": [""noun""], ""source"": ""Oxford 3000"", ""original_line"": ""chocolate n.""}"
choose,A1,,,"[""verb""]","{""parts_of_speech"": [""verb""], ""source"": ""Oxford 3000"", ""original_line"": ""choose v.""}"
cinema,A1,,,"[""noun""]","{""parts_of_speech"": [""noun""], ""source"": ""Oxford 3000"", ""original_line"": ""cinema n.""}"
city,A1,,,"[""noun""]","{""parts_of_speech"": [""noun""], ""source"": ""Oxford 3000"", ""original_line"": ""city n.""}"
class,A1,,,"[""noun""]","{""parts_of_speech"": [""noun""], ""source"": ""Oxford 3000"", ""original_line"": ""class n.""}"
classroom,A1,,,"[""noun""]","{""parts_of_speech"": [""noun""], ""source"": ""Oxford 3000"", ""original_line"": ""classroom n.""}"
clean,A1,,,"[""verb"", ""adjective""]","{""parts_of_speech"": [""verb"", ""adjective""], ""source"": ""Oxford 3000"", ""original_line"": ""clean adj. , v.""}"
climb,A1,,,"[""verb""]","{""parts_of_speech"": [""verb""], ""source"": ""Oxford 3000"", ""original_line"": ""climb v.""}"
clock,A1,,,"[""noun""]","{""parts_of_speech"": [""noun""], ""source"": ""Oxford 3000"", ""original_line"": ""clock n.""}"
close,A1,,,"[""verb""]","{""parts_of_speech"": [""verb""], ""source"": ""Oxford 3000"", ""original_line"": ""close 1 v.""}"
clothes,A1,,,"[""noun""]","{""parts_of_speech"": [""noun""], ""source"": ""Oxford 3000"", ""original_line"": ""clothes n.""}"
club,A1,,,"[""noun""]","{""parts_of_speech"": [""noun""], ""source"": ""Oxford 3000"", ""original_line"": ""club n.""}"
coat,A1,,,"[""noun""]","{""parts_of_speech"": [""noun""], ""source"": ""Oxford 3000"", ""original_line"": ""coat n.""}"
coffee,A1,,,"[""noun""]","{""parts_of_speech"": [""noun""], ""source"": ""Oxford 3000"", ""original_line"": ""coffee n.""}"
cold,A1,,,"[""noun"", ""adjective""]","{""parts_of_speech"": [""noun"", ""adjective""], ""source"": ""Oxford 3000"", ""original_line"": ""cold adj. , n.""}"
college,A1,,,"[""noun""]","{""parts_of_speech"": [""noun""], ""source"": ""Oxford 3000"", ""original_line"": ""college n.""}"
colour,A1,,,"[""noun""]","{""parts_of_speech"": [""noun""], ""source"": ""Oxford 3000"", ""original_line"": ""colour n.""}"
come,A1,,,"[""verb""]","{""parts_of_speech"": [""verb""], ""source"": ""Oxford 3000"", ""original_line"": ""come v.""}"
common,A1,,,"[""adjective""]","{""parts_of_speech"": [""adjective""], ""source"": ""Oxford 3000"", ""original_line"": ""common adj.""}"
company,A1,,,"[""noun""]","{""parts_of_speech"": [""noun""], ""source"": ""Oxford 3000"", ""original_line"": ""company n.""}"
compare,A1,,,"[""verb""]","{""parts_of_speech"": [""verb""], ""source"": ""Oxford 3000"", ""original_line"": ""compare v.""}"
complete,A1,,,"[""verb"", ""adjective""]","{""parts_of_speech"": [""verb"", ""adjective""], ""source"": ""Oxford 3000"", ""original_line"": ""complete adj. , v.""}"
computer,A1,,,"[""noun""]","{""parts_of_speech"": [""noun""], ""source"": ""Oxford 3000"", ""original_line"": ""computer n.""}"
concert,A1,,,"[""noun""]","{""parts_of_speech"": [""noun""], ""source"": ""Oxford 3000"", ""original_line"": ""concert n.""}"
conversation,A1,,,"[""noun""]","{""parts_of_speech"": [""noun""], ""source"": ""Oxford 3000"", ""original_line"": ""conversation n.""}"
cook,A1,,,"[""verb""]","{""parts_of_speech"": [""verb""], ""source"": ""Oxford 3000"", ""original_line"": ""cook v.""}"
cooking,A1,,,"[""noun""]","{""parts_of_speech"": [""noun""], ""source"": ""Oxford 3000"", ""original_line"": ""cooking n.""}"
cool,A1,,,"[""adjective""]","{""parts_of_speech"": [""adjective""], ""source"": ""Oxford 3000"", ""original_line"": ""cool adj.""}"
correct,A1,,,"[""verb"", ""adjective""]","{""parts_of_speech"": [""verb"", ""adjective""], ""source"": ""Oxford 3000"", ""original_line"": ""correct adj. , v.""}"
cost,A1,,,"[""noun"", ""verb""]","{""parts_of_speech"": [""noun"", ""verb""], ""source"": ""Oxford 3000"", ""original_line"": ""cost n. , v.""}"
could,A1,,,"[""verb"", ""modal verb""]","{""parts_of_speech"": [""verb"", ""modal verb""], ""source"": ""Oxford 3000"", ""original_line"": ""could modal v.""}"
country,A1,,,"[""noun""]","{""parts_of_speech"": [""noun""], ""source"": ""Oxford 3000"", ""original_line"": ""country n.""}"
course,A1,,,"[""noun""]","{""parts_of_speech"": [""noun""], ""source"": ""Oxford 3000"", ""original_line"": ""course n.""}"
cousin,A1,,,"[""noun""]","{""parts_of_speech"": [""noun""], ""source"": ""Oxford 3000"", ""original_line"": ""cousin n.""}"
cow,A1,,,"[""noun""]","{""parts_of_speech"": [""noun""], ""source"": ""Oxford 3000"", ""original_line"": ""cow n.""}"
cream,A1,,,"[""noun""]","{""parts_of_speech"": [""noun""], ""source"": ""Oxford 3000"", ""original_line"": ""cream n.""}"
create,A1,,,"[""verb""]","{""parts_of_speech"": [""verb""], ""source"": ""Oxford 3000"", ""original_line"": ""create v.""}"
culture,A1,,,"[""noun""]","{""parts_of_speech"": [""noun""], ""source"": ""Oxford 3000"", ""original_line"": ""culture n.""}"
cup,A1,,,"[""noun""]","{""parts_of_speech"": [""noun""], ""source"": ""Oxford 3000"", ""original_line"": ""cup n.""}"
customer,A1,,,"[""noun""]","{""parts_of_speech"": [""noun""], ""source"": ""Oxford 3000"", ""original_line"": ""customer n.""}"
cut,A1,,,"[""noun"", ""verb""]","{""parts_of_speech"": [""noun"", ""verb""], ""source"": ""Oxford 3000"", ""original_line"": ""cut v.dad n.""}"
dance,A1,,,"[""noun"", ""verb""]","{""parts_of_speech"": [""noun"", ""verb""], ""source"": ""Oxford 3000"", ""original_line"": ""dance n. , v.""}"
dancer,A1,,,"[""noun""]","{""parts_of_speech"": [""noun""], ""source"": ""Oxford 3000"", ""original_line"": ""dancer n.""}"
dancing,A1,,,"[""noun""]","{""parts_of_speech"": [""noun""], ""source"": ""Oxford 3000"", ""original_line"": ""dancing n.""}"
dangerous,A1,,,"[""adjective""]","{""parts_of_speech"": [""adjective""], ""source"": ""Oxford 3000"", ""original_line"": ""dangerous adj.""}"
dark,A1,,,"[""adjective""]","{""parts_of_speech"": [""adjective""], ""source"": ""Oxford 3000"", ""original_line"": ""dark adj.""}"
date,A1,,,"[""noun""]","{""parts_of_speech"": [""noun""], ""source"": ""Oxford 3000"", ""original_line"": ""date n.""}"
daughter,A1,,,"[""noun""]","{""parts_of_speech"": [""noun""], ""source"": ""Oxford 3000"", ""original_line"": ""daughter n.""}"
day,A1,,,"[""noun""]","{""parts_of_speech"": [""noun""], ""source"": ""Oxford 3000"", ""original_line"": ""day n.""}"
dear,A1,,,"[""adjective""]","{""parts_of_speech"": [""adjective""], ""source"": ""Oxford 3000"", ""original_line"": ""dear adj.""}"
december,A1,,,"[""noun""]","{""parts_of_speech"": [""noun""], ""source"": ""Oxford 3000"", ""original_line"": ""December n.""}"
decide,A1,,,"[""verb""]","{""parts_of_speech"": [""verb""], ""source"": ""Oxford 3000"", ""original_line"": ""decide v.""}"
delicious,A1,,,"[""adjective""]","{""parts_of_speech"": [""adjective""], ""source"": ""Oxford 3000"", ""original_line"": ""delicious adj.""}"
describe,A1,,,"[""verb""]","{""parts_of_speech"": [""verb""], ""source"": ""Oxford 3000"", ""original_line"": ""describe v.""}"
description,A1,,,"[""noun""]","{""parts_of_speech"": [""noun""], ""source"": ""Oxford 3000"", ""original_line"": ""description n.""}"
design,A1,,,"[""noun"", ""verb""]","{""parts_of_speech"": [""noun"", ""verb""], ""source"": ""Oxford 3000"", ""original_line"": ""design n. , v.""}"
desk,A1,,,"[""noun""]","{""parts_of_speech"": [""noun""], ""source"": ""Oxford 3000"", ""original_line"": ""desk n.""}"
detail,A1,,,"[""noun""]","{""parts_of_speech"": [""noun""], ""source"": ""Oxford 3000"", ""original_line"": ""detail n.""}"
dialogue,A1,,,"[""noun""]","{""parts_of_speech"": [""noun""], ""source"": ""Oxford 3000"", ""original_line"": ""dialogue n.""}"
dictionary,A1,,,"[""noun""]","{""parts_of_speech"": [""noun""], ""source"": ""Oxford 3000"", ""original_line"": ""dictionary n.""}"
die,A1,,,"[""verb""]","{""parts_of_speech"": [""verb""], ""source"": ""Oxford 3000"", ""original_line"": ""die v.""}"
diet,A1,,,"[""noun""]","{""parts_of_speech"": [""noun""], ""source"": ""Oxford 3000"", ""original_line"": ""diet n.""}"
difference,A1,,,"[""noun""]","{""parts_of_speech"": [""noun""], ""source"": ""Oxford 3000"", ""original_line"": ""difference n.""}"
different,A1,,,"[""adjective""]","{""parts_of_speech"": [""adjective""], ""source"": ""Oxford 3000"", ""original_line"": ""different adj.""}"
difficult,A1,,,"[""adjective""]","{""parts_of_speech"": [""adjective""], ""source"": ""Oxford 3000"", ""original_line"": ""difficult adj.""}"
dinner,A1,,,"[""noun""]","{""parts_of_speech"": [""noun""], ""source"": ""Oxford 3000"", ""original_line"": ""dinner n.""}"
dirty,A1,,,"[""adjective""]","{""parts_of_speech"": [""adjective""], ""source"": ""Oxford 3000"", ""original_line"": ""dirty adj.""}"
discuss,A1,,,"[""verb""]","{""parts_of_speech"": [""verb""], ""source"": ""Oxford 3000"", ""original_line"": ""discuss v.""}"
dish,A1,,,"[""noun""]","{""parts_of_speech"": [""noun""], ""source"": ""Oxford 3000"", ""original_line"": ""dish n.""}"
doctor,A1,,,"[""noun""]","{""parts_of_speech"": [""noun""], ""source"": ""Oxford 3000"", ""original_line"": ""doctor n.""}"
dog,A1,,,"[""noun""]","{""parts_of_speech"": [""noun""], ""source"": ""Oxford 3000"", ""original_line"": ""dog n.""}"
dollar,A1,,,"[""noun""]","{""parts_of_speech"": [""noun""], ""source"": ""Oxford 3000"", ""original_line"": ""dollar n.""}"
door,A1,,,"[""noun""]","{""parts_of_speech"": [""noun""], ""source"": ""Oxford 3000"", ""original_line"": ""door n.""}"
down,A1,,,"[""verb"", ""adverb"", ""preposition""]","{""parts_of_speech"": [""verb"", ""adverb"", ""preposition""], ""source"": ""Oxford 3000"", ""original_line"": ""down adv. , prep.""}"
downstairs,A1,,,"[""verb"", ""adverb""]","{""parts_of_speech"": [""verb"", ""adverb""], ""source"": ""Oxford 3000"", ""original_line"": ""downstairs adv.""}"
draw,A1,,,"[""verb""]","{""parts_of_speech"": [""verb""], ""source"": ""Oxford 3000"", ""original_line"": ""draw v.""}"
dress,A1,,,"[""noun"", ""verb""]","{""parts_of_speech"": [""noun"", ""verb""], ""source"": ""Oxford 3000"", ""original_line"": ""dress n. , v.""}"
drink,A1,,,"[""noun"", ""verb""]","{""parts_of_speech"": [""noun"", ""verb""], ""source"": ""Oxford 3000"", ""original_line"": ""drink n. , v.""}"
drive,A1,,,"[""verb""]","{""parts_of_speech"": [""verb""], ""source"": ""Oxford 3000"", ""original_line"": ""drive v.""}"
driver,A1,,,"[""noun""]","{""parts_of_speech"": [""noun""], ""source"": ""Oxford 3000"", ""original_line"": ""driver n.""}"
during,A1,,,"[""preposition""]","{""parts_of_speech"": [""preposition""], ""source"": ""Oxford 3000"", ""original_line"": ""during prep.""}"
dvd,A1,,,"[""noun""]","{""parts_of_speech"": [""noun""], ""source"": ""Oxford 3000"", ""original_line"": ""DVD n.""}"
each,A1,,,"[""noun"", ""verb"", ""adverb"", ""determiner"", ""pronoun""]","{""parts_of_speech"": [""noun"", ""verb"", ""adverb"", ""determiner"", ""pronoun""], ""source"": ""Oxford 3000"", ""original_line"": ""each det./pron./adv.""}"
ear,A1,,,"[""noun""]","{""parts_of_speech"": [""noun""], ""source"": ""Oxford 3000"", ""original_line"": ""ear n.""}"
early,A1,,,"[""verb"", ""adjective"", ""adverb""]","{""parts_of_speech"": [""verb"", ""adjective"", ""adverb""], ""source"": ""Oxford 3000"", ""original_line"": ""early adj. , adv.""}"
east,A1,,,"[""noun"", ""verb"", ""adjective"", ""adverb""]","{""parts_of_speech"": [""noun"", ""verb"", ""adjective"", ""adverb""], ""source"": ""Oxford 3000"", ""original_line"": ""east n. , adj. , adv.""}"
easy,A1,,,"[""adjective""]","{""parts_of_speech"": [""adjective""], ""source"": ""Oxford 3000"", ""original_line"": ""easy adj.""}"
eat,A1,,,"[""verb""]","{""parts_of_speech"": [""verb""], ""source"": ""Oxford 3000"", ""original_line"": ""eat v.""}"
egg,A1,,,"[""noun""]","{""parts_of_speech"": [""noun""], ""source"": ""Oxford 3000"", ""original_line"": ""egg n.""}"
eight,A1,,,"[""noun""]","{""parts_of_speech"": [""noun""], ""source"": ""Oxford 3000"", ""original_line"": ""eight number""}"
eighteen,A1,,,"[""noun""]","{""parts_of_speech"": [""noun""], ""source"": ""Oxford 3000"", ""original_line"": ""eighteen number""}"
eighty,A1,,,"[""noun""]","{""parts_of_speech"": [""noun""], ""source"": ""Oxford 3000"", ""original_line"": ""eighty number""}"
elephant,A1,,,"[""noun""]","{""parts_of_speech"": [""noun""], ""source"": ""Oxford 3000"", ""original_line"": ""elephant n.""}"
eleven,A1,,,"[""noun""]","{""parts_of_speech"": [""noun""], ""source"": ""Oxford 3000"", ""original_line"": ""eleven number""}"
else,A1,,,"[""verb"", ""adverb""]","{""parts_of_speech"": [""verb"", ""adverb""], ""source"": ""Oxford 3000"", ""original_line"": ""else adv.""}"
email,A1,,,"[""noun"", ""verb""]","{""parts_of_speech"": [""noun"", ""verb""], ""source"": ""Oxford 3000"", ""original_line"": ""email n. , v.""}"
end,A1,,,"[""noun"", ""verb""]","{""parts_of_speech"": [""noun"", ""verb""], ""source"": ""Oxford 3000"", ""original_line"": ""end n. , v.""}"
enjoy,A1,,,"[""verb""]","{""parts_of_speech"": [""verb""], ""source"": ""Oxford 3000"", ""original_line"": ""enjoy v.""}"
enough,A1,,,"[""noun"", ""verb"", ""adverb"", ""determiner"", ""pronoun""]","{""parts_of_speech"": [""noun"", ""verb"", ""adverb"", ""determiner"", ""pronoun""], ""source"": ""Oxford 3000"", ""original_line"": ""enough det. , pron. , adv.""}"
euro,A1,,,"[""noun""]","{""parts_of_speech"": [""noun""], ""source"": ""Oxford 3000"", ""original_line"": ""euro n.""}"
evening,A1,,,"[""noun""]","{""parts_of_speech"": [""noun""], ""source"": ""Oxford 3000"", ""original_line"": ""evening n.""}"
event,A1,,,"[""noun""]","{""parts_of_speech"": [""noun""], ""source"": ""Oxford 3000"", ""original_line"": ""event n.""}"
ever,A1,,,"[""verb"", ""adverb""]","{""parts_of_speech"": [""verb"", ""adverb""], ""source"": ""Oxford 3000"", ""original_line"": ""ever adv.""}"
every,A1,,,"[""determiner""]","{""parts_of_speech"": [""determiner""], ""source"": ""Oxford 3000"", ""original_line"": ""every det.""}"
everybody,A1,,,"[""noun"", ""pronoun""]","{""parts_of_speech"": [""noun"", ""pronoun""], ""source"": ""Oxford 3000"", ""original_line"": ""everybody pron.""}"
everyone,A1,,,"[""noun"", ""pronoun""]","{""parts_of_speech"": [""noun"", ""pronoun""], ""source"": ""Oxford 3000"", ""original_line"": ""everyone pron.""}"
everything,A1,,,"[""noun"", ""pronoun""]","{""parts_of_speech"": [""noun"", ""pronoun""], ""source"": ""Oxford 3000"", ""original_line"": ""everything pron.""}"
exam,A1,,,"[""noun""]","{""parts_of_speech"": [""noun""], ""source"": ""Oxford 3000"", ""original_line"": ""exam n.""}"
example,A1,,,"[""noun""]","{""parts_of_speech"": [""noun""], ""source"": ""Oxford 3000"", ""original_line"": ""example n.""}"
excited,A1,,,"[""adjective""]","{""parts_of_speech"": [""adjective""], ""source"": ""Oxford 3000"", ""original_line"": ""excited adj.""}"
exciting,A1,,,"[""adjective""]","{""parts_of_speech"": [""adjective""], ""source"": ""Oxford 3000"", ""original_line"": ""exciting adj.""}"
exercise,A1,,,"[""noun"", ""verb""]","{""parts_of_speech"": [""noun"", ""verb""], ""source"": ""Oxford 3000"", ""original_line"": ""exercise n. , v.""}"
expensive,A1,,,"[""adjective""]","{""parts_of_speech"": [""adjective""], ""source"": ""Oxford 3000"", ""original_line"": ""expensive adj.""}"
explain,A1,,,"[""verb""]","{""parts_of_speech"": [""verb""], ""source"": ""Oxford 3000"", ""original_line"": ""explain v.""}"
extra,A1,,,"[""adjective""]","{""parts_of_speech"": [""adjective""], ""source"": ""Oxford 3000"", ""original_line"": ""extra adj.""}"
eye,A1,,,"[""noun""]","{""parts_of_speech"": [""noun""], ""source"": ""Oxford 3000"", ""original_line"": ""eye n.""}"
face,A1,,,"[""noun""]","{""parts_of_speech"": [""noun""], ""source"": ""Oxford 3000"", ""original_line"": ""face n.""}"
fact,A1,,,"[""noun""]","{""parts_of_speech"": [""noun""], ""source"": ""Oxford 3000"", ""original_line"": ""fact n.""}"
fall,A1,,,"[""verb""]","{""parts_of_speech"": [""verb""], ""source"": ""Oxford 3000"", ""original_line"": ""fall v.""}"
false,A1,,,"[""adjective""]","{""parts_of_speech"": [""adjective""], ""source"": ""Oxford 3000"", ""original_line"": ""false adj.""}"
family,A1,,,"[""noun"", ""adjective""]","{""parts_of_speech"": [""noun"", ""adjective""], ""source"": ""Oxford 3000"", ""original_line"": ""family n. , adj.""}"
famous,A1,,,"[""adjective""]","{""parts_of_speech"": [""adjective""], ""source"": ""Oxford 3000"", ""original_line"": ""famous adj.""}"
fantastic,A1,,,"[""adjective""]","{""parts_of_speech"": [""adjective""], ""source"": ""Oxford 3000"", ""original_line"": ""fantastic adj.""}"
far,A1,,,"[""verb"", ""adverb""]","{""parts_of_speech"": [""verb"", ""adverb""], ""source"": ""Oxford 3000"", ""original_line"": ""far adv.""}"
farm,A1,,,"[""noun""]","{""parts_of_speech"": [""noun""], ""source"": ""Oxford 3000"", ""original_line"": ""farm n.""}"
farmer,A1,,,"[""noun""]","{""parts_of_speech"": [""noun""], ""source"": ""Oxford 3000"", ""original_line"": ""farmer n.""}"
fast,A1,,,"[""verb"", ""adjective"", ""adverb""]","{""parts_of_speech"": [""verb"", ""adjective"", ""adverb""], ""source"": ""Oxford 3000"", ""original_line"": ""fast adj. , adv.""}"
fat,A1,,,"[""adjective""]","{""parts_of_speech"": [""adjective""], ""source"": ""Oxford 3000"", ""original_line"": ""fat adj.""}"
father,A1,,,"[""noun""]","{""parts_of_speech"": [""noun""], ""source"": ""Oxford 3000"", ""original_line"": ""father n.""}"
favourite,A1,,,"[""noun"", ""adjective""]","{""parts_of_speech"": [""noun"", ""adjective""], ""source"": ""Oxford 3000"", ""original_line"": ""favourite adj. , n.""}"
february,A1,,,"[""noun""]","{""parts_of_speech"": [""noun""], ""source"": ""Oxford 3000"", ""original_line"": ""February n.""}"
feel,A1,,,"[""verb""]","{""parts_of_speech"": [""verb""], ""source"": ""Oxford 3000"", ""original_line"": ""feel v.""}"
feeling,A1,,,"[""noun""]","{""parts_of_speech"": [""noun""], ""source"": ""Oxford 3000"", ""original_line"": ""feeling n.""}"
festival,A1,,,"[""noun""]","{""parts_of_speech"": [""noun""], ""source"": ""Oxford 3000"", ""original_line"": ""festival n.""}"
few,A1,,,"[""noun"", ""adjective"", ""determiner"", ""pronoun""]","{""parts_of_speech"": [""noun"", ""adjective"", ""determiner"", ""pronoun""], ""source"": ""Oxford 3000"", ""original_line"": ""few det./adj. , pron.""}"
fifteen,A1,,,"[""noun""]","{""parts_of_speech"": [""noun""], ""source"": ""Oxford 3000"", ""original_line"": ""fifteen number""}"
fifth,A1,,,"[""noun""]","{""parts_of_speech"": [""noun""], ""source"": ""Oxford 3000"", ""original_line"": ""fifth number""}"
fifty,A1,,,"[""noun""]","{""parts_of_speech"": [""noun""], ""source"": ""Oxford 3000"", ""original_line"": ""fifty number""}"
fill,A1,,,"[""verb""]","{""parts_of_speech"": [""verb""], ""source"": ""Oxford 3000"", ""original_line"": ""fill v.""}"
film,A1,,,"[""noun""]","{""parts_of_speech"": [""noun""], ""source"": ""Oxford 3000"", ""original_line"": ""film n.""}"
final,A1,,,"[""adjective""]","{""parts_of_speech"": [""adjective""], ""source"": ""Oxford 3000"", ""original_line"": ""final adj.""}"
find,A1,,,"[""verb""]","{""parts_of_speech"": [""verb""], ""source"": ""Oxford 3000"", ""original_line"": ""find v.""}"
fine,A1,,,"[""adjective""]","{""parts_of_speech"": [""adjective""], ""source"": ""Oxford 3000"", ""original_line"": ""fine adj.""}"
finish,A1,,,"[""verb""]","{""parts_of_speech"": [""verb""], ""source"": ""Oxford 3000"", ""original_line"": ""finish v.""}"
fire,A1,,,"[""noun""]","{""parts_of_speech"": [""noun""], ""source"": ""Oxford 3000"", ""original_line"": ""fire n.""}"
first,A1,,,"[""noun"", ""verb"", ""adverb"", ""determiner""]","{""parts_of_speech"": [""noun"", ""verb"", ""adverb"", ""determiner""], ""source"": ""Oxford 3000"", ""original_line"": ""first det./number , adv.""}"
fish,A1,,,"[""noun""]","{""parts_of_speech"": [""noun""], ""source"": ""Oxford 3000"", ""original_line"": ""fish n.""}"
five,A1,,,"[""noun""]","{""parts_of_speech"": [""noun""], ""source"": ""Oxford 3000"", ""original_line"": ""five number""}"
flat,A1,,,"[""noun""]","{""parts_of_speech"": [""noun""], ""source"": ""Oxford 3000"", ""original_line"": ""flat n.""}"
flight,A1,,,"[""noun""]","{""parts_of_speech"": [""noun""], ""source"": ""Oxford 3000"", ""original_line"": ""flight n.""}"
floor,A1,,,"[""noun""]","{""parts_of_speech"": [""noun""], ""source"": ""Oxford 3000"", ""original_line"": ""floor n.""}"
flower,A1,,,"[""noun""]","{""parts_of_speech"": [""noun""], ""source"": ""Oxford 3000"", ""original_line"": ""flower n.""}"
fly,A1,,,"[""verb""]","{""parts_of_speech"": [""verb""], ""source"": ""Oxford 3000"", ""original_line"": ""fly v.""}"
follow,A1,,,"[""verb""]","{""parts_of_speech"": [""verb""], ""source"": ""Oxford 3000"", ""original_line"": ""follow v.""}"
food,A1,,,"[""noun""]","{""parts_of_speech"": [""noun""], ""source"": ""Oxford 3000"", ""original_line"": ""food n.""}"
foot,A1,,,"[""noun""]","{""parts_of_speech"": [""noun""], ""source"": ""Oxford 3000"", ""original_line"": ""foot n.""}"
football,A1,,,"[""noun""]","{""parts_of_speech"": [""noun""], ""source"": ""Oxford 3000"", ""original_line"": ""football n.""}"
for,A1,,,"[""preposition""]","{""parts_of_speech"": [""preposition""], ""source"": ""Oxford 3000"", ""original_line"": ""for prep.""}"
forget,A1,,,"[""verb""]","{""parts_of_speech"": [""verb""], ""source"": ""Oxford 3000"", ""original_line"": ""forget v.""}"
form,A1,,,"[""noun"", ""verb""]","{""parts_of_speech"": [""noun"", ""verb""], ""source"": ""Oxford 3000"", ""original_line"": ""form n. , v.""}"
forty,A1,,,"[""noun""]","{""parts_of_speech"": [""noun""], ""source"": ""Oxford 3000"", ""original_line"": ""forty number""}"
four,A1,,,"[""noun""]","{""parts_of_speech"": [""noun""], ""source"": ""Oxford 3000"", ""original_line"": ""four number""}"
fourteen,A1,,,"[""noun""]","{""parts_of_speech"": [""noun""], ""source"": ""Oxford 3000"", ""original_line"": ""fourteen number""}"
fourth,A1,,,"[""noun""]","{""parts_of_speech"": [""noun""], ""source"": ""Oxford 3000"", ""original_line"": ""fourth number""}"
free,A1,,,"[""adjective""]","{""parts_of_speech"": [""adjective""], ""source"": ""Oxford 3000"", ""original_line"": ""free adj.""}"
friday,A1,,,"[""noun""]","{""parts_of_speech"": [""noun""], ""source"": ""Oxford 3000"", ""original_line"": ""Friday n.""}"
friend,A1,,,"[""noun""]","{""parts_of_speech"": [""noun""], ""source"": ""Oxford 3000"", ""original_line"": ""friend n.""}"
friendly,A1,,,"[""adjective""]","{""parts_of_speech"": [""adjective""], ""source"": ""Oxford 3000"", ""original_line"": ""friendly adj.""}"
from,A1,,,"[""noun"", ""adjective"", ""preposition""]","{""parts_of_speech"": [""noun"", ""adjective"", ""preposition""], ""source"": ""Oxford 3000"", ""original_line"": ""from prep.front n. , adj.""}"
fruit,A1,,,"[""noun""]","{""parts_of_speech"": [""noun""], ""source"": ""Oxford 3000"", ""original_line"": ""fruit n.""}"
full,A1,,,"[""adjective""]","{""parts_of_speech"": [""adjective""], ""source"": ""Oxford 3000"", ""original_line"": ""full adj.""}"
fun,A1,,,"[""noun""]","{""parts_of_speech"": [""noun""], ""source"": ""Oxford 3000"", ""original_line"": ""fun n.""}"
funny,A1,,,"[""adjective""]","{""parts_of_speech"": [""adjective""], ""source"": ""Oxford 3000"", ""original_line"": ""funny adj.""}"
future,A1,,,"[""noun""]","{""parts_of_speech"": [""noun""], ""source"": ""Oxford 3000"", ""original_line"": ""future n.""}"
game,A1,,,"[""noun""]","{""parts_of_speech"": [""noun""], ""source"": ""Oxford 3000"", ""original_line"": ""game n.""}"
garden,A1,,,"[""noun""]","{""parts_of_speech"": [""noun""], ""source"": ""Oxford 3000"", ""original_line"": ""garden n.""}"
geography,A1,,,"[""noun""]","{""parts_of_speech"": [""noun""], ""source"": ""Oxford 3000"", ""original_line"": ""geography n.""}"
get,A1,,,"[""verb""]","{""parts_of_speech"": [""verb""], ""source"": ""Oxford 3000"", ""original_line"": ""get v.""}"
girl,A1,,,"[""noun""]","{""parts_of_speech"": [""noun""], ""source"": ""Oxford 3000"", ""original_line"": ""girl n.""}"
girlfriend,A1,,,"[""noun""]","{""parts_of_speech"": [""noun""], ""source"": ""Oxford 3000"", ""original_line"": ""girlfriend n.""}"
give,A1,,,"[""verb""]","{""parts_of_speech"": [""verb""], ""source"": ""Oxford 3000"", ""original_line"": ""give v.""}"
glass,A1,,,"[""noun""]","{""parts_of_speech"": [""noun""], ""source"": ""Oxford 3000"", ""original_line"": ""glass n.""}"
go,A1,,,"[""verb""]","{""parts_of_speech"": [""verb""], ""source"": ""Oxford 3000"", ""original_line"": ""go v.""}"
good,A1,,,"[""adjective""]","{""parts_of_speech"": [""adjective""], ""source"": ""Oxford 3000"", ""original_line"": ""good adj.""}"
goodbye,A1,,,"[""noun"", ""exclamation""]","{""parts_of_speech"": [""noun"", ""exclamation""], ""source"": ""Oxford 3000"", ""original_line"": ""goodbye exclam./n.""}"
grandfather,A1,,,"[""noun""]","{""parts_of_speech"": [""noun""], ""source"": ""Oxford 3000"", ""original_line"": ""grandfather n.""}"
grandmother,A1,,,"[""noun""]","{""parts_of_speech"": [""noun""], ""source"": ""Oxford 3000"", ""original_line"": ""grandmother n.""}"
grandparent,A1,,,"[""noun""]","{""parts_of_speech"": [""noun""], ""source"": ""Oxford 3000"", ""original_line"": ""grandparent n.""}"
great,A1,,,"[""adjective""]","{""parts_of_speech"": [""adjective""], ""source"": ""Oxford 3000"", ""original_line"": ""great adj.""}"
green,A1,,,"[""noun"", ""adjective""]","{""parts_of_speech"": [""noun"", ""adjective""], ""source"": ""Oxford 3000"", ""original_line"": ""green adj. , n.""}"
grey,A1,,,"[""noun"", ""adjective""]","{""parts_of_speech"": [""noun"", ""adjective""], ""source"": ""Oxford 3000"", ""original_line"": ""grey adj. , n.""}"
group,A1,,,"[""noun""]","{""parts_of_speech"": [""noun""], ""source"": ""Oxford 3000"", ""original_line"": ""group n.""}"
grow,A1,,,"[""verb""]","{""parts_of_speech"": [""verb""], ""source"": ""Oxford 3000"", ""original_line"": ""grow v.""}"
guess,A1,,,"[""noun"", ""verb""]","{""parts_of_speech"": [""noun"", ""verb""], ""source"": ""Oxford 3000"", ""original_line"": ""guess v. , n.""}"
guitar,A1,,,"[""noun""]","{""parts_of_speech"": [""noun""], ""source"": ""Oxford 3000"", ""original_line"": ""guitar n.""}"
gym,A1,,,"[""noun""]","{""parts_of_speech"": [""noun""], ""source"": ""Oxford 3000"", ""original_line"": ""gym n.""}"
hair,A1,,,"[""noun""]","{""parts_of_speech"": [""noun""], ""source"": ""Oxford 3000"", ""original_line"": ""hair n.""}"
half,A1,,,"[""noun"", ""determiner"", ""pronoun""]","{""parts_of_speech"": [""noun"", ""determiner"", ""pronoun""], ""source"": ""Oxford 3000"", ""original_line"": ""half n. , det./pron.""}"
hand,A1,,,"[""noun""]","{""parts_of_speech"": [""noun""], ""source"": ""Oxford 3000"", ""original_line"": ""hand n.""}"
happen,A1,,,"[""verb""]","{""parts_of_speech"": [""verb""], ""source"": ""Oxford 3000"", ""original_line"": ""happen v.""}"
happy,A1,,,"[""adjective""]","{""parts_of_speech"": [""adjective""], ""source"": ""Oxford 3000"", ""original_line"": ""happy adj.""}"
hard,A1,,,"[""verb"", ""adjective"", ""adverb""]","{""parts_of_speech"": [""verb"", ""adjective"", ""adverb""], ""source"": ""Oxford 3000"", ""original_line"": ""hard adj. , adv.""}"
hat,A1,,,"[""noun""]","{""parts_of_speech"": [""noun""], ""source"": ""Oxford 3000"", ""original_line"": ""hat n.""}"
hate,A1,,,"[""verb""]","{""parts_of_speech"": [""verb""], ""source"": ""Oxford 3000"", ""original_line"": ""hate v.""}"
have,A1,,,"[""verb""]","{""parts_of_speech"": [""verb""], ""source"": ""Oxford 3000"", ""original_line"": ""have v.""}"
he,A1,,,"[""noun"", ""pronoun""]","{""parts_of_speech"": [""noun"", ""pronoun""], ""source"": ""Oxford 3000"", ""original_line"": ""he pron.""}"
head,A1,,,"[""noun""]","{""parts_of_speech"": [""noun""], ""source"": ""Oxford 3000"", ""original_line"": ""head n.""}"
health,A1,,,"[""noun""]","{""parts_of_speech"": [""noun""], ""source"": ""Oxford 3000"", ""original_line"": ""health n.""}"
healthy,A1,,,"[""adjective""]","{""parts_of_speech"": [""adjective""], ""source"": ""Oxford 3000"", ""original_line"": ""healthy adj.""}"
hear,A1,,,"[""verb""]","{""parts_of_speech"": [""verb""], ""source"": ""Oxford 3000"", ""original_line"": ""hear v.""}"
hello,A1,,,"[""noun"", ""exclamation""]","{""parts_of_speech"": [""noun"", ""exclamation""], ""source"": ""Oxford 3000"", ""original_line"": ""hello exclam./n.""}"
help,A1,,,"[""noun"", ""verb""]","{""parts_of_speech"": [""noun"", ""verb""], ""source"": ""Oxford 3000"", ""original_line"": ""help v. , n.""}"
her,A1,,,"[""noun"", ""determiner"", ""pronoun""]","{""parts_of_speech"": [""noun"", ""determiner"", ""pronoun""], ""source"": ""Oxford 3000"", ""original_line"": ""her pron. , det.""}"
here,A1,,,"[""verb"", ""adverb""]","{""parts_of_speech"": [""verb"", ""adverb""], ""source"": ""Oxford 3000"", ""original_line"": ""here adv.""}"
hey,A1,,,"[""exclamation""]","{""parts_of_speech"": [""exclamation""], ""source"": ""Oxford 3000"", ""original_line"": ""hey exclam.""}"
hi,A1,,,"[""exclamation""]","{""parts_of_speech"": [""exclamation""], ""source"": ""Oxford 3000"", ""original_line"": ""hi exclam.""}"
high,A1,,,"[""adjective""]","{""parts_of_speech"": [""adjective""], ""source"": ""Oxford 3000"", ""original_line"": ""high adj.""}"
him,A1,,,"[""noun"", ""pronoun""]","{""parts_of_speech"": [""noun"", ""pronoun""], ""source"": ""Oxford 3000"", ""original_line"": ""him pron.""}"
his,A1,,,"[""determiner""]","{""parts_of_speech"": [""determiner""], ""source"": ""Oxford 3000"", ""original_line"": ""his det.""}"
history,A1,,,"[""noun""]","{""parts_of_speech"": [""noun""], ""source"": ""Oxford 3000"", ""original_line"": ""history n.""}"
hobby,A1,,,"[""noun""]","{""parts_of_speech"": [""noun""], ""source"": ""Oxford 3000"", ""original_line"": ""hobby n.""}"
holiday,A1,,,"[""noun""]","{""parts_of_speech"": [""noun""], ""source"": ""Oxford 3000"", ""original_line"": ""holiday n.""}"
home,A1,,,"[""noun"", ""verb"", ""adverb""]","{""parts_of_speech"": [""noun"", ""verb"", ""adverb""], ""source"": ""Oxford 3000"", ""original_line"": ""home n. , adv.""}"
homework,A1,,,"[""noun""]","{""parts_of_speech"": [""noun""], ""source"": ""Oxford 3000"", ""original_line"": ""homework n.""}"
hope,A1,,,"[""verb""]","{""parts_of_speech"": [""verb""], ""source"": ""Oxford 3000"", ""original_line"": ""hope v.""}"
horse,A1,,,"[""noun""]","{""parts_of_speech"": [""noun""], ""source"": ""Oxford 3000"", ""original_line"": ""horse n.""}"
hospital,A1,,,"[""noun""]","{""parts_of_speech"": [""noun""], ""source"": ""Oxford 3000"", ""original_line"": ""hospital n.""}"
hot,A1,,,"[""adjective""]","{""parts_of_speech"": [""adjective""], ""source"": ""Oxford 3000"", ""original_line"": ""hot adj.""}"
hotel,A1,,,"[""noun""]","{""parts_of_speech"": [""noun""], ""source"": ""Oxford 3000"", ""original_line"": ""hotel n.""}"
hour,A1,,,"[""noun""]","{""parts_of_speech"": [""noun""], ""source"": ""Oxford 3000"", ""original_line"": ""hour n.""}"
house,A1,,,"[""noun""]","{""parts_of_speech"": [""noun""], ""source"": ""Oxford 3000"", ""original_line"": ""house n.""}"
how,A1,,,"[""verb"", ""adverb""]","{""parts_of_speech"": [""verb"", ""adverb""], ""source"": ""Oxford 3000"", ""original_line"": ""how adv.""}"
however,A1,,,"[""verb"", ""adverb""]","{""parts_of_speech"": [""verb"", ""adverb""], ""source"": ""Oxford 3000"", ""original_line"": ""however adv.""}"
hundred,A1,,,"[""noun""]","{""parts_of_speech"": [""noun""], ""source"": ""Oxford 3000"", ""original_line"": ""hundred number""}"
hungry,A1,,,"[""adjective""]","{""parts_of_speech"": [""adjective""], ""source"": ""Oxford 3000"", ""original_line"": ""hungry adj.""}"
husband,A1,,,"[""noun""]","{""parts_of_speech"": [""noun""], ""source"": ""Oxford 3000"", ""original_line"": ""husband n.""}"
ice,A1,,,"[""noun""]","{""parts_of_speech"": [""noun""], ""source"": ""Oxford 3000"", ""original_line"": ""ice\u00a0cream n.""}"
idea,A1,,,"[""noun""]","{""parts_of_speech"": [""noun""], ""source"": ""Oxford 3000"", ""original_line"": ""idea n.""}"
if,A1,,,"[""noun"", ""conjunction""]","{""parts_of_speech"": [""noun"", ""conjunction""], ""source"": ""Oxford 3000"", ""original_line"": ""if conj.""}"
imagine,A1,,,"[""verb""]","{""parts_of_speech"": [""verb""], ""source"": ""Oxford 3000"", ""original_line"": ""imagine v.""}"
important,A1,,,"[""adjective""]","{""parts_of_speech"": [""adjective""], ""source"": ""Oxford 3000"", ""original_line"": ""important adj.""}"
improve,A1,,,"[""verb""]","{""parts_of_speech"": [""verb""], ""source"": ""Oxford 3000"", ""original_line"": ""improve v.""}"
in,A1,,,"[""verb"", ""adverb"", ""preposition""]","{""parts_of_speech"": [""verb"", ""adverb"", ""preposition""], ""source"": ""Oxford 3000"", ""original_line"": ""in prep. , adv.""}"
include,A1,,,"[""verb""]","{""parts_of_speech"": [""verb""], ""source"": ""Oxford 3000"", ""original_line"": ""include v.""}"
information,A1,,,"[""noun""]","{""parts_of_speech"": [""noun""], ""source"": ""Oxford 3000"", ""original_line"": ""information n.""}"
interest,A1,,,"[""noun"", ""verb""]","{""parts_of_speech"": [""noun"", ""verb""], ""source"": ""Oxford 3000"", ""original_line"": ""interest n. , v.""}"
interested,A1,,,"[""adjective""]","{""parts_of_speech"": [""adjective""], ""source"": ""Oxford 3000"", ""original_line"": ""interested adj.""}"
interesting,A1,,,"[""adjective""]","{""parts_of_speech"": [""adjective""], ""source"": ""Oxford 3000"", ""original_line"": ""interesting adj.""}"
internet,A1,,,"[""noun""]","{""parts_of_speech"": [""noun""], ""source"": ""Oxford 3000"", ""original_line"": ""internet n.""}"
interview,A1,,,"[""noun"", ""verb""]","{""parts_of_speech"": [""noun"", ""verb""], ""source"": ""Oxford 3000"", ""original_line"": ""interview n. , v.""}"
into,A1,,,"[""preposition""]","{""parts_of_speech"": [""preposition""], ""source"": ""Oxford 3000"", ""original_line"": ""into prep.""}"
introduce,A1,,,"[""verb""]","{""parts_of_speech"": [""verb""], ""source"": ""Oxford 3000"", ""original_line"": ""introduce v.""}"
island,A1,,,"[""noun""]","{""parts_of_speech"": [""noun""], ""source"": ""Oxford 3000"", ""original_line"": ""island n.""}"
it,A1,,,"[""noun"", ""pronoun""]","{""parts_of_speech"": [""noun"", ""pronoun""], ""source"": ""Oxford 3000"", ""original_line"": ""it pron.""}"
its,A1,,,"[""determiner""]","{""parts_of_speech"": [""determiner""], ""source"": ""Oxford 3000"", ""original_line"": ""its det.""}"
jacket,A1,,,"[""noun""]","{""parts_of_speech"": [""noun""], ""source"": ""Oxford 3000"", ""original_line"": ""jacket n.""}"
january,A1,,,"[""noun""]","{""parts_of_speech"": [""noun""], ""source"": ""Oxford 3000"", ""original_line"": ""January n.""}"
jeans,A1,,,"[""noun""]","{""parts_of_speech"": [""noun""], ""source"": ""Oxford 3000"", ""original_line"": ""jeans n.""}"
job,A1,,,"[""noun""]","{""parts_of_speech"": [""noun""], ""source"": ""Oxford 3000"", ""original_line"": ""job n.""}"
join,A1,,,"[""verb""]","{""parts_of_speech"": [""verb""], ""source"": ""Oxford 3000"", ""original_line"": ""join v.""}"
journey,A1,,,"[""noun""]","{""parts_of_speech"": [""noun""], ""source"": ""Oxford 3000"", ""original_line"": ""journey n.""}"
juice,A1,,,"[""noun""]","{""parts_of_speech"": [""noun""], ""source"": ""Oxford 3000"", ""original_line"": ""juice n.""}"
july,A1,,,"[""noun""]","{""parts_of_speech"": [""noun""], ""source"": ""Oxford 3000"", ""original_line"": ""July n.""}"
june,A1,,,"[""noun""]","{""parts_of_speech"": [""noun""], ""source"": ""Oxford 3000"", ""original_line"": ""June n.""}"
just,A1,,,"[""verb"", ""adverb""]","{""parts_of_speech"": [""verb"", ""adverb""], ""source"": ""Oxford 3000"", ""original_line"": ""just adv.""}"
keep,A1,,,"[""verb""]","{""parts_of_speech"": [""verb""], ""source"": ""Oxford 3000"", ""original_line"": ""keep v.""}"
key,A1,,,"[""noun"", ""adjective""]","{""parts_of_speech"": [""noun"", ""adjective""], ""source"": ""Oxford 3000"", ""original_line"": ""key n. , adj.""}"
kilometre,A1,,,"[""noun""]","{""parts_of_speech"": [""noun""], ""source"": ""Oxford 3000"", ""original_line"": ""kilometre n.""}"
kind,A1,,,"[""noun""]","{""parts_of_speech"": [""noun""], ""source"": ""Oxford 3000"", ""original_line"": ""kind (type) n.""}"
kitchen,A1,,,"[""noun""]","{""parts_of_speech"": [""noun""], ""source"": ""Oxford 3000"", ""original_line"": ""kitchen n.""}"
know,A1,,,"[""verb""]","{""parts_of_speech"": [""verb""], ""source"": ""Oxford 3000"", ""original_line"": ""know v.""}"
land,A1,,,"[""noun""]","{""parts_of_speech"": [""noun""], ""source"": ""Oxford 3000"", ""original_line"": ""land n.""}"
language,A1,,,"[""noun""]","{""parts_of_speech"": [""noun""], ""source"": ""Oxford 3000"", ""original_line"": ""language n.""}"
large,A1,,,"[""adjective""]","{""parts_of_speech"": [""adjective""], ""source"": ""Oxford 3000"", ""original_line"": ""large adj.""}"
late,A1,,,"[""verb"", ""adjective"", ""adverb""]","{""parts_of_speech"": [""verb"", ""adjective"", ""adverb""], ""source"": ""Oxford 3000"", ""original_line"": ""late adj. , adv.""}"
later,A1,,,"[""verb"", ""adverb""]","{""parts_of_speech"": [""verb"", ""adverb""], ""source"": ""Oxford 3000"", ""original_line"": ""later adv.""}"
laugh,A1,,,"[""noun"", ""verb""]","{""parts_of_speech"": [""noun"", ""verb""], ""source"": ""Oxford 3000"", ""original_line"": ""laugh v. , n.""}"
learn,A1,,,"[""verb""]","{""parts_of_speech"": [""verb""], ""source"": ""Oxford 3000"", ""original_line"": ""learn v.""}"
leave,A1,,,"[""verb""]","{""parts_of_speech"": [""verb""], ""source"": ""Oxford 3000"", ""original_line"": ""leave v.""}"
left,A1,,,"[""noun"", ""verb"", ""adjective"", ""adverb""]","{""parts_of_speech"": [""noun"", ""verb"", ""adjective"", ""adverb""], ""source"": ""Oxford 3000"", ""original_line"": ""left adj. , adv. , n.""}"
leg,A1,,,"[""noun""]","{""parts_of_speech"": [""noun""], ""source"": ""Oxford 3000"", ""original_line"": ""leg n.""}"
lesson,A1,,,"[""noun""]","{""parts_of_speech"": [""noun""], ""source"": ""Oxford 3000"", ""original_line"": ""lesson n.""}"
let,A1,,,"[""verb""]","{""parts_of_speech"": [""verb""], ""source"": ""Oxford 3000"", ""original_line"": ""let v.""}"
letter,A1,,,"[""noun""]","{""parts_of_speech"": [""noun""], ""source"": ""Oxford 3000"", ""original_line"": ""letter n.""}"
library,A1,,,"[""noun""]","{""parts_of_speech"": [""noun""], ""source"": ""Oxford 3000"", ""original_line"": ""library n.""}"
life,A1,,,"[""noun""]","{""parts_of_speech"": [""noun""], ""source"": ""Oxford 3000"", ""original_line"": ""life n.""}"
light,A1,,,"[""noun""]","{""parts_of_speech"": [""noun""], ""source"": ""Oxford 3000"", ""original_line"": ""light (from the sun/a lamp) n. ,""}"
like,A1,,,"[""preposition""]","{""parts_of_speech"": [""preposition""], ""source"": ""Oxford 3000"", ""original_line"": ""like (similar) prep.""}"
line,A1,,,"[""noun""]","{""parts_of_speech"": [""noun""], ""source"": ""Oxford 3000"", ""original_line"": ""line n.""}"
lion,A1,,,"[""noun""]","{""parts_of_speech"": [""noun""], ""source"": ""Oxford 3000"", ""original_line"": ""lion n.""}"
list,A1,,,"[""noun"", ""verb""]","{""parts_of_speech"": [""noun"", ""verb""], ""source"": ""Oxford 3000"", ""original_line"": ""list n. , v.""}"
listen,A1,,,"[""verb""]","{""parts_of_speech"": [""verb""], ""source"": ""Oxford 3000"", ""original_line"": ""listen v.""}"
little,A1,,,"[""noun"", ""adjective"", ""determiner"", ""pronoun""]","{""parts_of_speech"": [""noun"", ""adjective"", ""determiner"", ""pronoun""], ""source"": ""Oxford 3000"", ""original_line"": ""little adj. , det./pron.""}"
local,A1,,,"[""adjective""]","{""parts_of_speech"": [""adjective""], ""source"": ""Oxford 3000"", ""original_line"": ""local adj.""}"
long,A1,,,"[""verb"", ""adjective"", ""adverb""]","{""parts_of_speech"": [""verb"", ""adjective"", ""adverb""], ""source"": ""Oxford 3000"", ""original_line"": ""long 1 adj. , adv.""}"
look,A1,,,"[""verb""]","{""parts_of_speech"": [""verb""], ""source"": ""Oxford 3000"", ""original_line"": ""look v.""}"
lose,A1,,,"[""verb""]","{""parts_of_speech"": [""verb""], ""source"": ""Oxford 3000"", ""original_line"": ""lose v.""}"
lot,A1,,,"[""noun"", ""verb"", ""adverb"", ""determiner"", ""pronoun""]","{""parts_of_speech"": [""noun"", ""verb"", ""adverb"", ""determiner"", ""pronoun""], ""source"": ""Oxford 3000"", ""original_line"": ""lot pron. , det. , adv.""}"
love,A1,,,"[""noun"", ""verb""]","{""parts_of_speech"": [""noun"", ""verb""], ""source"": ""Oxford 3000"", ""original_line"": ""love n. , v.""}"
lunch,A1,,,"[""noun""]","{""parts_of_speech"": [""noun""], ""source"": ""Oxford 3000"", ""original_line"": ""lunch n.machine n.""}"
magazine,A1,,,"[""noun""]","{""parts_of_speech"": [""noun""], ""source"": ""Oxford 3000"", ""original_line"": ""magazine n.""}"
main,A1,,,"[""adjective""]","{""parts_of_speech"": [""adjective""], ""source"": ""Oxford 3000"", ""original_line"": ""main adj.""}"
make,A1,,,"[""verb""]","{""parts_of_speech"": [""verb""], ""source"": ""Oxford 3000"", ""original_line"": ""make v.""}"
man,A1,,,"[""noun""]","{""parts_of_speech"": [""noun""], ""source"": ""Oxford 3000"", ""original_line"": ""man n.""}"
many,A1,,,"[""noun"", ""determiner"", ""pronoun""]","{""parts_of_speech"": [""noun"", ""determiner"", ""pronoun""], ""source"": ""Oxford 3000"", ""original_line"": ""many det./pron.""}"
map,A1,,,"[""noun""]","{""parts_of_speech"": [""noun""], ""source"": ""Oxford 3000"", ""original_line"": ""map n.""}"
march,A1,,,"[""noun""]","{""parts_of_speech"": [""noun""], ""source"": ""Oxford 3000"", ""original_line"": ""March n.""}"
market,A1,,,"[""noun""]","{""parts_of_speech"": [""noun""], ""source"": ""Oxford 3000"", ""original_line"": ""market n.""}"
married,A1,,,"[""adjective""]","{""parts_of_speech"": [""adjective""], ""source"": ""Oxford 3000"", ""original_line"": ""married adj.""}"
match,A1,,,"[""noun"", ""verb""]","{""parts_of_speech"": [""noun"", ""verb""], ""source"": ""Oxford 3000"", ""original_line"": ""match (contest/correspond) n. , v.""}"
may,A1,,,"[""noun""]","{""parts_of_speech"": [""noun""], ""source"": ""Oxford 3000"", ""original_line"": ""May n.""}"
maybe,A1,,,"[""verb"", ""adverb""]","{""parts_of_speech"": [""verb"", ""adverb""], ""source"": ""Oxford 3000"", ""original_line"": ""maybe adv.""}"
me,A1,,,"[""noun"", ""pronoun""]","{""parts_of_speech"": [""noun"", ""pronoun""], ""source"": ""Oxford 3000"", ""original_line"": ""me pron.""}"
meal,A1,,,"[""noun""]","{""parts_of_speech"": [""noun""], ""source"": ""Oxford 3000"", ""original_line"": ""meal n.""}"
mean,A1,,,"[""verb""]","{""parts_of_speech"": [""verb""], ""source"": ""Oxford 3000"", ""original_line"": ""mean v.""}"
meaning,A1,,,"[""noun""]","{""parts_of_speech"": [""noun""], ""source"": ""Oxford 3000"", ""original_line"": ""meaning n.""}"
meat,A1,,,"[""noun""]","{""parts_of_speech"": [""noun""], ""source"": ""Oxford 3000"", ""original_line"": ""meat n.""}"
meet,A1,,,"[""verb""]","{""parts_of_speech"": [""verb""], ""source"": ""Oxford 3000"", ""original_line"": ""meet v.""}"
meeting,A1,,,"[""noun""]","{""parts_of_speech"": [""noun""], ""source"": ""Oxford 3000"", ""original_line"": ""meeting n.""}"
member,A1,,,"[""noun""]","{""parts_of_speech"": [""noun""], ""source"": ""Oxford 3000"", ""original_line"": ""member n.""}"
menu,A1,,,"[""noun""]","{""parts_of_speech"": [""noun""], ""source"": ""Oxford 3000"", ""original_line"": ""menu n.""}"
message,A1,,,"[""noun""]","{""parts_of_speech"": [""noun""], ""source"": ""Oxford 3000"", ""original_line"": ""message n.""}"
metre,A1,,,"[""noun""]","{""parts_of_speech"": [""noun""], ""source"": ""Oxford 3000"", ""original_line"": ""metre n.""}"
midnight,A1,,,"[""noun""]","{""parts_of_speech"": [""noun""], ""source"": ""Oxford 3000"", ""original_line"": ""midnight n.""}"
mile,A1,,,"[""noun""]","{""parts_of_speech"": [""noun""], ""source"": ""Oxford 3000"", ""original_line"": ""mile n.""}"
milk,A1,,,"[""noun""]","{""parts_of_speech"": [""noun""], ""source"": ""Oxford 3000"", ""original_line"": ""milk n.""}"
million,A1,,,"[""noun""]","{""parts_of_speech"": [""noun""], ""source"": ""Oxford 3000"", ""original_line"": ""million number""}"
minute,A1,,,"[""noun""]","{""parts_of_speech"": [""noun""], ""source"": ""Oxford 3000"", ""original_line"": ""minute 1 n.""}"
miss,A1,,,"[""verb""]","{""parts_of_speech"": [""verb""], ""source"": ""Oxford 3000"", ""original_line"": ""miss v.""}"
mistake,A1,,,"[""noun""]","{""parts_of_speech"": [""noun""], ""source"": ""Oxford 3000"", ""original_line"": ""mistake n.""}"
model,A1,,,"[""noun""]","{""parts_of_speech"": [""noun""], ""source"": ""Oxford 3000"", ""original_line"": ""model n.""}"
modern,A1,,,"[""adjective""]","{""parts_of_speech"": [""adjective""], ""source"": ""Oxford 3000"", ""original_line"": ""modern adj.""}"
moment,A1,,,"[""noun""]","{""parts_of_speech"": [""noun""], ""source"": ""Oxford 3000"", ""original_line"": ""moment n.""}"
monday,A1,,,"[""noun""]","{""parts_of_speech"": [""noun""], ""source"": ""Oxford 3000"", ""original_line"": ""Monday n.""}"
money,A1,,,"[""noun""]","{""parts_of_speech"": [""noun""], ""source"": ""Oxford 3000"", ""original_line"": ""money n.""}"
month,A1,,,"[""noun""]","{""parts_of_speech"": [""noun""], ""source"": ""Oxford 3000"", ""original_line"": ""month n.""}"
more,A1,,,"[""noun"", ""verb"", ""adverb"", ""determiner"", ""pronoun""]","{""parts_of_speech"": [""noun"", ""verb"", ""adverb"", ""determiner"", ""pronoun""], ""source"": ""Oxford 3000"", ""original_line"": ""more det./pron. , adv.""}"
morning,A1,,,"[""noun""]","{""parts_of_speech"": [""noun""], ""source"": ""Oxford 3000"", ""original_line"": ""morning n.""}"
most,A1,,,"[""noun"", ""verb"", ""adverb"", ""determiner"", ""pronoun""]","{""parts_of_speech"": [""noun"", ""verb"", ""adverb"", ""determiner"", ""pronoun""], ""source"": ""Oxford 3000"", ""original_line"": ""most det./pron. , adv.""}"
mother,A1,,,"[""noun""]","{""parts_of_speech"": [""noun""], ""source"": ""Oxford 3000"", ""original_line"": ""mother n.""}"
mountain,A1,,,"[""noun""]","{""parts_of_speech"": [""noun""], ""source"": ""Oxford 3000"", ""original_line"": ""mountain n.""}"
mouse,A1,,,"[""noun""]","{""parts_of_speech"": [""noun""], ""source"": ""Oxford 3000"", ""original_line"": ""mouse n.""}"
mouth,A1,,,"[""noun""]","{""parts_of_speech"": [""noun""], ""source"": ""Oxford 3000"", ""original_line"": ""mouth n.""}"
move,A1,,,"[""verb""]","{""parts_of_speech"": [""verb""], ""source"": ""Oxford 3000"", ""original_line"": ""move v.""}"
movie,A1,,,"[""noun""]","{""parts_of_speech"": [""noun""], ""source"": ""Oxford 3000"", ""original_line"": ""movie n.""}"
much,A1,,,"[""noun"", ""verb"", ""adverb"", ""determiner"", ""pronoun""]","{""parts_of_speech"": [""noun"", ""verb"", ""adverb"", ""determiner"", ""pronoun""], ""source"": ""Oxford 3000"", ""original_line"": ""much det./pron. , adv.""}"
mum,A1,,,"[""noun""]","{""parts_of_speech"": [""noun""], ""source"": ""Oxford 3000"", ""original_line"": ""mum n.""}"
museum,A1,,,"[""noun""]","{""parts_of_speech"": [""noun""], ""source"": ""Oxford 3000"", ""original_line"": ""museum n.""}"
music,A1,,,"[""noun""]","{""parts_of_speech"": [""noun""], ""source"": ""Oxford 3000"", ""original_line"": ""music n.""}"
must,A1,,,"[""verb"", ""modal verb""]","{""parts_of_speech"": [""verb"", ""modal verb""], ""source"": ""Oxford 3000"", ""original_line"": ""must modal v.""}"
my,A1,,,"[""determiner""]","{""parts_of_speech"": [""determiner""], ""source"": ""Oxford 3000"", ""original_line"": ""my det.""}"
name,A1,,,"[""noun"", ""verb""]","{""parts_of_speech"": [""noun"", ""verb""], ""source"": ""Oxford 3000"", ""original_line"": ""name n. , v.""}"
natural,A1,,,"[""adjective""]","{""parts_of_speech"": [""adjective""], ""source"": ""Oxford 3000"", ""original_line"": ""natural adj.""}"
near,A1,,,"[""verb"", ""adjective"", ""adverb"", ""preposition""]","{""parts_of_speech"": [""verb"", ""adjective"", ""adverb"", ""preposition""], ""source"": ""Oxford 3000"", ""original_line"": ""near prep. , adj. , adv.""}"
need,A1,,,"[""verb""]","{""parts_of_speech"": [""verb""], ""source"": ""Oxford 3000"", ""original_line"": ""need v.""}"
negative,A1,,,"[""adjective""]","{""parts_of_speech"": [""adjective""], ""source"": ""Oxford 3000"", ""original_line"": ""negative adj.""}"
neighbour,A1,,,"[""noun""]","{""parts_of_speech"": [""noun""], ""source"": ""Oxford 3000"", ""original_line"": ""neighbour n.""}"
never,A1,,,"[""verb"", ""adverb""]","{""parts_of_speech"": [""verb"", ""adverb""], ""source"": ""Oxford 3000"", ""original_line"": ""never adv.""}"
new,A1,,,"[""adjective""]","{""parts_of_speech"": [""adjective""], ""source"": ""Oxford 3000"", ""original_line"": ""new adj.""}"
news,A1,,,"[""noun""]","{""parts_of_speech"": [""noun""], ""source"": ""Oxford 3000"", ""original_line"": ""news n.""}"
newspaper,A1,,,"[""noun""]","{""parts_of_speech"": [""noun""], ""source"": ""Oxford 3000"", ""original_line"": ""newspaper n.""}"
next,A1,,,"[""verb"", ""adjective"", ""adverb""]","{""parts_of_speech"": [""verb"", ""adjective"", ""adverb""], ""source"": ""Oxford 3000"", ""original_line"": ""next adj. , adv.""}"
nice,A1,,,"[""adjective""]","{""parts_of_speech"": [""adjective""], ""source"": ""Oxford 3000"", ""original_line"": ""nice adj.""}"
night,A1,,,"[""noun""]","{""parts_of_speech"": [""noun""], ""source"": ""Oxford 3000"", ""original_line"": ""night n.""}"
nine,A1,,,"[""noun""]","{""parts_of_speech"": [""noun""], ""source"": ""Oxford 3000"", ""original_line"": ""nine number""}"
nineteen,A1,,,"[""noun""]","{""parts_of_speech"": [""noun""], ""source"": ""Oxford 3000"", ""original_line"": ""nineteen number""}"
ninety,A1,,,"[""noun""]","{""parts_of_speech"": [""noun""], ""source"": ""Oxford 3000"", ""original_line"": ""ninety number""}"
no,A1,,,"[""determiner"", ""exclamation""]","{""parts_of_speech"": [""determiner"", ""exclamation""], ""source"": ""Oxford 3000"", ""original_line"": ""no exclam. , det.""}"
nobody,A1,,,"[""noun"", ""pronoun""]","{""parts_of_speech"": [""noun"", ""pronoun""], ""source"": ""Oxford 3000"", ""original_line"": ""nobody pron.""}"
north,A1,,,"[""noun"", ""verb"", ""adjective"", ""adverb""]","{""parts_of_speech"": [""noun"", ""verb"", ""adjective"", ""adverb""], ""source"": ""Oxford 3000"", ""original_line"": ""north n. , adj. , adv.""}"
nose,A1,,,"[""noun""]","{""parts_of_speech"": [""noun""], ""source"": ""Oxford 3000"", ""original_line"": ""nose n.""}"
not,A1,,,"[""verb"", ""adverb""]","{""parts_of_speech"": [""verb"", ""adverb""], ""source"": ""Oxford 3000"", ""original_line"": ""not adv.""}"
note,A1,,,"[""noun""]","{""parts_of_speech"": [""noun""], ""source"": ""Oxford 3000"", ""original_line"": ""note n.""}"
nothing,A1,,,"[""noun"", ""pronoun""]","{""parts_of_speech"": [""noun"", ""pronoun""], ""source"": ""Oxford 3000"", ""original_line"": ""nothing pron.""}"
november,A1,,,"[""noun""]","{""parts_of_speech"": [""noun""], ""source"": ""Oxford 3000"", ""original_line"": ""November n.""}"
now,A1,,,"[""verb"", ""adverb""]","{""parts_of_speech"": [""verb"", ""adverb""], ""source"": ""Oxford 3000"", ""original_line"": ""now adv.""}"
number,A1,,,"[""noun""]","{""parts_of_speech"": [""noun""], ""source"": ""Oxford 3000"", ""original_line"": ""number n.""}"
nurse,A1,,,"[""noun""]","{""parts_of_speech"": [""noun""], ""source"": ""Oxford 3000"", ""original_line"": ""nurse n.""}"
object,A1,,,"[""noun""]","{""parts_of_speech"": [""noun""], ""source"": ""Oxford 3000"", ""original_line"": ""object n.""}"
october,A1,,,"[""noun""]","{""parts_of_speech"": [""noun""], ""source"": ""Oxford 3000"", ""original_line"": ""October n.""}"
of,A1,,,"[""preposition""]","{""parts_of_speech"": [""preposition""], ""source"": ""Oxford 3000"", ""original_line"": ""of prep.""}"
off,A1,,,"[""verb"", ""adverb"", ""preposition""]","{""parts_of_speech"": [""verb"", ""adverb"", ""preposition""], ""source"": ""Oxford 3000"", ""original_line"": ""off adv. , prep.""}"
office,A1,,,"[""noun""]","{""parts_of_speech"": [""noun""], ""source"": ""Oxford 3000"", ""original_line"": ""office n.""}"
often,A1,,,"[""verb"", ""adverb""]","{""parts_of_speech"": [""verb"", ""adverb""], ""source"": ""Oxford 3000"", ""original_line"": ""often adv.""}"
oh,A1,,,"[""exclamation""]","{""parts_of_speech"": [""exclamation""], ""source"": ""Oxford 3000"", ""original_line"": ""oh exclam.""}"
ok,A1,,,"[""verb"", ""adjective"", ""adverb"", ""exclamation""]","{""parts_of_speech"": [""verb"", ""adjective"", ""adverb"", ""exclamation""], ""source"": ""Oxford 3000"", ""original_line"": ""OK exclam. , adj./adv.""}"
old,A1,,,"[""adjective""]","{""parts_of_speech"": [""adjective""], ""source"": ""Oxford 3000"", ""original_line"": ""old adj.""}"
on,A1,,,"[""verb"", ""adverb"", ""preposition""]","{""parts_of_speech"": [""verb"", ""adverb"", ""preposition""], ""source"": ""Oxford 3000"", ""original_line"": ""on prep. , adv.""}"
once,A1,,,"[""verb"", ""adverb""]","{""parts_of_speech"": [""verb"", ""adverb""], ""source"": ""Oxford 3000"", ""original_line"": ""once adv.""}"
one,A1,,,"[""noun"", ""determiner"", ""pronoun""]","{""parts_of_speech"": [""noun"", ""determiner"", ""pronoun""], ""source"": ""Oxford 3000"", ""original_line"": ""one number/det. , pron.""}"
onion,A1,,,"[""noun""]","{""parts_of_speech"": [""noun""], ""source"": ""Oxford 3000"", ""original_line"": ""onion n.""}"
online,A1,,,"[""verb"", ""adjective"", ""adverb""]","{""parts_of_speech"": [""verb"", ""adjective"", ""adverb""], ""source"": ""Oxford 3000"", ""original_line"": ""online adj. , adv.""}"
only,A1,,,"[""verb"", ""adjective"", ""adverb""]","{""parts_of_speech"": [""verb"", ""adjective"", ""adverb""], ""source"": ""Oxford 3000"", ""original_line"": ""only adj. , adv.""}"
open,A1,,,"[""verb"", ""adjective""]","{""parts_of_speech"": [""verb"", ""adjective""], ""source"": ""Oxford 3000"", ""original_line"": ""open adj. , v.""}"
opinion,A1,,,"[""noun""]","{""parts_of_speech"": [""noun""], ""source"": ""Oxford 3000"", ""original_line"": ""opinion n.""}"
opposite,A1,,,"[""noun"", ""verb"", ""adjective"", ""adverb"", ""preposition""]","{""parts_of_speech"": [""noun"", ""verb"", ""adjective"", ""adverb"", ""preposition""], ""source"": ""Oxford 3000"", ""original_line"": ""opposite adj. , n., prep. , adv.""}"
or,A1,,,"[""noun"", ""conjunction""]","{""parts_of_speech"": [""noun"", ""conjunction""], ""source"": ""Oxford 3000"", ""original_line"": ""or conj.""}"
orange,A1,,,"[""noun"", ""adjective""]","{""parts_of_speech"": [""noun"", ""adjective""], ""source"": ""Oxford 3000"", ""original_line"": ""orange n. , adj.""}"
order,A1,,,"[""noun"", ""verb""]","{""parts_of_speech"": [""noun"", ""verb""], ""source"": ""Oxford 3000"", ""original_line"": ""order n. , v.""}"
other,A1,,,"[""noun"", ""adjective"", ""pronoun""]","{""parts_of_speech"": [""noun"", ""adjective"", ""pronoun""], ""source"": ""Oxford 3000"", ""original_line"": ""other adj./pron.""}"
our,A1,,,"[""determiner""]","{""parts_of_speech"": [""determiner""], ""source"": ""Oxford 3000"", ""original_line"": ""our det.""}"
out,A1,,,"[""verb"", ""adverb"", ""preposition""]","{""parts_of_speech"": [""verb"", ""adverb"", ""preposition""], ""source"": ""Oxford 3000"", ""original_line"": ""out adv./prep.""}"
outside,A1,,,"[""verb"", ""adverb""]","{""parts_of_speech"": [""verb"", ""adverb""], ""source"": ""Oxford 3000"", ""original_line"": ""outside adv.""}"
over,A1,,,"[""verb"", ""adverb"", ""preposition""]","{""parts_of_speech"": [""verb"", ""adverb"", ""preposition""], ""source"": ""Oxford 3000"", ""original_line"": ""over prep. , adv.""}"
own,A1,,,"[""noun"", ""adjective"", ""pronoun""]","{""parts_of_speech"": [""noun"", ""adjective"", ""pronoun""], ""source"": ""Oxford 3000"", ""original_line"": ""own adj./pron.""}"
paint,A1,,,"[""noun"", ""verb""]","{""parts_of_speech"": [""noun"", ""verb""], ""source"": ""Oxford 3000"", ""original_line"": ""paint v. , n.""}"
painting,A1,,,"[""noun""]","{""parts_of_speech"": [""noun""], ""source"": ""Oxford 3000"", ""original_line"": ""painting n.""}"
pair,A1,,,"[""noun""]","{""parts_of_speech"": [""noun""], ""source"": ""Oxford 3000"", ""original_line"": ""pair n.""}"
paper,A1,,,"[""noun""]","{""parts_of_speech"": [""noun""], ""source"": ""Oxford 3000"", ""original_line"": ""paper n.""}"
paragraph,A1,,,"[""noun""]","{""parts_of_speech"": [""noun""], ""source"": ""Oxford 3000"", ""original_line"": ""paragraph n.""}"
parent,A1,,,"[""noun""]","{""parts_of_speech"": [""noun""], ""source"": ""Oxford 3000"", ""original_line"": ""parent n.""}"
park,A1,,,"[""noun"", ""verb""]","{""parts_of_speech"": [""noun"", ""verb""], ""source"": ""Oxford 3000"", ""original_line"": ""park n. , v.""}"
part,A1,,,"[""noun""]","{""parts_of_speech"": [""noun""], ""source"": ""Oxford 3000"", ""original_line"": ""part n.""}"
partner,A1,,,"[""noun""]","{""parts_of_speech"": [""noun""], ""source"": ""Oxford 3000"", ""original_line"": ""partner n.""}"
party,A1,,,"[""noun""]","{""parts_of_speech"": [""noun""], ""source"": ""Oxford 3000"", ""original_line"": ""party n.""}"
passport,A1,,,"[""noun""]","{""parts_of_speech"": [""noun""], ""source"": ""Oxford 3000"", ""original_line"": ""passport n.""}"
past,A1,,,"[""noun"", ""adjective"", ""preposition""]","{""parts_of_speech"": [""noun"", ""adjective"", ""preposition""], ""source"": ""Oxford 3000"", ""original_line"": ""past adj. , n., prep.""}"
pay,A1,,,"[""verb""]","{""parts_of_speech"": [""verb""], ""source"": ""Oxford 3000"", ""original_line"": ""pay v.""}"
pen,A1,,,"[""noun""]","{""parts_of_speech"": [""noun""], ""source"": ""Oxford 3000"", ""original_line"": ""pen n.""}"
pencil,A1,,,"[""noun""]","{""parts_of_speech"": [""noun""], ""source"": ""Oxford 3000"", ""original_line"": ""pencil n.""}"
people,A1,,,"[""noun""]","{""parts_of_speech"": [""noun""], ""source"": ""Oxford 3000"", ""original_line"": ""people n.""}"
pepper,A1,,,"[""noun""]","{""parts_of_speech"": [""noun""], ""source"": ""Oxford 3000"", ""original_line"": ""pepper n.""}"
perfect,A1,,,"[""adjective""]","{""parts_of_speech"": [""adjective""], ""source"": ""Oxford 3000"", ""original_line"": ""perfect adj.""}"
period,A1,,,"[""noun""]","{""parts_of_speech"": [""noun""], ""source"": ""Oxford 3000"", ""original_line"": ""period n.""}"
person,A1,,,"[""noun""]","{""parts_of_speech"": [""noun""], ""source"": ""Oxford 3000"", ""original_line"": ""person n.""}"
personal,A1,,,"[""adjective""]","{""parts_of_speech"": [""adjective""], ""source"": ""Oxford 3000"", ""original_line"": ""personal adj.""}"
phone,A1,,,"[""noun"", ""verb""]","{""parts_of_speech"": [""noun"", ""verb""], ""source"": ""Oxford 3000"", ""original_line"": ""phone n. , v.""}"
photo,A1,,,"[""noun""]","{""parts_of_speech"": [""noun""], ""source"": ""Oxford 3000"", ""original_line"": ""photo n.""}"
photograph,A1,,,"[""noun""]","{""parts_of_speech"": [""noun""], ""source"": ""Oxford 3000"", ""original_line"": ""photograph n.""}"
phrase,A1,,,"[""noun""]","{""parts_of_speech"": [""noun""], ""source"": ""Oxford 3000"", ""original_line"": ""phrase n.""}"
piano,A1,,,"[""noun""]","{""parts_of_speech"": [""noun""], ""source"": ""Oxford 3000"", ""original_line"": ""piano n.""}"
picture,A1,,,"[""noun""]","{""parts_of_speech"": [""noun""], ""source"": ""Oxford 3000"", ""original_line"": ""picture n.""}"
piece,A1,,,"[""noun""]","{""parts_of_speech"": [""noun""], ""source"": ""Oxford 3000"", ""original_line"": ""piece n.""}"
pig,A1,,,"[""noun""]","{""parts_of_speech"": [""noun""], ""source"": ""Oxford 3000"", ""original_line"": ""pig n.""}"
pink,A1,,,"[""noun"", ""adjective""]","{""parts_of_speech"": [""noun"", ""adjective""], ""source"": ""Oxford 3000"", ""original_line"": ""pink adj. , n.place n.""}"
plan,A1,,,"[""noun"", ""verb""]","{""parts_of_speech"": [""noun"", ""verb""], ""source"": ""Oxford 3000"", ""original_line"": ""plan n. , v.""}"
plane,A1,,,"[""noun""]","{""parts_of_speech"": [""noun""], ""source"": ""Oxford 3000"", ""original_line"": ""plane n.""}"
plant,A1,,,"[""noun""]","{""parts_of_speech"": [""noun""], ""source"": ""Oxford 3000"", ""original_line"": ""plant n.""}"
play,A1,,,"[""noun"", ""verb""]","{""parts_of_speech"": [""noun"", ""verb""], ""source"": ""Oxford 3000"", ""original_line"": ""play v. , n.""}"
player,A1,,,"[""noun""]","{""parts_of_speech"": [""noun""], ""source"": ""Oxford 3000"", ""original_line"": ""player n.""}"
please,A1,,,"[""exclamation""]","{""parts_of_speech"": [""exclamation""], ""source"": ""Oxford 3000"", ""original_line"": ""please exclam.""}"
point,A1,,,"[""noun""]","{""parts_of_speech"": [""noun""], ""source"": ""Oxford 3000"", ""original_line"": ""point n.""}"
police,A1,,,"[""noun""]","{""parts_of_speech"": [""noun""], ""source"": ""Oxford 3000"", ""original_line"": ""police n.""}"
policeman,A1,,,"[""noun""]","{""parts_of_speech"": [""noun""], ""source"": ""Oxford 3000"", ""original_line"": ""policeman n.""}"
pool,A1,,,"[""noun""]","{""parts_of_speech"": [""noun""], ""source"": ""Oxford 3000"", ""original_line"": ""pool n.""}"
poor,A1,,,"[""adjective""]","{""parts_of_speech"": [""adjective""], ""source"": ""Oxford 3000"", ""original_line"": ""poor adj.""}"
popular,A1,,,"[""adjective""]","{""parts_of_speech"": [""adjective""], ""source"": ""Oxford 3000"", ""original_line"": ""popular adj.""}"
positive,A1,,,"[""adjective""]","{""parts_of_speech"": [""adjective""], ""source"": ""Oxford 3000"", ""original_line"": ""positive adj.""}"
possible,A1,,,"[""adjective""]","{""parts_of_speech"": [""adjective""], ""source"": ""Oxford 3000"", ""original_line"": ""possible adj.""}"
post,A1,,,"[""noun"", ""verb""]","{""parts_of_speech"": [""noun"", ""verb""], ""source"": ""Oxford 3000"", ""original_line"": ""post n. , v.""}"
potato,A1,,,"[""noun""]","{""parts_of_speech"": [""noun""], ""source"": ""Oxford 3000"", ""original_line"": ""potato n.""}"
pound,A1,,,"[""noun""]","{""parts_of_speech"": [""noun""], ""source"": ""Oxford 3000"", ""original_line"": ""pound n.""}"
practice,A1,,,"[""noun""]","{""parts_of_speech"": [""noun""], ""source"": ""Oxford 3000"", ""original_line"": ""practice n.""}"
practise,A1,,,"[""verb""]","{""parts_of_speech"": [""verb""], ""source"": ""Oxford 3000"", ""original_line"": ""practise v.""}"
prefer,A1,,,"[""verb""]","{""parts_of_speech"": [""verb""], ""source"": ""Oxford 3000"", ""original_line"": ""prefer v.""}"
prepare,A1,,,"[""verb""]","{""parts_of_speech"": [""verb""], ""source"": ""Oxford 3000"", ""original_line"": ""prepare v.""}"
present,A1,,,"[""noun"", ""adjective""]","{""parts_of_speech"": [""noun"", ""adjective""], ""source"": ""Oxford 3000"", ""original_line"": ""present adj. , n.""}"
pretty,A1,,,"[""verb"", ""adjective"", ""adverb""]","{""parts_of_speech"": [""verb"", ""adjective"", ""adverb""], ""source"": ""Oxford 3000"", ""original_line"": ""pretty adj. , adv.""}"
price,A1,,,"[""noun""]","{""parts_of_speech"": [""noun""], ""source"": ""Oxford 3000"", ""original_line"": ""price n.""}"
probably,A1,,,"[""verb"", ""adverb""]","{""parts_of_speech"": [""verb"", ""adverb""], ""source"": ""Oxford 3000"", ""original_line"": ""probably adv.""}"
problem,A1,,,"[""noun""]","{""parts_of_speech"": [""noun""], ""source"": ""Oxford 3000"", ""original_line"": ""problem n.""}"
product,A1,,,"[""noun""]","{""parts_of_speech"": [""noun""], ""source"": ""Oxford 3000"", ""original_line"": ""product n.""}"
programme,A1,,,"[""noun""]","{""parts_of_speech"": [""noun""], ""source"": ""Oxford 3000"", ""original_line"": ""programme n.""}"
project,A1,,,"[""noun""]","{""parts_of_speech"": [""noun""], ""source"": ""Oxford 3000"", ""original_line"": ""project n.""}"
purple,A1,,,"[""noun"", ""adjective""]","{""parts_of_speech"": [""noun"", ""adjective""], ""source"": ""Oxford 3000"", ""original_line"": ""purple adj. , n.""}"
put,A1,,,"[""verb""]","{""parts_of_speech"": [""verb""], ""source"": ""Oxford 3000"", ""original_line"": ""put v.""}"
quarter,A1,,,"[""noun""]","{""parts_of_speech"": [""noun""], ""source"": ""Oxford 3000"", ""original_line"": ""quarter n.""}"
question,A1,,,"[""noun""]","{""parts_of_speech"": [""noun""], ""source"": ""Oxford 3000"", ""original_line"": ""question n.""}"
quick,A1,,,"[""adjective""]","{""parts_of_speech"": [""adjective""], ""source"": ""Oxford 3000"", ""original_line"": ""quick adj.""}"
quickly,A1,,,"[""verb"", ""adverb""]","{""parts_of_speech"": [""verb"", ""adverb""], ""source"": ""Oxford 3000"", ""original_line"": ""quickly adv.""}"
quiet,A1,,,"[""adjective""]","{""parts_of_speech"": [""adjective""], ""source"": ""Oxford 3000"", ""original_line"": ""quiet adj.""}"
quite,A1,,,"[""verb"", ""adverb""]","{""parts_of_speech"": [""verb"", ""adverb""], ""source"": ""Oxford 3000"", ""original_line"": ""quite adv.""}"
radio,A1,,,"[""noun""]","{""parts_of_speech"": [""noun""], ""source"": ""Oxford 3000"", ""original_line"": ""radio n.""}"
rain,A1,,,"[""noun"", ""verb""]","{""parts_of_speech"": [""noun"", ""verb""], ""source"": ""Oxford 3000"", ""original_line"": ""rain n. , v.""}"
read,A1,,,"[""verb""]","{""parts_of_speech"": [""verb""], ""source"": ""Oxford 3000"", ""original_line"": ""read v.""}"
reader,A1,,,"[""noun""]","{""parts_of_speech"": [""noun""], ""source"": ""Oxford 3000"", ""original_line"": ""reader n.""}"
reading,A1,,,"[""noun""]","{""parts_of_speech"": [""noun""], ""source"": ""Oxford 3000"", ""original_line"": ""reading n.""}"
ready,A1,,,"[""adjective""]","{""parts_of_speech"": [""adjective""], ""source"": ""Oxford 3000"", ""original_line"": ""ready adj.""}"
real,A1,,,"[""adjective""]","{""parts_of_speech"": [""adjective""], ""source"": ""Oxford 3000"", ""original_line"": ""real adj.""}"
really,A1,,,"[""verb"", ""adverb""]","{""parts_of_speech"": [""verb"", ""adverb""], ""source"": ""Oxford 3000"", ""original_line"": ""really adv.""}"
reason,A1,,,"[""noun""]","{""parts_of_speech"": [""noun""], ""source"": ""Oxford 3000"", ""original_line"": ""reason n.""}"
red,A1,,,"[""noun"", ""adjective""]","{""parts_of_speech"": [""noun"", ""adjective""], ""source"": ""Oxford 3000"", ""original_line"": ""red adj. , n.""}"
relax,A1,,,"[""verb""]","{""parts_of_speech"": [""verb""], ""source"": ""Oxford 3000"", ""original_line"": ""relax v.""}"
remember,A1,,,"[""verb""]","{""parts_of_speech"": [""verb""], ""source"": ""Oxford 3000"", ""original_line"": ""remember v.""}"
repeat,A1,,,"[""verb""]","{""parts_of_speech"": [""verb""], ""source"": ""Oxford 3000"", ""original_line"": ""repeat v.""}"
report,A1,,,"[""noun""]","{""parts_of_speech"": [""noun""], ""source"": ""Oxford 3000"", ""original_line"": ""report n.""}"
restaurant,A1,,,"[""noun""]","{""parts_of_speech"": [""noun""], ""source"": ""Oxford 3000"", ""original_line"": ""restaurant n.""}"
result,A1,,,"[""noun""]","{""parts_of_speech"": [""noun""], ""source"": ""Oxford 3000"", ""original_line"": ""result n.""}"
return,A1,,,"[""noun"", ""verb""]","{""parts_of_speech"": [""noun"", ""verb""], ""source"": ""Oxford 3000"", ""original_line"": ""return v. , n.""}"
rice,A1,,,"[""noun""]","{""parts_of_speech"": [""noun""], ""source"": ""Oxford 3000"", ""original_line"": ""rice n.""}"
rich,A1,,,"[""adjective""]","{""parts_of_speech"": [""adjective""], ""source"": ""Oxford 3000"", ""original_line"": ""rich adj.""}"
ride,A1,,,"[""verb""]","{""parts_of_speech"": [""verb""], ""source"": ""Oxford 3000"", ""original_line"": ""ride v.""}"
right,A1,,,"[""noun"", ""verb"", ""adjective"", ""adverb""]","{""parts_of_speech"": [""noun"", ""verb"", ""adjective"", ""adverb""], ""source"": ""Oxford 3000"", ""original_line"": ""right adj. , adv. , n.""}"
river,A1,,,"[""noun""]","{""parts_of_speech"": [""noun""], ""source"": ""Oxford 3000"", ""original_line"": ""river n.""}"
road,A1,,,"[""noun""]","{""parts_of_speech"": [""noun""], ""source"": ""Oxford 3000"", ""original_line"": ""road n.""}"
room,A1,,,"[""noun""]","{""parts_of_speech"": [""noun""], ""source"": ""Oxford 3000"", ""original_line"": ""room n.""}"
routine,A1,,,"[""noun""]","{""parts_of_speech"": [""noun""], ""source"": ""Oxford 3000"", ""original_line"": ""routine n.""}"
rule,A1,,,"[""noun""]","{""parts_of_speech"": [""noun""], ""source"": ""Oxford 3000"", ""original_line"": ""rule n.""}"
run,A1,,,"[""verb""]","{""parts_of_speech"": [""verb""], ""source"": ""Oxford 3000"", ""original_line"": ""run v.""}"
sad,A1,,,"[""adjective""]","{""parts_of_speech"": [""adjective""], ""source"": ""Oxford 3000"", ""original_line"": ""sad adj.""}"
salad,A1,,,"[""noun""]","{""parts_of_speech"": [""noun""], ""source"": ""Oxford 3000"", ""original_line"": ""salad n.""}"
salt,A1,,,"[""noun""]","{""parts_of_speech"": [""noun""], ""source"": ""Oxford 3000"", ""original_line"": ""salt n.""}"
same,A1,,,"[""noun"", ""verb"", ""adjective"", ""adverb"", ""pronoun""]","{""parts_of_speech"": [""noun"", ""verb"", ""adjective"", ""adverb"", ""pronoun""], ""source"": ""Oxford 3000"", ""original_line"": ""same adj. , pron. , adv.""}"
sandwich,A1,,,"[""noun""]","{""parts_of_speech"": [""noun""], ""source"": ""Oxford 3000"", ""original_line"": ""sandwich n.Saturday n.""}"
say,A1,,,"[""verb""]","{""parts_of_speech"": [""verb""], ""source"": ""Oxford 3000"", ""original_line"": ""say v.""}"
school,A1,,,"[""noun""]","{""parts_of_speech"": [""noun""], ""source"": ""Oxford 3000"", ""original_line"": ""school n.""}"
science,A1,,,"[""noun""]","{""parts_of_speech"": [""noun""], ""source"": ""Oxford 3000"", ""original_line"": ""science n.""}"
scientist,A1,,,"[""noun""]","{""parts_of_speech"": [""noun""], ""source"": ""Oxford 3000"", ""original_line"": ""scientist n.""}"
sea,A1,,,"[""noun""]","{""parts_of_speech"": [""noun""], ""source"": ""Oxford 3000"", ""original_line"": ""sea n.""}"
second,A1,,,"[""noun"", ""determiner""]","{""parts_of_speech"": [""noun"", ""determiner""], ""source"": ""Oxford 3000"", ""original_line"": ""second 1 (next after the first) det./""}"
section,A1,,,"[""noun""]","{""parts_of_speech"": [""noun""], ""source"": ""Oxford 3000"", ""original_line"": ""section n.""}"
see,A1,,,"[""verb""]","{""parts_of_speech"": [""verb""], ""source"": ""Oxford 3000"", ""original_line"": ""see v.""}"
sell,A1,,,"[""verb""]","{""parts_of_speech"": [""verb""], ""source"": ""Oxford 3000"", ""original_line"": ""sell v.""}"
send,A1,,,"[""verb""]","{""parts_of_speech"": [""verb""], ""source"": ""Oxford 3000"", ""original_line"": ""send v.""}"
sentence,A1,,,"[""noun""]","{""parts_of_speech"": [""noun""], ""source"": ""Oxford 3000"", ""original_line"": ""sentence n.""}"
september,A1,,,"[""noun""]","{""parts_of_speech"": [""noun""], ""source"": ""Oxford 3000"", ""original_line"": ""September n.""}"
seven,A1,,,"[""noun""]","{""parts_of_speech"": [""noun""], ""source"": ""Oxford 3000"", ""original_line"": ""seven number""}"
seventeen,A1,,,"[""noun""]","{""parts_of_speech"": [""noun""], ""source"": ""Oxford 3000"", ""original_line"": ""seventeen number""}"
seventy,A1,,,"[""noun""]","{""parts_of_speech"": [""noun""], ""source"": ""Oxford 3000"", ""original_line"": ""seventy number""}"
share,A1,,,"[""verb""]","{""parts_of_speech"": [""verb""], ""source"": ""Oxford 3000"", ""original_line"": ""share v.""}"
she,A1,,,"[""noun"", ""pronoun""]","{""parts_of_speech"": [""noun"", ""pronoun""], ""source"": ""Oxford 3000"", ""original_line"": ""she pron.""}"
sheep,A1,,,"[""noun""]","{""parts_of_speech"": [""noun""], ""source"": ""Oxford 3000"", ""original_line"": ""sheep n.""}"
shirt,A1,,,"[""noun""]","{""parts_of_speech"": [""noun""], ""source"": ""Oxford 3000"", ""original_line"": ""shirt n.""}"
shoe,A1,,,"[""noun""]","{""parts_of_speech"": [""noun""], ""source"": ""Oxford 3000"", ""original_line"": ""shoe n.""}"
shop,A1,,,"[""noun"", ""verb""]","{""parts_of_speech"": [""noun"", ""verb""], ""source"": ""Oxford 3000"", ""original_line"": ""shop n. , v.""}"
shopping,A1,,,"[""noun""]","{""parts_of_speech"": [""noun""], ""source"": ""Oxford 3000"", ""original_line"": ""shopping n.""}"
short,A1,,,"[""adjective""]","{""parts_of_speech"": [""adjective""], ""source"": ""Oxford 3000"", ""original_line"": ""short adj.""}"
should,A1,,,"[""verb"", ""modal verb""]","{""parts_of_speech"": [""verb"", ""modal verb""], ""source"": ""Oxford 3000"", ""original_line"": ""should modal v.""}"
show,A1,,,"[""noun"", ""verb""]","{""parts_of_speech"": [""noun"", ""verb""], ""source"": ""Oxford 3000"", ""original_line"": ""show v. , n.""}"
shower,A1,,,"[""noun""]","{""parts_of_speech"": [""noun""], ""source"": ""Oxford 3000"", ""original_line"": ""shower n.""}"
sick,A1,,,"[""adjective""]","{""parts_of_speech"": [""adjective""], ""source"": ""Oxford 3000"", ""original_line"": ""sick adj.""}"
similar,A1,,,"[""adjective""]","{""parts_of_speech"": [""adjective""], ""source"": ""Oxford 3000"", ""original_line"": ""similar adj.""}"
sing,A1,,,"[""verb""]","{""parts_of_speech"": [""verb""], ""source"": ""Oxford 3000"", ""original_line"": ""sing v.""}"
singer,A1,,,"[""noun""]","{""parts_of_speech"": [""noun""], ""source"": ""Oxford 3000"", ""original_line"": ""singer n.""}"
sister,A1,,,"[""noun""]","{""parts_of_speech"": [""noun""], ""source"": ""Oxford 3000"", ""original_line"": ""sister n.""}"
sit,A1,,,"[""verb""]","{""parts_of_speech"": [""verb""], ""source"": ""Oxford 3000"", ""original_line"": ""sit v.""}"
situation,A1,,,"[""noun""]","{""parts_of_speech"": [""noun""], ""source"": ""Oxford 3000"", ""original_line"": ""situation n.""}"
six,A1,,,"[""noun""]","{""parts_of_speech"": [""noun""], ""source"": ""Oxford 3000"", ""original_line"": ""six number""}"
sixteen,A1,,,"[""noun""]","{""parts_of_speech"": [""noun""], ""source"": ""Oxford 3000"", ""original_line"": ""sixteen number""}"
sixty,A1,,,"[""noun""]","{""parts_of_speech"": [""noun""], ""source"": ""Oxford 3000"", ""original_line"": ""sixty number""}"
skill,A1,,,"[""noun""]","{""parts_of_speech"": [""noun""], ""source"": ""Oxford 3000"", ""original_line"": ""skill n.""}"
skirt,A1,,,"[""noun""]","{""parts_of_speech"": [""noun""], ""source"": ""Oxford 3000"", ""original_line"": ""skirt n.""}"
sleep,A1,,,"[""verb""]","{""parts_of_speech"": [""verb""], ""source"": ""Oxford 3000"", ""original_line"": ""sleep v.""}"
slow,A1,,,"[""adjective""]","{""parts_of_speech"": [""adjective""], ""source"": ""Oxford 3000"", ""original_line"": ""slow adj.""}"
small,A1,,,"[""adjective""]","{""parts_of_speech"": [""adjective""], ""source"": ""Oxford 3000"", ""original_line"": ""small adj.""}"
snake,A1,,,"[""noun""]","{""parts_of_speech"": [""noun""], ""source"": ""Oxford 3000"", ""original_line"": ""snake n.""}"
snow,A1,,,"[""noun"", ""verb""]","{""parts_of_speech"": [""noun"", ""verb""], ""source"": ""Oxford 3000"", ""original_line"": ""snow n. , v.""}"
so,A1,,,"[""noun"", ""verb"", ""adverb"", ""conjunction""]","{""parts_of_speech"": [""noun"", ""verb"", ""adverb"", ""conjunction""], ""source"": ""Oxford 3000"", ""original_line"": ""so adv. , conj.""}"
some,A1,,,"[""noun"", ""determiner"", ""pronoun""]","{""parts_of_speech"": [""noun"", ""determiner"", ""pronoun""], ""source"": ""Oxford 3000"", ""original_line"": ""some det. , pron.""}"
somebody,A1,,,"[""noun"", ""pronoun""]","{""parts_of_speech"": [""noun"", ""pronoun""], ""source"": ""Oxford 3000"", ""original_line"": ""somebody pron.""}"
someone,A1,,,"[""noun"", ""pronoun""]","{""parts_of_speech"": [""noun"", ""pronoun""], ""source"": ""Oxford 3000"", ""original_line"": ""someone pron.""}"
something,A1,,,"[""noun"", ""pronoun""]","{""parts_of_speech"": [""noun"", ""pronoun""], ""source"": ""Oxford 3000"", ""original_line"": ""something pron.""}"
sometimes,A1,,,"[""verb"", ""adverb""]","{""parts_of_speech"": [""verb"", ""adverb""], ""source"": ""Oxford 3000"", ""original_line"": ""sometimes adv.""}"
son,A1,,,"[""noun""]","{""parts_of_speech"": [""noun""], ""source"": ""Oxford 3000"", ""original_line"": ""son n.""}"
song,A1,,,"[""noun""]","{""parts_of_speech"": [""noun""], ""source"": ""Oxford 3000"", ""original_line"": ""song n.""}"
soon,A1,,,"[""verb"", ""adverb""]","{""parts_of_speech"": [""verb"", ""adverb""], ""source"": ""Oxford 3000"", ""original_line"": ""soon adv.""}"
sorry,A1,,,"[""adjective"", ""exclamation""]","{""parts_of_speech"": [""adjective"", ""exclamation""], ""source"": ""Oxford 3000"", ""original_line"": ""sorry adj. , exclam.""}"
sound,A1,,,"[""noun"", ""verb""]","{""parts_of_speech"": [""noun"", ""verb""], ""source"": ""Oxford 3000"", ""original_line"": ""sound n. , v.""}"
soup,A1,,,"[""noun""]","{""parts_of_speech"": [""noun""], ""source"": ""Oxford 3000"", ""original_line"": ""soup n.""}"
south,A1,,,"[""noun"", ""verb"", ""adjective"", ""adverb""]","{""parts_of_speech"": [""noun"", ""verb"", ""adjective"", ""adverb""], ""source"": ""Oxford 3000"", ""original_line"": ""south n. , adj. , adv.""}"
space,A1,,,"[""noun""]","{""parts_of_speech"": [""noun""], ""source"": ""Oxford 3000"", ""original_line"": ""space n.""}"
speak,A1,,,"[""verb""]","{""parts_of_speech"": [""verb""], ""source"": ""Oxford 3000"", ""original_line"": ""speak v.""}"
special,A1,,,"[""adjective""]","{""parts_of_speech"": [""adjective""], ""source"": ""Oxford 3000"", ""original_line"": ""special adj.""}"
spell,A1,,,"[""verb""]","{""parts_of_speech"": [""verb""], ""source"": ""Oxford 3000"", ""original_line"": ""spell v.""}"
spelling,A1,,,"[""noun""]","{""parts_of_speech"": [""noun""], ""source"": ""Oxford 3000"", ""original_line"": ""spelling n.""}"
spend,A1,,,"[""verb""]","{""parts_of_speech"": [""verb""], ""source"": ""Oxford 3000"", ""original_line"": ""spend v.""}"
sport,A1,,,"[""noun""]","{""parts_of_speech"": [""noun""], ""source"": ""Oxford 3000"", ""original_line"": ""sport n.""}"
spring,A1,,,"[""noun""]","{""parts_of_speech"": [""noun""], ""source"": ""Oxford 3000"", ""original_line"": ""spring n.""}"
stand,A1,,,"[""verb""]","{""parts_of_speech"": [""verb""], ""source"": ""Oxford 3000"", ""original_line"": ""stand v.""}"
star,A1,,,"[""noun""]","{""parts_of_speech"": [""noun""], ""source"": ""Oxford 3000"", ""original_line"": ""star n.""}"
start,A1,,,"[""noun"", ""verb""]","{""parts_of_speech"": [""noun"", ""verb""], ""source"": ""Oxford 3000"", ""original_line"": ""start v.statement n.""}"
station,A1,,,"[""noun""]","{""parts_of_speech"": [""noun""], ""source"": ""Oxford 3000"", ""original_line"": ""station n.""}"
stay,A1,,,"[""verb""]","{""parts_of_speech"": [""verb""], ""source"": ""Oxford 3000"", ""original_line"": ""stay v.""}"
still,A1,,,"[""verb"", ""adverb""]","{""parts_of_speech"": [""verb"", ""adverb""], ""source"": ""Oxford 3000"", ""original_line"": ""still adv.""}"
stop,A1,,,"[""noun"", ""verb""]","{""parts_of_speech"": [""noun"", ""verb""], ""source"": ""Oxford 3000"", ""original_line"": ""stop v. , n.""}"
story,A1,,,"[""noun""]","{""parts_of_speech"": [""noun""], ""source"": ""Oxford 3000"", ""original_line"": ""story n.""}"
street,A1,,,"[""noun""]","{""parts_of_speech"": [""noun""], ""source"": ""Oxford 3000"", ""original_line"": ""street n.""}"
strong,A1,,,"[""adjective""]","{""parts_of_speech"": [""adjective""], ""source"": ""Oxford 3000"", ""original_line"": ""strong adj.""}"
student,A1,,,"[""noun""]","{""parts_of_speech"": [""noun""], ""source"": ""Oxford 3000"", ""original_line"": ""student n.""}"
study,A1,,,"[""noun"", ""verb""]","{""parts_of_speech"": [""noun"", ""verb""], ""source"": ""Oxford 3000"", ""original_line"": ""study n. , v.""}"
style,A1,,,"[""noun""]","{""parts_of_speech"": [""noun""], ""source"": ""Oxford 3000"", ""original_line"": ""style n.""}"
subject,A1,,,"[""noun""]","{""parts_of_speech"": [""noun""], ""source"": ""Oxford 3000"", ""original_line"": ""subject n.""}"
success,A1,,,"[""noun""]","{""parts_of_speech"": [""noun""], ""source"": ""Oxford 3000"", ""original_line"": ""success n.""}"
sugar,A1,,,"[""noun""]","{""parts_of_speech"": [""noun""], ""source"": ""Oxford 3000"", ""original_line"": ""sugar n.""}"
summer,A1,,,"[""noun""]","{""parts_of_speech"": [""noun""], ""source"": ""Oxford 3000"", ""original_line"": ""summer n.""}"
sun,A1,,,"[""noun""]","{""parts_of_speech"": [""noun""], ""source"": ""Oxford 3000"", ""original_line"": ""sun n.""}"
sunday,A1,,,"[""noun""]","{""parts_of_speech"": [""noun""], ""source"": ""Oxford 3000"", ""original_line"": ""Sunday n.""}"
supermarket,A1,,,"[""noun""]","{""parts_of_speech"": [""noun""], ""source"": ""Oxford 3000"", ""original_line"": ""supermarket n.""}"
sure,A1,,,"[""adjective""]","{""parts_of_speech"": [""adjective""], ""source"": ""Oxford 3000"", ""original_line"": ""sure adj.""}"
sweater,A1,,,"[""noun""]","{""parts_of_speech"": [""noun""], ""source"": ""Oxford 3000"", ""original_line"": ""sweater n.""}"
swim,A1,,,"[""verb""]","{""parts_of_speech"": [""verb""], ""source"": ""Oxford 3000"", ""original_line"": ""swim v.""}"
swimming,A1,,,"[""noun""]","{""parts_of_speech"": [""noun""], ""source"": ""Oxford 3000"", ""original_line"": ""swimming n.""}"
table,A1,,,"[""noun""]","{""parts_of_speech"": [""noun""], ""source"": ""Oxford 3000"", ""original_line"": ""table n.""}"
take,A1,,,"[""verb""]","{""parts_of_speech"": [""verb""], ""source"": ""Oxford 3000"", ""original_line"": ""take v.""}"
talk,A1,,,"[""verb""]","{""parts_of_speech"": [""verb""], ""source"": ""Oxford 3000"", ""original_line"": ""talk v.""}"
tall,A1,,,"[""adjective""]","{""parts_of_speech"": [""adjective""], ""source"": ""Oxford 3000"", ""original_line"": ""tall adj.""}"
taxi,A1,,,"[""noun""]","{""parts_of_speech"": [""noun""], ""source"": ""Oxford 3000"", ""original_line"": ""taxi n.""}"
tea,A1,,,"[""noun""]","{""parts_of_speech"": [""noun""], ""source"": ""Oxford 3000"", ""original_line"": ""tea n.""}"
teach,A1,,,"[""verb""]","{""parts_of_speech"": [""verb""], ""source"": ""Oxford 3000"", ""original_line"": ""teach v.""}"
teacher,A1,,,"[""noun""]","{""parts_of_speech"": [""noun""], ""source"": ""Oxford 3000"", ""original_line"": ""teacher n.""}"
team,A1,,,"[""noun""]","{""parts_of_speech"": [""noun""], ""source"": ""Oxford 3000"", ""original_line"": ""team n.""}"
teenager,A1,,,"[""noun""]","{""parts_of_speech"": [""noun""], ""source"": ""Oxford 3000"", ""original_line"": ""teenager n.""}"
telephone,A1,,,"[""noun"", ""verb""]","{""parts_of_speech"": [""noun"", ""verb""], ""source"": ""Oxford 3000"", ""original_line"": ""telephone n. , v.""}"
television,A1,,,"[""noun""]","{""parts_of_speech"": [""noun""], ""source"": ""Oxford 3000"", ""original_line"": ""television n.""}"
tell,A1,,,"[""verb""]","{""parts_of_speech"": [""verb""], ""source"": ""Oxford 3000"", ""original_line"": ""tell v.""}"
ten,A1,,,"[""noun""]","{""parts_of_speech"": [""noun""], ""source"": ""Oxford 3000"", ""original_line"": ""ten number""}"
tennis,A1,,,"[""noun""]","{""parts_of_speech"": [""noun""], ""source"": ""Oxford 3000"", ""original_line"": ""tennis n.""}"
terrible,A1,,,"[""adjective""]","{""parts_of_speech"": [""adjective""], ""source"": ""Oxford 3000"", ""original_line"": ""terrible adj.""}"
test,A1,,,"[""noun"", ""verb""]","{""parts_of_speech"": [""noun"", ""verb""], ""source"": ""Oxford 3000"", ""original_line"": ""test n. , v.""}"
text,A1,,,"[""noun""]","{""parts_of_speech"": [""noun""], ""source"": ""Oxford 3000"", ""original_line"": ""text n.""}"
than,A1,,,"[""noun"", ""conjunction""]","{""parts_of_speech"": [""noun"", ""conjunction""], ""source"": ""Oxford 3000"", ""original_line"": ""than conj.""}"
thank,A1,,,"[""verb""]","{""parts_of_speech"": [""verb""], ""source"": ""Oxford 3000"", ""original_line"": ""thank v.""}"
thanks,A1,,,"[""noun"", ""exclamation""]","{""parts_of_speech"": [""noun"", ""exclamation""], ""source"": ""Oxford 3000"", ""original_line"": ""thanks exclam. , n.""}"
that,A1,,,"[""noun"", ""conjunction"", ""determiner"", ""pronoun""]","{""parts_of_speech"": [""noun"", ""conjunction"", ""determiner"", ""pronoun""], ""source"": ""Oxford 3000"", ""original_line"": ""that det. , pron. , conj.""}"
the,A1,,,"[""noun""]","{""parts_of_speech"": [""noun""], ""source"": ""Oxford 3000"", ""original_line"": ""the definite article""}"
theatre,A1,,,"[""noun""]","{""parts_of_speech"": [""noun""], ""source"": ""Oxford 3000"", ""original_line"": ""theatre n.""}"
their,A1,,,"[""determiner""]","{""parts_of_speech"": [""determiner""], ""source"": ""Oxford 3000"", ""original_line"": ""their det.""}"
them,A1,,,"[""noun"", ""pronoun""]","{""parts_of_speech"": [""noun"", ""pronoun""], ""source"": ""Oxford 3000"", ""original_line"": ""them pron.""}"
then,A1,,,"[""verb"", ""adverb""]","{""parts_of_speech"": [""verb"", ""adverb""], ""source"": ""Oxford 3000"", ""original_line"": ""then adv.""}"
there,A1,,,"[""verb"", ""adverb""]","{""parts_of_speech"": [""verb"", ""adverb""], ""source"": ""Oxford 3000"", ""original_line"": ""there adv.""}"
they,A1,,,"[""noun"", ""pronoun""]","{""parts_of_speech"": [""noun"", ""pronoun""], ""source"": ""Oxford 3000"", ""original_line"": ""they pron.""}"
thing,A1,,,"[""noun""]","{""parts_of_speech"": [""noun""], ""source"": ""Oxford 3000"", ""original_line"": ""thing n.""}"
think,A1,,,"[""verb""]","{""parts_of_speech"": [""verb""], ""source"": ""Oxford 3000"", ""original_line"": ""think v.""}"
third,A1,,,"[""noun""]","{""parts_of_speech"": [""noun""], ""source"": ""Oxford 3000"", ""original_line"": ""third number""}"
thirsty,A1,,,"[""adjective""]","{""parts_of_speech"": [""adjective""], ""source"": ""Oxford 3000"", ""original_line"": ""thirsty adj.""}"
thirteen,A1,,,"[""noun""]","{""parts_of_speech"": [""noun""], ""source"": ""Oxford 3000"", ""original_line"": ""thirteen number""}"
thirty,A1,,,"[""noun""]","{""parts_of_speech"": [""noun""], ""source"": ""Oxford 3000"", ""original_line"": ""thirty number""}"
this,A1,,,"[""noun"", ""determiner"", ""pronoun""]","{""parts_of_speech"": [""noun"", ""determiner"", ""pronoun""], ""source"": ""Oxford 3000"", ""original_line"": ""this det./pron.""}"
thousand,A1,,,"[""noun""]","{""parts_of_speech"": [""noun""], ""source"": ""Oxford 3000"", ""original_line"": ""thousand number""}"
three,A1,,,"[""noun""]","{""parts_of_speech"": [""noun""], ""source"": ""Oxford 3000"", ""original_line"": ""three number""}"
through,A1,,,"[""verb"", ""adverb"", ""preposition""]","{""parts_of_speech"": [""verb"", ""adverb"", ""preposition""], ""source"": ""Oxford 3000"", ""original_line"": ""through prep. , adv.""}"
thursday,A1,,,"[""noun""]","{""parts_of_speech"": [""noun""], ""source"": ""Oxford 3000"", ""original_line"": ""Thursday n.""}"
ticket,A1,,,"[""noun""]","{""parts_of_speech"": [""noun""], ""source"": ""Oxford 3000"", ""original_line"": ""ticket n.""}"
time,A1,,,"[""noun""]","{""parts_of_speech"": [""noun""], ""source"": ""Oxford 3000"", ""original_line"": ""time n.""}"
tired,A1,,,"[""adjective""]","{""parts_of_speech"": [""adjective""], ""source"": ""Oxford 3000"", ""original_line"": ""tired adj.""}"
title,A1,,,"[""noun""]","{""parts_of_speech"": [""noun""], ""source"": ""Oxford 3000"", ""original_line"": ""title n.""}"
to,A1,,,"[""noun"", ""verb"", ""preposition""]","{""parts_of_speech"": [""noun"", ""verb"", ""preposition""], ""source"": ""Oxford 3000"", ""original_line"": ""to prep. , infinitive marker""}"
today,A1,,,"[""noun"", ""verb"", ""adverb""]","{""parts_of_speech"": [""noun"", ""verb"", ""adverb""], ""source"": ""Oxford 3000"", ""original_line"": ""today adv. , n.""}"
together,A1,,,"[""verb"", ""adverb""]","{""parts_of_speech"": [""verb"", ""adverb""], ""source"": ""Oxford 3000"", ""original_line"": ""together adv.""}"
toilet,A1,,,"[""noun""]","{""parts_of_speech"": [""noun""], ""source"": ""Oxford 3000"", ""original_line"": ""toilet n.""}"
tomorrow,A1,,,"[""noun"", ""verb"", ""adverb""]","{""parts_of_speech"": [""noun"", ""verb"", ""adverb""], ""source"": ""Oxford 3000"", ""original_line"": ""tomorrow adv. , n.""}"
tonight,A1,,,"[""noun"", ""verb"", ""adverb""]","{""parts_of_speech"": [""noun"", ""verb"", ""adverb""], ""source"": ""Oxford 3000"", ""original_line"": ""tonight adv. , n.""}"
too,A1,,,"[""verb"", ""adverb""]","{""parts_of_speech"": [""verb"", ""adverb""], ""source"": ""Oxford 3000"", ""original_line"": ""too adv.""}"
tooth,A1,,,"[""noun""]","{""parts_of_speech"": [""noun""], ""source"": ""Oxford 3000"", ""original_line"": ""tooth n.""}"
topic,A1,,,"[""noun""]","{""parts_of_speech"": [""noun""], ""source"": ""Oxford 3000"", ""original_line"": ""topic n.""}"
tourist,A1,,,"[""noun""]","{""parts_of_speech"": [""noun""], ""source"": ""Oxford 3000"", ""original_line"": ""tourist n.""}"
town,A1,,,"[""noun""]","{""parts_of_speech"": [""noun""], ""source"": ""Oxford 3000"", ""original_line"": ""town n.""}"
traffic,A1,,,"[""noun""]","{""parts_of_speech"": [""noun""], ""source"": ""Oxford 3000"", ""original_line"": ""traffic n.""}"
train,A1,,,"[""noun""]","{""parts_of_speech"": [""noun""], ""source"": ""Oxford 3000"", ""original_line"": ""train n.""}"
travel,A1,,,"[""noun"", ""verb""]","{""parts_of_speech"": [""noun"", ""verb""], ""source"": ""Oxford 3000"", ""original_line"": ""travel v. , n.""}"
tree,A1,,,"[""noun""]","{""parts_of_speech"": [""noun""], ""source"": ""Oxford 3000"", ""original_line"": ""tree n.""}"
trip,A1,,,"[""noun""]","{""parts_of_speech"": [""noun""], ""source"": ""Oxford 3000"", ""original_line"": ""trip n.""}"
trousers,A1,,,"[""noun""]","{""parts_of_speech"": [""noun""], ""source"": ""Oxford 3000"", ""original_line"": ""trousers n.""}"
true,A1,,,"[""adjective""]","{""parts_of_speech"": [""adjective""], ""source"": ""Oxford 3000"", ""original_line"": ""true adj.""}"
try,A1,,,"[""verb""]","{""parts_of_speech"": [""verb""], ""source"": ""Oxford 3000"", ""original_line"": ""try v.""}"
t-shirt,A1,,,"[""noun""]","{""parts_of_speech"": [""noun""], ""source"": ""Oxford 3000"", ""original_line"": ""T-shirt n.""}"
tuesday,A1,,,"[""noun""]","{""parts_of_speech"": [""noun""], ""source"": ""Oxford 3000"", ""original_line"": ""Tuesday n.""}"
turn,A1,,,"[""noun"", ""verb""]","{""parts_of_speech"": [""noun"", ""verb""], ""source"": ""Oxford 3000"", ""original_line"": ""turn v. , n.""}"
tv,A1,,,"[""noun""]","{""parts_of_speech"": [""noun""], ""source"": ""Oxford 3000"", ""original_line"": ""TV n.""}"
twelve,A1,,,"[""noun""]","{""parts_of_speech"": [""noun""], ""source"": ""Oxford 3000"", ""original_line"": ""twelve number""}"
twenty,A1,,,"[""noun""]","{""parts_of_speech"": [""noun""], ""source"": ""Oxford 3000"", ""original_line"": ""twenty number""}"
twice,A1,,,"[""verb"", ""adverb""]","{""parts_of_speech"": [""verb"", ""adverb""], ""source"": ""Oxford 3000"", ""original_line"": ""twice adv.""}"
two,A1,,,"[""noun""]","{""parts_of_speech"": [""noun""], ""source"": ""Oxford 3000"", ""original_line"": ""two number""}"
type,A1,,,"[""noun""]","{""parts_of_speech"": [""noun""], ""source"": ""Oxford 3000"", ""original_line"": ""type n.""}"
umbrella,A1,,,"[""noun""]","{""parts_of_speech"": [""noun""], ""source"": ""Oxford 3000"", ""original_line"": ""umbrella n.""}"
uncle,A1,,,"[""noun""]","{""parts_of_speech"": [""noun""], ""source"": ""Oxford 3000"", ""original_line"": ""uncle n.""}"
under,A1,,,"[""verb"", ""adverb"", ""preposition""]","{""parts_of_speech"": [""verb"", ""adverb"", ""preposition""], ""source"": ""Oxford 3000"", ""original_line"": ""under prep. , adv.""}"
understand,A1,,,"[""verb""]","{""parts_of_speech"": [""verb""], ""source"": ""Oxford 3000"", ""original_line"": ""understand v.""}"
university,A1,,,"[""noun""]","{""parts_of_speech"": [""noun""], ""source"": ""Oxford 3000"", ""original_line"": ""university n.""}"
until,A1,,,"[""noun"", ""preposition"", ""conjunction""]","{""parts_of_speech"": [""noun"", ""preposition"", ""conjunction""], ""source"": ""Oxford 3000"", ""original_line"": ""until conj./prep.""}"
up,A1,,,"[""verb"", ""adverb"", ""preposition""]","{""parts_of_speech"": [""verb"", ""adverb"", ""preposition""], ""source"": ""Oxford 3000"", ""original_line"": ""up adv. , prep.""}"
upstairs,A1,,,"[""verb"", ""adverb""]","{""parts_of_speech"": [""verb"", ""adverb""], ""source"": ""Oxford 3000"", ""original_line"": ""upstairs adv.""}"
us,A1,,,"[""noun"", ""pronoun""]","{""parts_of_speech"": [""noun"", ""pronoun""], ""source"": ""Oxford 3000"", ""original_line"": ""us pron.""}"
use,A1,,,"[""verb""]","{""parts_of_speech"": [""verb""], ""source"": ""Oxford 3000"", ""original_line"": ""use v.""}"
useful,A1,,,"[""adjective""]","{""parts_of_speech"": [""adjective""], ""source"": ""Oxford 3000"", ""original_line"": ""useful adj.""}"
usually,A1,,,"[""verb"", ""adverb""]","{""parts_of_speech"": [""verb"", ""adverb""], ""source"": ""Oxford 3000"", ""original_line"": ""usually adv.""}"
vacation,A1,,,"[""noun""]","{""parts_of_speech"": [""noun""], ""source"": ""Oxford 3000"", ""original_line"": ""vacation n.""}"
vegetable,A1,,,"[""noun""]","{""parts_of_speech"": [""noun""], ""source"": ""Oxford 3000"", ""original_line"": ""vegetable n.""}"
very,A1,,,"[""verb"", ""adverb""]","{""parts_of_speech"": [""verb"", ""adverb""], ""source"": ""Oxford 3000"", ""original_line"": ""very adv.""}"
video,A1,,,"[""noun""]","{""parts_of_speech"": [""noun""], ""source"": ""Oxford 3000"", ""original_line"": ""video n.""}"
village,A1,,,"[""noun""]","{""parts_of_speech"": [""noun""], ""source"": ""Oxford 3000"", ""original_line"": ""village n.""}"
visit,A1,,,"[""noun"", ""verb""]","{""parts_of_speech"": [""noun"", ""verb""], ""source"": ""Oxford 3000"", ""original_line"": ""visit v. , n.""}"
visitor,A1,,,"[""noun""]","{""parts_of_speech"": [""noun""], ""source"": ""Oxford 3000"", ""original_line"": ""visitor n.""}"
wait,A1,,,"[""verb""]","{""parts_of_speech"": [""verb""], ""source"": ""Oxford 3000"", ""original_line"": ""wait v.""}"
waiter,A1,,,"[""noun""]","{""parts_of_speech"": [""noun""], ""source"": ""Oxford 3000"", ""original_line"": ""waiter n.""}"
wake,A1,,,"[""verb""]","{""parts_of_speech"": [""verb""], ""source"": ""Oxford 3000"", ""original_line"": ""wake v.""}"
walk,A1,,,"[""noun"", ""verb""]","{""parts_of_speech"": [""noun"", ""verb""], ""source"": ""Oxford 3000"", ""original_line"": ""walk v. , n.""}"
wall,A1,,,"[""noun""]","{""parts_of_speech"": [""noun""], ""source"": ""Oxford 3000"", ""original_line"": ""wall n.""}"
want,A1,,,"[""verb""]","{""parts_of_speech"": [""verb""], ""source"": ""Oxford 3000"", ""original_line"": ""want v.""}"
warm,A1,,,"[""adjective""]","{""parts_of_speech"": [""adjective""], ""source"": ""Oxford 3000"", ""original_line"": ""warm adj.""}"
wash,A1,,,"[""verb""]","{""parts_of_speech"": [""verb""], ""source"": ""Oxford 3000"", ""original_line"": ""wash v.""}"
watch,A1,,,"[""noun"", ""verb""]","{""parts_of_speech"": [""noun"", ""verb""], ""source"": ""Oxford 3000"", ""original_line"": ""watch v. , n.""}"
water,A1,,,"[""noun""]","{""parts_of_speech"": [""noun""], ""source"": ""Oxford 3000"", ""original_line"": ""water n.""}"
way,A1,,,"[""noun""]","{""parts_of_speech"": [""noun""], ""source"": ""Oxford 3000"", ""original_line"": ""way n.""}"
we,A1,,,"[""noun"", ""pronoun""]","{""parts_of_speech"": [""noun"", ""pronoun""], ""source"": ""Oxford 3000"", ""original_line"": ""we pron.""}"
wear,A1,,,"[""verb""]","{""parts_of_speech"": [""verb""], ""source"": ""Oxford 3000"", ""original_line"": ""wear v.""}"
weather,A1,,,"[""noun""]","{""parts_of_speech"": [""noun""], ""source"": ""Oxford 3000"", ""original_line"": ""weather n.""}"
website,A1,,,"[""noun""]","{""parts_of_speech"": [""noun""], ""source"": ""Oxford 3000"", ""original_line"": ""website n.""}"
wednesday,A1,,,"[""noun""]","{""parts_of_speech"": [""noun""], ""source"": ""Oxford 3000"", ""original_line"": ""Wednesday n.""}"
week,A1,,,"[""noun""]","{""parts_of_speech"": [""noun""], ""source"": ""Oxford 3000"", ""original_line"": ""week n.""}"
weekend,A1,,,"[""noun""]","{""parts_of_speech"": [""noun""], ""source"": ""Oxford 3000"", ""original_line"": ""weekend n.""}"
welcome,A1,,,"[""verb"", ""adjective"", ""exclamation""]","{""parts_of_speech"": [""verb"", ""adjective"", ""exclamation""], ""source"": ""Oxford 3000"", ""original_line"": ""welcome exclam. , v., adj.""}"
well,A1,,,"[""verb"", ""adjective"", ""adverb"", ""exclamation""]","{""parts_of_speech"": [""verb"", ""adjective"", ""adverb"", ""exclamation""], ""source"": ""Oxford 3000"", ""original_line"": ""well adv. , adj. , exclam.""}"
west,A1,,,"[""noun"", ""verb"", ""adjective"", ""adverb""]","{""parts_of_speech"": [""noun"", ""verb"", ""adjective"", ""adverb""], ""source"": ""Oxford 3000"", ""original_line"": ""west n. , adj. , adv.""}"
what,A1,,,"[""noun"", ""determiner"", ""pronoun""]","{""parts_of_speech"": [""noun"", ""determiner"", ""pronoun""], ""source"": ""Oxford 3000"", ""original_line"": ""what pron./det.""}"
when,A1,,,"[""noun"", ""verb"", ""adverb"", ""conjunction"", ""pronoun""]","{""parts_of_speech"": [""noun"", ""verb"", ""adverb"", ""conjunction"", ""pronoun""], ""source"": ""Oxford 3000"", ""original_line"": ""when adv. , pron. , conj.""}"
where,A1,,,"[""noun"", ""verb"", ""adverb"", ""conjunction""]","{""parts_of_speech"": [""noun"", ""verb"", ""adverb"", ""conjunction""], ""source"": ""Oxford 3000"", ""original_line"": ""where adv. , conj.""}"
which,A1,,,"[""noun"", ""determiner"", ""pronoun""]","{""parts_of_speech"": [""noun"", ""determiner"", ""pronoun""], ""source"": ""Oxford 3000"", ""original_line"": ""which pron./det.""}"
white,A1,,,"[""noun"", ""adjective"", ""pronoun""]","{""parts_of_speech"": [""noun"", ""adjective"", ""pronoun""], ""source"": ""Oxford 3000"", ""original_line"": ""white adj. , n.who pron.""}"
why,A1,,,"[""verb"", ""adverb""]","{""parts_of_speech"": [""verb"", ""adverb""], ""source"": ""Oxford 3000"", ""original_line"": ""why adv.""}"
wife,A1,,,"[""noun""]","{""parts_of_speech"": [""noun""], ""source"": ""Oxford 3000"", ""original_line"": ""wife n.""}"
will,A1,,,"[""verb"", ""modal verb""]","{""parts_of_speech"": [""verb"", ""modal verb""], ""source"": ""Oxford 3000"", ""original_line"": ""will modal v.""}"
win,A1,,,"[""verb""]","{""parts_of_speech"": [""verb""], ""source"": ""Oxford 3000"", ""original_line"": ""win v.""}"
window,A1,,,"[""noun""]","{""parts_of_speech"": [""noun""], ""source"": ""Oxford 3000"", ""original_line"": ""window n.""}"
wine,A1,,,"[""noun""]","{""parts_of_speech"": [""noun""], ""source"": ""Oxford 3000"", ""original_line"": ""wine n.""}"
winter,A1,,,"[""noun""]","{""parts_of_speech"": [""noun""], ""source"": ""Oxford 3000"", ""original_line"": ""winter n.""}"
with,A1,,,"[""preposition""]","{""parts_of_speech"": [""preposition""], ""source"": ""Oxford 3000"", ""original_line"": ""with prep.""}"
without,A1,,,"[""preposition""]","{""parts_of_speech"": [""preposition""], ""source"": ""Oxford 3000"", ""original_line"": ""without prep.""}"
woman,A1,,,"[""noun""]","{""parts_of_speech"": [""noun""], ""source"": ""Oxford 3000"", ""original_line"": ""woman n.""}"
wonderful,A1,,,"[""adjective""]","{""parts_of_speech"": [""adjective""], ""source"": ""Oxford 3000"", ""original_line"": ""wonderful adj.""}"
word,A1,,,"[""noun""]","{""parts_of_speech"": [""noun""], ""source"": ""Oxford 3000"", ""original_line"": ""word n.""}"
work,A1,,,"[""noun"", ""verb""]","{""parts_of_speech"": [""noun"", ""verb""], ""source"": ""Oxford 3000"", ""original_line"": ""work v. , n.""}"
worker,A1,,,"[""noun""]","{""parts_of_speech"": [""noun""], ""source"": ""Oxford 3000"", ""original_line"": ""worker n.""}"
world,A1,,,"[""noun""]","{""parts_of_speech"": [""noun""], ""source"": ""Oxford 3000"", ""original_line"": ""world n.""}"
would,A1,,,"[""verb"", ""modal verb""]","{""parts_of_speech"": [""verb"", ""modal verb""], ""source"": ""Oxford 3000"", ""original_line"": ""would modal v.""}"
write,A1,,,"[""verb""]","{""parts_of_speech"": [""verb""], ""source"": ""Oxford 3000"", ""original_line"": ""write v.""}"
writer,A1,,,"[""noun""]","{""parts_of_speech"": [""noun""], ""source"": ""Oxford 3000"", ""original_line"": ""writer n.""}"
writing,A1,,,"[""noun""]","{""parts_of_speech"": [""noun""], ""source"": ""Oxford 3000"", ""original_line"": ""writing n.""}"
wrong,A1,,,"[""adjective""]","{""parts_of_speech"": [""adjective""], ""source"": ""Oxford 3000"", ""original_line"": ""wrong adj.""}"
yeah,A1,,,"[""exclamation""]","{""parts_of_speech"": [""exclamation""], ""source"": ""Oxford 3000"", ""original_line"": ""yeah exclam.""}"
year,A1,,,"[""noun""]","{""parts_of_speech"": [""noun""], ""source"": ""Oxford 3000"", ""original_line"": ""year n.""}"
yellow,A1,,,"[""noun"", ""adjective""]","{""parts_of_speech"": [""noun"", ""adjective""], ""source"": ""Oxford 3000"", ""original_line"": ""yellow adj. , n.""}"
yes,A1,,,"[""exclamation""]","{""parts_of_speech"": [""exclamation""], ""source"": ""Oxford 3000"", ""original_line"": ""yes exclam.""}"
yesterday,A1,,,"[""noun"", ""verb"", ""adverb""]","{""parts_of_speech"": [""noun"", ""verb"", ""adverb""], ""source"": ""Oxford 3000"", ""original_line"": ""yesterday adv. , n.""}"
you,A1,,,"[""noun"", ""pronoun""]","{""parts_of_speech"": [""noun"", ""pronoun""], ""source"": ""Oxford 3000"", ""original_line"": ""you pron.""}"
young,A1,,,"[""adjective""]","{""parts_of_speech"": [""adjective""], ""source"": ""Oxford 3000"", ""original_line"": ""young adj.""}"
your,A1,,,"[""determiner""]","{""parts_of_speech"": [""determiner""], ""source"": ""Oxford 3000"", ""original_line"": ""your det.""}"
yourself,A1,,,"[""noun"", ""pronoun""]","{""parts_of_speech"": [""noun"", ""pronoun""], ""source"": ""Oxford 3000"", ""original_line"": ""yourself pron.""}"
ability,A2,,,"[""noun""]","{""parts_of_speech"": [""noun""], ""source"": ""Oxford 3000"", ""original_line"": ""ability n.""}"
able,A2,,,"[""adjective""]","{""parts_of_speech"": [""adjective""], ""source"": ""Oxford 3000"", ""original_line"": ""able adj.""}"
abroad,A2,,,"[""verb"", ""adverb""]","{""parts_of_speech"": [""verb"", ""adverb""], ""source"": ""Oxford 3000"", ""original_line"": ""abroad adv.""}"
accept,A2,,,"[""verb""]","{""parts_of_speech"": [""verb""], ""source"": ""Oxford 3000"", ""original_line"": ""accept v.""}"
accident,A2,,,"[""noun""]","{""parts_of_speech"": [""noun""], ""source"": ""Oxford 3000"", ""original_line"": ""accident n.""}"
according,A2,,,"[""preposition""]","{""parts_of_speech"": [""preposition""], ""source"": ""Oxford 3000"", ""original_line"": ""according\u00a0to prep.""}"
achieve,A2,,,"[""verb""]","{""parts_of_speech"": [""verb""], ""source"": ""Oxford 3000"", ""original_line"": ""achieve v.""}"
act,A2,,,"[""verb""]","{""parts_of_speech"": [""verb""], ""source"": ""Oxford 3000"", ""original_line"": ""act v.""}"
active,A2,,,"[""adjective""]","{""parts_of_speech"": [""adjective""], ""source"": ""Oxford 3000"", ""original_line"": ""active adj.""}"
actually,A2,,,"[""verb"", ""adverb""]","{""parts_of_speech"": [""verb"", ""adverb""], ""source"": ""Oxford 3000"", ""original_line"": ""actually adv.""}"
advantage,A2,,,"[""noun""]","{""parts_of_speech"": [""noun""], ""source"": ""Oxford 3000"", ""original_line"": ""advantage n.""}"
adventure,A2,,,"[""noun""]","{""parts_of_speech"": [""noun""], ""source"": ""Oxford 3000"", ""original_line"": ""adventure n.""}"
advertise,A2,,,"[""verb""]","{""parts_of_speech"": [""verb""], ""source"": ""Oxford 3000"", ""original_line"": ""advertise v.""}"
advertisement,A2,,,"[""noun""]","{""parts_of_speech"": [""noun""], ""source"": ""Oxford 3000"", ""original_line"": ""advertisement n.""}"
advertising,A2,,,"[""noun""]","{""parts_of_speech"": [""noun""], ""source"": ""Oxford 3000"", ""original_line"": ""advertising n.""}"
affect,A2,,,"[""verb""]","{""parts_of_speech"": [""verb""], ""source"": ""Oxford 3000"", ""original_line"": ""affect v.""}"
against,A2,,,"[""preposition""]","{""parts_of_speech"": [""preposition""], ""source"": ""Oxford 3000"", ""original_line"": ""against prep.""}"
ah,A2,,,"[""exclamation""]","{""parts_of_speech"": [""exclamation""], ""source"": ""Oxford 3000"", ""original_line"": ""ah exclam.""}"
airline,A2,,,"[""noun""]","{""parts_of_speech"": [""noun""], ""source"": ""Oxford 3000"", ""original_line"": ""airline n.""}"
alive,A2,,,"[""adjective""]","{""parts_of_speech"": [""adjective""], ""source"": ""Oxford 3000"", ""original_line"": ""alive adj.""}"
allow,A2,,,"[""verb""]","{""parts_of_speech"": [""verb""], ""source"": ""Oxford 3000"", ""original_line"": ""allow v.""}"
almost,A2,,,"[""verb"", ""adverb""]","{""parts_of_speech"": [""verb"", ""adverb""], ""source"": ""Oxford 3000"", ""original_line"": ""almost adv.""}"
alone,A2,,,"[""verb"", ""adjective"", ""adverb""]","{""parts_of_speech"": [""verb"", ""adjective"", ""adverb""], ""source"": ""Oxford 3000"", ""original_line"": ""alone adj./adv.""}"
along,A2,,,"[""verb"", ""adverb"", ""preposition""]","{""parts_of_speech"": [""verb"", ""adverb"", ""preposition""], ""source"": ""Oxford 3000"", ""original_line"": ""along prep. , adv.""}"
already,A2,,,"[""verb"", ""adverb""]","{""parts_of_speech"": [""verb"", ""adverb""], ""source"": ""Oxford 3000"", ""original_line"": ""already adv.""}"
alternative,A2,,,"[""noun""]","{""parts_of_speech"": [""noun""], ""source"": ""Oxford 3000"", ""original_line"": ""alternative n.""}"
although,A2,,,"[""noun"", ""conjunction""]","{""parts_of_speech"": [""noun"", ""conjunction""], ""source"": ""Oxford 3000"", ""original_line"": ""although conj.""}"
among,A2,,,"[""preposition""]","{""parts_of_speech"": [""preposition""], ""source"": ""Oxford 3000"", ""original_line"": ""among prep.""}"
amount,A2,,,"[""noun""]","{""parts_of_speech"": [""noun""], ""source"": ""Oxford 3000"", ""original_line"": ""amount n.""}"
ancient,A2,,,"[""adjective""]","{""parts_of_speech"": [""adjective""], ""source"": ""Oxford 3000"", ""original_line"": ""ancient adj.""}"
ankle,A2,,,"[""noun""]","{""parts_of_speech"": [""noun""], ""source"": ""Oxford 3000"", ""original_line"": ""ankle n.""}"
anyway,A2,,,"[""verb"", ""adverb""]","{""parts_of_speech"": [""verb"", ""adverb""], ""source"": ""Oxford 3000"", ""original_line"": ""anyway adv.""}"
anywhere,A2,,,"[""noun"", ""verb"", ""adverb"", ""pronoun""]","{""parts_of_speech"": [""noun"", ""verb"", ""adverb"", ""pronoun""], ""source"": ""Oxford 3000"", ""original_line"": ""anywhere adv. , pron.""}"
app,A2,,,"[""noun""]","{""parts_of_speech"": [""noun""], ""source"": ""Oxford 3000"", ""original_line"": ""app n.""}"
appear,A2,,,"[""verb""]","{""parts_of_speech"": [""verb""], ""source"": ""Oxford 3000"", ""original_line"": ""appear v.""}"
appearance,A2,,,"[""noun""]","{""parts_of_speech"": [""noun""], ""source"": ""Oxford 3000"", ""original_line"": ""appearance n.""}"
apply,A2,,,"[""verb""]","{""parts_of_speech"": [""verb""], ""source"": ""Oxford 3000"", ""original_line"": ""apply v.""}"
architect,A2,,,"[""noun""]","{""parts_of_speech"": [""noun""], ""source"": ""Oxford 3000"", ""original_line"": ""architect n.""}"
architecture,A2,,,"[""noun""]","{""parts_of_speech"": [""noun""], ""source"": ""Oxford 3000"", ""original_line"": ""architecture n.""}"
argue,A2,,,"[""verb""]","{""parts_of_speech"": [""verb""], ""source"": ""Oxford 3000"", ""original_line"": ""argue v.""}"
argument,A2,,,"[""noun""]","{""parts_of_speech"": [""noun""], ""source"": ""Oxford 3000"", ""original_line"": ""argument n.""}"
army,A2,,,"[""noun""]","{""parts_of_speech"": [""noun""], ""source"": ""Oxford 3000"", ""original_line"": ""army n.""}"
arrange,A2,,,"[""verb""]","{""parts_of_speech"": [""verb""], ""source"": ""Oxford 3000"", ""original_line"": ""arrange v.""}"
arrangement,A2,,,"[""noun""]","{""parts_of_speech"": [""noun""], ""source"": ""Oxford 3000"", ""original_line"": ""arrangement n.""}"
asleep,A2,,,"[""adjective""]","{""parts_of_speech"": [""adjective""], ""source"": ""Oxford 3000"", ""original_line"": ""asleep adj.""}"
assistant,A2,,,"[""noun"", ""adjective""]","{""parts_of_speech"": [""noun"", ""adjective""], ""source"": ""Oxford 3000"", ""original_line"": ""assistant n. , adj.""}"
athlete,A2,,,"[""noun""]","{""parts_of_speech"": [""noun""], ""source"": ""Oxford 3000"", ""original_line"": ""athlete n.""}"
attack,A2,,,"[""noun"", ""verb""]","{""parts_of_speech"": [""noun"", ""verb""], ""source"": ""Oxford 3000"", ""original_line"": ""attack n. , v.""}"
attend,A2,,,"[""verb""]","{""parts_of_speech"": [""verb""], ""source"": ""Oxford 3000"", ""original_line"": ""attend v.""}"
attention,A2,,,"[""noun"", ""exclamation""]","{""parts_of_speech"": [""noun"", ""exclamation""], ""source"": ""Oxford 3000"", ""original_line"": ""attention n. , exclam.""}"
attractive,A2,,,"[""adjective""]","{""parts_of_speech"": [""adjective""], ""source"": ""Oxford 3000"", ""original_line"": ""attractive adj.""}"
audience,A2,,,"[""noun""]","{""parts_of_speech"": [""noun""], ""source"": ""Oxford 3000"", ""original_line"": ""audience n.""}"
author,A2,,,"[""noun""]","{""parts_of_speech"": [""noun""], ""source"": ""Oxford 3000"", ""original_line"": ""author n.""}"
available,A2,,,"[""adjective""]","{""parts_of_speech"": [""adjective""], ""source"": ""Oxford 3000"", ""original_line"": ""available adj.""}"
average,A2,,,"[""noun"", ""adjective""]","{""parts_of_speech"": [""noun"", ""adjective""], ""source"": ""Oxford 3000"", ""original_line"": ""average adj. , n.""}"
avoid,A2,,,"[""verb""]","{""parts_of_speech"": [""verb""], ""source"": ""Oxford 3000"", ""original_line"": ""avoid v.""}"
award,A2,,,"[""noun""]","{""parts_of_speech"": [""noun""], ""source"": ""Oxford 3000"", ""original_line"": ""award n.""}"
awful,A2,,,"[""adjective""]","{""parts_of_speech"": [""adjective""], ""source"": ""Oxford 3000"", ""original_line"": ""awful adj.""}"
background,A2,,,"[""noun""]","{""parts_of_speech"": [""noun""], ""source"": ""Oxford 3000"", ""original_line"": ""background n.""}"
badly,A2,,,"[""verb"", ""adverb""]","{""parts_of_speech"": [""verb"", ""adverb""], ""source"": ""Oxford 3000"", ""original_line"": ""badly adv.""}"
bar,A2,,,"[""noun""]","{""parts_of_speech"": [""noun""], ""source"": ""Oxford 3000"", ""original_line"": ""bar n.""}"
baseball,A2,,,"[""noun""]","{""parts_of_speech"": [""noun""], ""source"": ""Oxford 3000"", ""original_line"": ""baseball n.""}"
based,A2,,,"[""adjective""]","{""parts_of_speech"": [""adjective""], ""source"": ""Oxford 3000"", ""original_line"": ""based adj.""}"
basketball,A2,,,"[""noun""]","{""parts_of_speech"": [""noun""], ""source"": ""Oxford 3000"", ""original_line"": ""basketball n.""}"
bean,A2,,,"[""noun""]","{""parts_of_speech"": [""noun""], ""source"": ""Oxford 3000"", ""original_line"": ""bean n.""}"
bear,A2,,,"[""noun""]","{""parts_of_speech"": [""noun""], ""source"": ""Oxford 3000"", ""original_line"": ""bear (animal) n.""}"
beat,A2,,,"[""verb""]","{""parts_of_speech"": [""verb""], ""source"": ""Oxford 3000"", ""original_line"": ""beat v.""}"
beef,A2,,,"[""noun""]","{""parts_of_speech"": [""noun""], ""source"": ""Oxford 3000"", ""original_line"": ""beef n.""}"
behave,A2,,,"[""verb""]","{""parts_of_speech"": [""verb""], ""source"": ""Oxford 3000"", ""original_line"": ""behave v.""}"
behaviour,A2,,,"[""noun""]","{""parts_of_speech"": [""noun""], ""source"": ""Oxford 3000"", ""original_line"": ""behaviour n.""}"
belong,A2,,,"[""verb""]","{""parts_of_speech"": [""verb""], ""source"": ""Oxford 3000"", ""original_line"": ""belong v.""}"
belt,A2,,,"[""noun""]","{""parts_of_speech"": [""noun""], ""source"": ""Oxford 3000"", ""original_line"": ""belt n.""}"
benefit,A2,,,"[""noun""]","{""parts_of_speech"": [""noun""], ""source"": ""Oxford 3000"", ""original_line"": ""benefit n.""}"
billion,A2,,,"[""noun""]","{""parts_of_speech"": [""noun""], ""source"": ""Oxford 3000"", ""original_line"": ""billion number""}"
bin,A2,,,"[""noun""]","{""parts_of_speech"": [""noun""], ""source"": ""Oxford 3000"", ""original_line"": ""bin n.""}"
biology,A2,,,"[""noun""]","{""parts_of_speech"": [""noun""], ""source"": ""Oxford 3000"", ""original_line"": ""biology n.""}"
birth,A2,,,"[""noun""]","{""parts_of_speech"": [""noun""], ""source"": ""Oxford 3000"", ""original_line"": ""birth n.""}"
biscuit,A2,,,"[""noun""]","{""parts_of_speech"": [""noun""], ""source"": ""Oxford 3000"", ""original_line"": ""biscuit n.""}"
bit,A2,,,"[""noun""]","{""parts_of_speech"": [""noun""], ""source"": ""Oxford 3000"", ""original_line"": ""bit n.""}"
blank,A2,,,"[""noun"", ""adjective""]","{""parts_of_speech"": [""noun"", ""adjective""], ""source"": ""Oxford 3000"", ""original_line"": ""blank adj. , n.""}"
blood,A2,,,"[""noun""]","{""parts_of_speech"": [""noun""], ""source"": ""Oxford 3000"", ""original_line"": ""blood n.""}"
blow,A2,,,"[""verb""]","{""parts_of_speech"": [""verb""], ""source"": ""Oxford 3000"", ""original_line"": ""blow v.""}"
board,A2,,,"[""noun""]","{""parts_of_speech"": [""noun""], ""source"": ""Oxford 3000"", ""original_line"": ""board n.""}"
boil,A2,,,"[""verb""]","{""parts_of_speech"": [""verb""], ""source"": ""Oxford 3000"", ""original_line"": ""boil v.""}"
bone,A2,,,"[""noun""]","{""parts_of_speech"": [""noun""], ""source"": ""Oxford 3000"", ""original_line"": ""bone n.""}"
borrow,A2,,,"[""verb""]","{""parts_of_speech"": [""verb""], ""source"": ""Oxford 3000"", ""original_line"": ""borrow v.""}"
boss,A2,,,"[""noun""]","{""parts_of_speech"": [""noun""], ""source"": ""Oxford 3000"", ""original_line"": ""boss n.""}"
bottom,A2,,,"[""noun"", ""adjective""]","{""parts_of_speech"": [""noun"", ""adjective""], ""source"": ""Oxford 3000"", ""original_line"": ""bottom n. , adj.""}"
bowl,A2,,,"[""noun""]","{""parts_of_speech"": [""noun""], ""source"": ""Oxford 3000"", ""original_line"": ""bowl n.""}"
brain,A2,,,"[""noun""]","{""parts_of_speech"": [""noun""], ""source"": ""Oxford 3000"", ""original_line"": ""brain n.""}"
bridge,A2,,,"[""noun""]","{""parts_of_speech"": [""noun""], ""source"": ""Oxford 3000"", ""original_line"": ""bridge n.""}"
bright,A2,,,"[""noun"", ""adjective""]","{""parts_of_speech"": [""noun"", ""adjective""], ""source"": ""Oxford 3000"", ""original_line"": ""bright adj.brilliant adj.""}"
broken,A2,,,"[""adjective""]","{""parts_of_speech"": [""adjective""], ""source"": ""Oxford 3000"", ""original_line"": ""broken adj.""}"
brush,A2,,,"[""noun"", ""verb""]","{""parts_of_speech"": [""noun"", ""verb""], ""source"": ""Oxford 3000"", ""original_line"": ""brush v. , n.""}"
burn,A2,,,"[""verb""]","{""parts_of_speech"": [""verb""], ""source"": ""Oxford 3000"", ""original_line"": ""burn v.""}"
businessman,A2,,,"[""noun""]","{""parts_of_speech"": [""noun""], ""source"": ""Oxford 3000"", ""original_line"": ""businessman n.""}"
button,A2,,,"[""noun""]","{""parts_of_speech"": [""noun""], ""source"": ""Oxford 3000"", ""original_line"": ""button n.""}"
camp,A2,,,"[""noun"", ""verb""]","{""parts_of_speech"": [""noun"", ""verb""], ""source"": ""Oxford 3000"", ""original_line"": ""camp n. , v.""}"
camping,A2,,,"[""noun""]","{""parts_of_speech"": [""noun""], ""source"": ""Oxford 3000"", ""original_line"": ""camping n.""}"
care,A2,,,"[""noun"", ""verb""]","{""parts_of_speech"": [""noun"", ""verb""], ""source"": ""Oxford 3000"", ""original_line"": ""care n. , v.""}"
careful,A2,,,"[""adjective""]","{""parts_of_speech"": [""adjective""], ""source"": ""Oxford 3000"", ""original_line"": ""careful adj.""}"
carefully,A2,,,"[""verb"", ""adverb""]","{""parts_of_speech"": [""verb"", ""adverb""], ""source"": ""Oxford 3000"", ""original_line"": ""carefully adv.""}"
carpet,A2,,,"[""noun""]","{""parts_of_speech"": [""noun""], ""source"": ""Oxford 3000"", ""original_line"": ""carpet n.""}"
cartoon,A2,,,"[""noun""]","{""parts_of_speech"": [""noun""], ""source"": ""Oxford 3000"", ""original_line"": ""cartoon n.""}"
case,A2,,,"[""noun""]","{""parts_of_speech"": [""noun""], ""source"": ""Oxford 3000"", ""original_line"": ""case n.""}"
cash,A2,,,"[""noun""]","{""parts_of_speech"": [""noun""], ""source"": ""Oxford 3000"", ""original_line"": ""cash n.""}"
castle,A2,,,"[""noun""]","{""parts_of_speech"": [""noun""], ""source"": ""Oxford 3000"", ""original_line"": ""castle n.""}"
catch,A2,,,"[""verb""]","{""parts_of_speech"": [""verb""], ""source"": ""Oxford 3000"", ""original_line"": ""catch v.""}"
cause,A2,,,"[""noun"", ""verb""]","{""parts_of_speech"": [""noun"", ""verb""], ""source"": ""Oxford 3000"", ""original_line"": ""cause n. , v.""}"
celebrate,A2,,,"[""verb""]","{""parts_of_speech"": [""verb""], ""source"": ""Oxford 3000"", ""original_line"": ""celebrate v.""}"
celebrity,A2,,,"[""noun""]","{""parts_of_speech"": [""noun""], ""source"": ""Oxford 3000"", ""original_line"": ""celebrity n.""}"
certain,A2,,,"[""adjective""]","{""parts_of_speech"": [""adjective""], ""source"": ""Oxford 3000"", ""original_line"": ""certain adj.""}"
certainly,A2,,,"[""verb"", ""adverb""]","{""parts_of_speech"": [""verb"", ""adverb""], ""source"": ""Oxford 3000"", ""original_line"": ""certainly adv.""}"
chance,A2,,,"[""noun""]","{""parts_of_speech"": [""noun""], ""source"": ""Oxford 3000"", ""original_line"": ""chance n.""}"
character,A2,,,"[""noun""]","{""parts_of_speech"": [""noun""], ""source"": ""Oxford 3000"", ""original_line"": ""character n.""}"
charity,A2,,,"[""noun""]","{""parts_of_speech"": [""noun""], ""source"": ""Oxford 3000"", ""original_line"": ""charity n.""}"
chat,A2,,,"[""noun"", ""verb""]","{""parts_of_speech"": [""noun"", ""verb""], ""source"": ""Oxford 3000"", ""original_line"": ""chat v. , n.""}"
chef,A2,,,"[""noun""]","{""parts_of_speech"": [""noun""], ""source"": ""Oxford 3000"", ""original_line"": ""chef n.""}"
chemistry,A2,,,"[""noun""]","{""parts_of_speech"": [""noun""], ""source"": ""Oxford 3000"", ""original_line"": ""chemistry n.""}"
chip,A2,,,"[""noun""]","{""parts_of_speech"": [""noun""], ""source"": ""Oxford 3000"", ""original_line"": ""chip n.""}"
choice,A2,,,"[""noun""]","{""parts_of_speech"": [""noun""], ""source"": ""Oxford 3000"", ""original_line"": ""choice n.""}"
church,A2,,,"[""noun""]","{""parts_of_speech"": [""noun""], ""source"": ""Oxford 3000"", ""original_line"": ""church n.""}"
cigarette,A2,,,"[""noun""]","{""parts_of_speech"": [""noun""], ""source"": ""Oxford 3000"", ""original_line"": ""cigarette n.""}"
circle,A2,,,"[""noun"", ""verb""]","{""parts_of_speech"": [""noun"", ""verb""], ""source"": ""Oxford 3000"", ""original_line"": ""circle n. , v.""}"
classical,A2,,,"[""adjective""]","{""parts_of_speech"": [""adjective""], ""source"": ""Oxford 3000"", ""original_line"": ""classical adj.""}"
clear,A2,,,"[""adjective""]","{""parts_of_speech"": [""adjective""], ""source"": ""Oxford 3000"", ""original_line"": ""clear adj.""}"
clearly,A2,,,"[""verb"", ""adverb""]","{""parts_of_speech"": [""verb"", ""adverb""], ""source"": ""Oxford 3000"", ""original_line"": ""clearly adv.""}"
clever,A2,,,"[""adjective""]","{""parts_of_speech"": [""adjective""], ""source"": ""Oxford 3000"", ""original_line"": ""clever adj.""}"
climate,A2,,,"[""noun""]","{""parts_of_speech"": [""noun""], ""source"": ""Oxford 3000"", ""original_line"": ""climate n.""}"
closed,A2,,,"[""adjective""]","{""parts_of_speech"": [""adjective""], ""source"": ""Oxford 3000"", ""original_line"": ""closed adj.""}"
clothing,A2,,,"[""noun""]","{""parts_of_speech"": [""noun""], ""source"": ""Oxford 3000"", ""original_line"": ""clothing n.""}"
cloud,A2,,,"[""noun""]","{""parts_of_speech"": [""noun""], ""source"": ""Oxford 3000"", ""original_line"": ""cloud n.""}"
coach,A2,,,"[""noun""]","{""parts_of_speech"": [""noun""], ""source"": ""Oxford 3000"", ""original_line"": ""coach n.""}"
coast,A2,,,"[""noun""]","{""parts_of_speech"": [""noun""], ""source"": ""Oxford 3000"", ""original_line"": ""coast n.""}"
code,A2,,,"[""noun""]","{""parts_of_speech"": [""noun""], ""source"": ""Oxford 3000"", ""original_line"": ""code n.""}"
colleague,A2,,,"[""noun""]","{""parts_of_speech"": [""noun""], ""source"": ""Oxford 3000"", ""original_line"": ""colleague n.""}"
collect,A2,,,"[""verb""]","{""parts_of_speech"": [""verb""], ""source"": ""Oxford 3000"", ""original_line"": ""collect v.""}"
column,A2,,,"[""noun""]","{""parts_of_speech"": [""noun""], ""source"": ""Oxford 3000"", ""original_line"": ""column n.""}"
comedy,A2,,,"[""noun""]","{""parts_of_speech"": [""noun""], ""source"": ""Oxford 3000"", ""original_line"": ""comedy n.""}"
comfortable,A2,,,"[""adjective""]","{""parts_of_speech"": [""adjective""], ""source"": ""Oxford 3000"", ""original_line"": ""comfortable adj.""}"
comment,A2,,,"[""noun""]","{""parts_of_speech"": [""noun""], ""source"": ""Oxford 3000"", ""original_line"": ""comment n.""}"
communicate,A2,,,"[""verb""]","{""parts_of_speech"": [""verb""], ""source"": ""Oxford 3000"", ""original_line"": ""communicate v.""}"
community,A2,,,"[""noun""]","{""parts_of_speech"": [""noun""], ""source"": ""Oxford 3000"", ""original_line"": ""community n.""}"
compete,A2,,,"[""verb""]","{""parts_of_speech"": [""verb""], ""source"": ""Oxford 3000"", ""original_line"": ""compete v.""}"
competition,A2,,,"[""noun""]","{""parts_of_speech"": [""noun""], ""source"": ""Oxford 3000"", ""original_line"": ""competition n.""}"
complain,A2,,,"[""verb""]","{""parts_of_speech"": [""verb""], ""source"": ""Oxford 3000"", ""original_line"": ""complain v.""}"
completely,A2,,,"[""verb"", ""adverb""]","{""parts_of_speech"": [""verb"", ""adverb""], ""source"": ""Oxford 3000"", ""original_line"": ""completely adv.""}"
condition,A2,,,"[""noun""]","{""parts_of_speech"": [""noun""], ""source"": ""Oxford 3000"", ""original_line"": ""condition n.""}"
conference,A2,,,"[""noun""]","{""parts_of_speech"": [""noun""], ""source"": ""Oxford 3000"", ""original_line"": ""conference n.""}"
connect,A2,,,"[""verb""]","{""parts_of_speech"": [""verb""], ""source"": ""Oxford 3000"", ""original_line"": ""connect v.""}"
connected,A2,,,"[""adjective""]","{""parts_of_speech"": [""adjective""], ""source"": ""Oxford 3000"", ""original_line"": ""connected adj.""}"
consider,A2,,,"[""verb""]","{""parts_of_speech"": [""verb""], ""source"": ""Oxford 3000"", ""original_line"": ""consider v.""}"
contain,A2,,,"[""verb""]","{""parts_of_speech"": [""verb""], ""source"": ""Oxford 3000"", ""original_line"": ""contain v.""}"
context,A2,,,"[""noun""]","{""parts_of_speech"": [""noun""], ""source"": ""Oxford 3000"", ""original_line"": ""context n.""}"
continent,A2,,,"[""noun""]","{""parts_of_speech"": [""noun""], ""source"": ""Oxford 3000"", ""original_line"": ""continent n.""}"
continue,A2,,,"[""verb""]","{""parts_of_speech"": [""verb""], ""source"": ""Oxford 3000"", ""original_line"": ""continue v.""}"
control,A2,,,"[""noun"", ""verb""]","{""parts_of_speech"": [""noun"", ""verb""], ""source"": ""Oxford 3000"", ""original_line"": ""control n. , v.""}"
copy,A2,,,"[""noun"", ""verb""]","{""parts_of_speech"": [""noun"", ""verb""], ""source"": ""Oxford 3000"", ""original_line"": ""copy n. , v.""}"
corner,A2,,,"[""noun""]","{""parts_of_speech"": [""noun""], ""source"": ""Oxford 3000"", ""original_line"": ""corner n.""}"
correctly,A2,,,"[""verb"", ""adverb""]","{""parts_of_speech"": [""verb"", ""adverb""], ""source"": ""Oxford 3000"", ""original_line"": ""correctly adv.""}"
count,A2,,,"[""verb""]","{""parts_of_speech"": [""verb""], ""source"": ""Oxford 3000"", ""original_line"": ""count v.""}"
couple,A2,,,"[""noun""]","{""parts_of_speech"": [""noun""], ""source"": ""Oxford 3000"", ""original_line"": ""couple n.""}"
cover,A2,,,"[""verb""]","{""parts_of_speech"": [""verb""], ""source"": ""Oxford 3000"", ""original_line"": ""cover v.""}"
crazy,A2,,,"[""adjective""]","{""parts_of_speech"": [""adjective""], ""source"": ""Oxford 3000"", ""original_line"": ""crazy adj.""}"
creative,A2,,,"[""adjective""]","{""parts_of_speech"": [""adjective""], ""source"": ""Oxford 3000"", ""original_line"": ""creative adj.""}"
credit,A2,,,"[""noun""]","{""parts_of_speech"": [""noun""], ""source"": ""Oxford 3000"", ""original_line"": ""credit n.""}"
crime,A2,,,"[""noun""]","{""parts_of_speech"": [""noun""], ""source"": ""Oxford 3000"", ""original_line"": ""crime n.""}"
criminal,A2,,,"[""noun""]","{""parts_of_speech"": [""noun""], ""source"": ""Oxford 3000"", ""original_line"": ""criminal n.""}"
cross,A2,,,"[""noun"", ""verb""]","{""parts_of_speech"": [""noun"", ""verb""], ""source"": ""Oxford 3000"", ""original_line"": ""cross v. , n.""}"
crowd,A2,,,"[""noun""]","{""parts_of_speech"": [""noun""], ""source"": ""Oxford 3000"", ""original_line"": ""crowd n.""}"
crowded,A2,,,"[""adjective""]","{""parts_of_speech"": [""adjective""], ""source"": ""Oxford 3000"", ""original_line"": ""crowded adj.""}"
cry,A2,,,"[""verb""]","{""parts_of_speech"": [""verb""], ""source"": ""Oxford 3000"", ""original_line"": ""cry v.""}"
cupboard,A2,,,"[""noun""]","{""parts_of_speech"": [""noun""], ""source"": ""Oxford 3000"", ""original_line"": ""cupboard n.""}"
curly,A2,,,"[""adjective""]","{""parts_of_speech"": [""adjective""], ""source"": ""Oxford 3000"", ""original_line"": ""curly adj.""}"
cycle,A2,,,"[""noun"", ""verb""]","{""parts_of_speech"": [""noun"", ""verb""], ""source"": ""Oxford 3000"", ""original_line"": ""cycle n. , v.""}"
daily,A2,,,"[""adjective""]","{""parts_of_speech"": [""adjective""], ""source"": ""Oxford 3000"", ""original_line"": ""daily adj.""}"
danger,A2,,,"[""noun""]","{""parts_of_speech"": [""noun""], ""source"": ""Oxford 3000"", ""original_line"": ""danger n.""}"
data,A2,,,"[""noun""]","{""parts_of_speech"": [""noun""], ""source"": ""Oxford 3000"", ""original_line"": ""data n.""}"
dead,A2,,,"[""adjective""]","{""parts_of_speech"": [""adjective""], ""source"": ""Oxford 3000"", ""original_line"": ""dead adj.""}"
deal,A2,,,"[""verb""]","{""parts_of_speech"": [""verb""], ""source"": ""Oxford 3000"", ""original_line"": ""deal v.""}"
death,A2,,,"[""noun""]","{""parts_of_speech"": [""noun""], ""source"": ""Oxford 3000"", ""original_line"": ""death n.""}"
decision,A2,,,"[""noun""]","{""parts_of_speech"": [""noun""], ""source"": ""Oxford 3000"", ""original_line"": ""decision n.""}"
deep,A2,,,"[""adjective""]","{""parts_of_speech"": [""adjective""], ""source"": ""Oxford 3000"", ""original_line"": ""deep adj.""}"
definitely,A2,,,"[""verb"", ""adverb""]","{""parts_of_speech"": [""verb"", ""adverb""], ""source"": ""Oxford 3000"", ""original_line"": ""definitely adv.""}"
degree,A2,,,"[""noun""]","{""parts_of_speech"": [""noun""], ""source"": ""Oxford 3000"", ""original_line"": ""degree n.""}"
dentist,A2,,,"[""noun""]","{""parts_of_speech"": [""noun""], ""source"": ""Oxford 3000"", ""original_line"": ""dentist n.""}"
department,A2,,,"[""noun""]","{""parts_of_speech"": [""noun""], ""source"": ""Oxford 3000"", ""original_line"": ""department n.""}"
depend,A2,,,"[""verb""]","{""parts_of_speech"": [""verb""], ""source"": ""Oxford 3000"", ""original_line"": ""depend v.""}"
desert,A2,,,"[""noun""]","{""parts_of_speech"": [""noun""], ""source"": ""Oxford 3000"", ""original_line"": ""desert n.""}"
designer,A2,,,"[""noun""]","{""parts_of_speech"": [""noun""], ""source"": ""Oxford 3000"", ""original_line"": ""designer n.""}"
destroy,A2,,,"[""verb""]","{""parts_of_speech"": [""verb""], ""source"": ""Oxford 3000"", ""original_line"": ""destroy v.""}"
detective,A2,,,"[""noun""]","{""parts_of_speech"": [""noun""], ""source"": ""Oxford 3000"", ""original_line"": ""detective n.""}"
develop,A2,,,"[""verb""]","{""parts_of_speech"": [""verb""], ""source"": ""Oxford 3000"", ""original_line"": ""develop v.""}"
device,A2,,,"[""noun""]","{""parts_of_speech"": [""noun""], ""source"": ""Oxford 3000"", ""original_line"": ""device n.""}"
diary,A2,,,"[""noun""]","{""parts_of_speech"": [""noun""], ""source"": ""Oxford 3000"", ""original_line"": ""diary n.""}"
differently,A2,,,"[""verb"", ""adverb""]","{""parts_of_speech"": [""verb"", ""adverb""], ""source"": ""Oxford 3000"", ""original_line"": ""differently adv.""}"
digital,A2,,,"[""adjective""]","{""parts_of_speech"": [""adjective""], ""source"": ""Oxford 3000"", ""original_line"": ""digital adj.""}"
direct,A2,,,"[""adjective""]","{""parts_of_speech"": [""adjective""], ""source"": ""Oxford 3000"", ""original_line"": ""direct adj.""}"
direction,A2,,,"[""noun""]","{""parts_of_speech"": [""noun""], ""source"": ""Oxford 3000"", ""original_line"": ""direction n.""}"
director,A2,,,"[""noun""]","{""parts_of_speech"": [""noun""], ""source"": ""Oxford 3000"", ""original_line"": ""director n.""}"
disagree,A2,,,"[""verb""]","{""parts_of_speech"": [""verb""], ""source"": ""Oxford 3000"", ""original_line"": ""disagree v.""}"
disappear,A2,,,"[""verb""]","{""parts_of_speech"": [""verb""], ""source"": ""Oxford 3000"", ""original_line"": ""disappear v.""}"
disaster,A2,,,"[""noun""]","{""parts_of_speech"": [""noun""], ""source"": ""Oxford 3000"", ""original_line"": ""disaster n.""}"
discover,A2,,,"[""verb""]","{""parts_of_speech"": [""verb""], ""source"": ""Oxford 3000"", ""original_line"": ""discover v.""}"
discovery,A2,,,"[""noun""]","{""parts_of_speech"": [""noun""], ""source"": ""Oxford 3000"", ""original_line"": ""discovery n.""}"
discussion,A2,,,"[""noun""]","{""parts_of_speech"": [""noun""], ""source"": ""Oxford 3000"", ""original_line"": ""discussion n.""}"
disease,A2,,,"[""noun""]","{""parts_of_speech"": [""noun""], ""source"": ""Oxford 3000"", ""original_line"": ""disease n.""}"
distance,A2,,,"[""noun""]","{""parts_of_speech"": [""noun""], ""source"": ""Oxford 3000"", ""original_line"": ""distance n.""}"
divorced,A2,,,"[""adjective""]","{""parts_of_speech"": [""adjective""], ""source"": ""Oxford 3000"", ""original_line"": ""divorced adj.""}"
document,A2,,,"[""noun""]","{""parts_of_speech"": [""noun""], ""source"": ""Oxford 3000"", ""original_line"": ""document n.""}"
double,A2,,,"[""noun"", ""verb"", ""adjective"", ""determiner"", ""pronoun""]","{""parts_of_speech"": [""noun"", ""verb"", ""adjective"", ""determiner"", ""pronoun""], ""source"": ""Oxford 3000"", ""original_line"": ""double adj. , det. , pron. , v.""}"
download,A2,,,"[""noun"", ""verb""]","{""parts_of_speech"": [""noun"", ""verb""], ""source"": ""Oxford 3000"", ""original_line"": ""download v. , n.""}"
drama,A2,,,"[""noun""]","{""parts_of_speech"": [""noun""], ""source"": ""Oxford 3000"", ""original_line"": ""drama n.""}"
drawing,A2,,,"[""noun""]","{""parts_of_speech"": [""noun""], ""source"": ""Oxford 3000"", ""original_line"": ""drawing n.""}"
dream,A2,,,"[""noun"", ""verb""]","{""parts_of_speech"": [""noun"", ""verb""], ""source"": ""Oxford 3000"", ""original_line"": ""dream n. , v.""}"
driving,A2,,,"[""noun""]","{""parts_of_speech"": [""noun""], ""source"": ""Oxford 3000"", ""original_line"": ""driving n.""}"
drop,A2,,,"[""verb""]","{""parts_of_speech"": [""verb""], ""source"": ""Oxford 3000"", ""original_line"": ""drop v.""}"
drug,A2,,,"[""noun""]","{""parts_of_speech"": [""noun""], ""source"": ""Oxford 3000"", ""original_line"": ""drug n.""}"
dry,A2,,,"[""verb"", ""adjective""]","{""parts_of_speech"": [""verb"", ""adjective""], ""source"": ""Oxford 3000"", ""original_line"": ""dry adj. , v.""}"
earn,A2,,,"[""verb""]","{""parts_of_speech"": [""verb""], ""source"": ""Oxford 3000"", ""original_line"": ""earn v.""}"
earth,A2,,,"[""noun""]","{""parts_of_speech"": [""noun""], ""source"": ""Oxford 3000"", ""original_line"": ""earth n.""}"
easily,A2,,,"[""noun"", ""verb"", ""adverb""]","{""parts_of_speech"": [""noun"", ""verb"", ""adverb""], ""source"": ""Oxford 3000"", ""original_line"": ""easily adv.education n.""}"
effect,A2,,,"[""noun""]","{""parts_of_speech"": [""noun""], ""source"": ""Oxford 3000"", ""original_line"": ""effect n.""}"
either,A2,,,"[""noun"", ""verb"", ""adverb"", ""determiner"", ""pronoun""]","{""parts_of_speech"": [""noun"", ""verb"", ""adverb"", ""determiner"", ""pronoun""], ""source"": ""Oxford 3000"", ""original_line"": ""either det./pron. , adv.""}"
electric,A2,,,"[""adjective""]","{""parts_of_speech"": [""adjective""], ""source"": ""Oxford 3000"", ""original_line"": ""electric adj.""}"
electrical,A2,,,"[""adjective""]","{""parts_of_speech"": [""adjective""], ""source"": ""Oxford 3000"", ""original_line"": ""electrical adj.""}"
electricity,A2,,,"[""noun""]","{""parts_of_speech"": [""noun""], ""source"": ""Oxford 3000"", ""original_line"": ""electricity n.""}"
electronic,A2,,,"[""adjective""]","{""parts_of_speech"": [""adjective""], ""source"": ""Oxford 3000"", ""original_line"": ""electronic adj.""}"
employ,A2,,,"[""verb""]","{""parts_of_speech"": [""verb""], ""source"": ""Oxford 3000"", ""original_line"": ""employ v.""}"
employee,A2,,,"[""noun""]","{""parts_of_speech"": [""noun""], ""source"": ""Oxford 3000"", ""original_line"": ""employee n.""}"
employer,A2,,,"[""noun""]","{""parts_of_speech"": [""noun""], ""source"": ""Oxford 3000"", ""original_line"": ""employer n.""}"
empty,A2,,,"[""adjective""]","{""parts_of_speech"": [""adjective""], ""source"": ""Oxford 3000"", ""original_line"": ""empty adj.""}"
ending,A2,,,"[""noun""]","{""parts_of_speech"": [""noun""], ""source"": ""Oxford 3000"", ""original_line"": ""ending n.""}"
energy,A2,,,"[""noun""]","{""parts_of_speech"": [""noun""], ""source"": ""Oxford 3000"", ""original_line"": ""energy n.""}"
engine,A2,,,"[""noun""]","{""parts_of_speech"": [""noun""], ""source"": ""Oxford 3000"", ""original_line"": ""engine n.""}"
engineer,A2,,,"[""noun""]","{""parts_of_speech"": [""noun""], ""source"": ""Oxford 3000"", ""original_line"": ""engineer n.""}"
enormous,A2,,,"[""adjective""]","{""parts_of_speech"": [""adjective""], ""source"": ""Oxford 3000"", ""original_line"": ""enormous adj.""}"
enter,A2,,,"[""verb""]","{""parts_of_speech"": [""verb""], ""source"": ""Oxford 3000"", ""original_line"": ""enter v.""}"
environment,A2,,,"[""noun""]","{""parts_of_speech"": [""noun""], ""source"": ""Oxford 3000"", ""original_line"": ""environment n.""}"
equipment,A2,,,"[""noun""]","{""parts_of_speech"": [""noun""], ""source"": ""Oxford 3000"", ""original_line"": ""equipment n.""}"
error,A2,,,"[""noun""]","{""parts_of_speech"": [""noun""], ""source"": ""Oxford 3000"", ""original_line"": ""error n.""}"
especially,A2,,,"[""verb"", ""adverb""]","{""parts_of_speech"": [""verb"", ""adverb""], ""source"": ""Oxford 3000"", ""original_line"": ""especially adv.""}"
essay,A2,,,"[""noun""]","{""parts_of_speech"": [""noun""], ""source"": ""Oxford 3000"", ""original_line"": ""essay n.""}"
everyday,A2,,,"[""adjective""]","{""parts_of_speech"": [""adjective""], ""source"": ""Oxford 3000"", ""original_line"": ""everyday adj.""}"
everywhere,A2,,,"[""verb"", ""adverb""]","{""parts_of_speech"": [""verb"", ""adverb""], ""source"": ""Oxford 3000"", ""original_line"": ""everywhere adv.""}"
evidence,A2,,,"[""noun""]","{""parts_of_speech"": [""noun""], ""source"": ""Oxford 3000"", ""original_line"": ""evidence n.""}"
exact,A2,,,"[""adjective""]","{""parts_of_speech"": [""adjective""], ""source"": ""Oxford 3000"", ""original_line"": ""exact adj.""}"
exactly,A2,,,"[""verb"", ""adverb""]","{""parts_of_speech"": [""verb"", ""adverb""], ""source"": ""Oxford 3000"", ""original_line"": ""exactly adv.""}"
excellent,A2,,,"[""adjective""]","{""parts_of_speech"": [""adjective""], ""source"": ""Oxford 3000"", ""original_line"": ""excellent adj.""}"
except,A2,,,"[""preposition""]","{""parts_of_speech"": [""preposition""], ""source"": ""Oxford 3000"", ""original_line"": ""except prep.""}"
exist,A2,,,"[""verb""]","{""parts_of_speech"": [""verb""], ""source"": ""Oxford 3000"", ""original_line"": ""exist v.""}"
expect,A2,,,"[""verb""]","{""parts_of_speech"": [""verb""], ""source"": ""Oxford 3000"", ""original_line"": ""expect v.""}"
experience,A2,,,"[""noun""]","{""parts_of_speech"": [""noun""], ""source"": ""Oxford 3000"", ""original_line"": ""experience n.""}"
experiment,A2,,,"[""noun""]","{""parts_of_speech"": [""noun""], ""source"": ""Oxford 3000"", ""original_line"": ""experiment n.""}"
expert,A2,,,"[""noun"", ""adjective""]","{""parts_of_speech"": [""noun"", ""adjective""], ""source"": ""Oxford 3000"", ""original_line"": ""expert n.,adj.""}"
explanation,A2,,,"[""noun""]","{""parts_of_speech"": [""noun""], ""source"": ""Oxford 3000"", ""original_line"": ""explanation n.""}"
express,A2,,,"[""verb""]","{""parts_of_speech"": [""verb""], ""source"": ""Oxford 3000"", ""original_line"": ""express v.""}"
expression,A2,,,"[""noun""]","{""parts_of_speech"": [""noun""], ""source"": ""Oxford 3000"", ""original_line"": ""expression n.""}"
extreme,A2,,,"[""adjective""]","{""parts_of_speech"": [""adjective""], ""source"": ""Oxford 3000"", ""original_line"": ""extreme adj.""}"
extremely,A2,,,"[""verb"", ""adverb""]","{""parts_of_speech"": [""verb"", ""adverb""], ""source"": ""Oxford 3000"", ""original_line"": ""extremely adv.""}"
factor,A2,,,"[""noun""]","{""parts_of_speech"": [""noun""], ""source"": ""Oxford 3000"", ""original_line"": ""factor n.""}"
factory,A2,,,"[""noun""]","{""parts_of_speech"": [""noun""], ""source"": ""Oxford 3000"", ""original_line"": ""factory n.""}"
fail,A2,,,"[""verb""]","{""parts_of_speech"": [""verb""], ""source"": ""Oxford 3000"", ""original_line"": ""fail v.""}"
fair,A2,,,"[""adjective""]","{""parts_of_speech"": [""adjective""], ""source"": ""Oxford 3000"", ""original_line"": ""fair adj.""}"
fan,A2,,,"[""noun""]","{""parts_of_speech"": [""noun""], ""source"": ""Oxford 3000"", ""original_line"": ""fan n.""}"
farming,A2,,,"[""noun""]","{""parts_of_speech"": [""noun""], ""source"": ""Oxford 3000"", ""original_line"": ""farming n.""}"
fashion,A2,,,"[""noun""]","{""parts_of_speech"": [""noun""], ""source"": ""Oxford 3000"", ""original_line"": ""fashion n.""}"
fear,A2,,,"[""noun""]","{""parts_of_speech"": [""noun""], ""source"": ""Oxford 3000"", ""original_line"": ""fear n.""}"
feature,A2,,,"[""noun""]","{""parts_of_speech"": [""noun""], ""source"": ""Oxford 3000"", ""original_line"": ""feature n.""}"
feed,A2,,,"[""verb""]","{""parts_of_speech"": [""verb""], ""source"": ""Oxford 3000"", ""original_line"": ""feed v.""}"
female,A2,,,"[""noun"", ""adjective""]","{""parts_of_speech"": [""noun"", ""adjective""], ""source"": ""Oxford 3000"", ""original_line"": ""female adj. , n.""}"
fiction,A2,,,"[""noun""]","{""parts_of_speech"": [""noun""], ""source"": ""Oxford 3000"", ""original_line"": ""fiction n.""}"
field,A2,,,"[""noun""]","{""parts_of_speech"": [""noun""], ""source"": ""Oxford 3000"", ""original_line"": ""field n.""}"
fight,A2,,,"[""noun"", ""verb""]","{""parts_of_speech"": [""noun"", ""verb""], ""source"": ""Oxford 3000"", ""original_line"": ""fight v. , n.""}"
figure,A2,,,"[""noun""]","{""parts_of_speech"": [""noun""], ""source"": ""Oxford 3000"", ""original_line"": ""figure n.""}"
finally,A2,,,"[""verb"", ""adverb""]","{""parts_of_speech"": [""verb"", ""adverb""], ""source"": ""Oxford 3000"", ""original_line"": ""finally adv.""}"
finger,A2,,,"[""noun""]","{""parts_of_speech"": [""noun""], ""source"": ""Oxford 3000"", ""original_line"": ""finger n.""}"
firstly,A2,,,"[""verb"", ""adverb""]","{""parts_of_speech"": [""verb"", ""adverb""], ""source"": ""Oxford 3000"", ""original_line"": ""firstly adv.""}"
fishing,A2,,,"[""noun""]","{""parts_of_speech"": [""noun""], ""source"": ""Oxford 3000"", ""original_line"": ""fishing n.""}"
fit,A2,,,"[""verb"", ""adjective""]","{""parts_of_speech"": [""verb"", ""adjective""], ""source"": ""Oxford 3000"", ""original_line"": ""fit v., adj.""}"
fix,A2,,,"[""verb""]","{""parts_of_speech"": [""verb""], ""source"": ""Oxford 3000"", ""original_line"": ""fix v.""}"
flu,A2,,,"[""noun""]","{""parts_of_speech"": [""noun""], ""source"": ""Oxford 3000"", ""original_line"": ""flu n.fly n.""}"
flying,A2,,,"[""noun"", ""adjective""]","{""parts_of_speech"": [""noun"", ""adjective""], ""source"": ""Oxford 3000"", ""original_line"": ""flying n. , adj.""}"
focus,A2,,,"[""noun"", ""verb""]","{""parts_of_speech"": [""noun"", ""verb""], ""source"": ""Oxford 3000"", ""original_line"": ""focus v. , n.""}"
following,A2,,,"[""adjective""]","{""parts_of_speech"": [""adjective""], ""source"": ""Oxford 3000"", ""original_line"": ""following adj.""}"
foreign,A2,,,"[""adjective""]","{""parts_of_speech"": [""adjective""], ""source"": ""Oxford 3000"", ""original_line"": ""foreign adj.""}"
forest,A2,,,"[""noun""]","{""parts_of_speech"": [""noun""], ""source"": ""Oxford 3000"", ""original_line"": ""forest n.""}"
fork,A2,,,"[""noun""]","{""parts_of_speech"": [""noun""], ""source"": ""Oxford 3000"", ""original_line"": ""fork n.""}"
formal,A2,,,"[""adjective""]","{""parts_of_speech"": [""adjective""], ""source"": ""Oxford 3000"", ""original_line"": ""formal adj.""}"
fortunately,A2,,,"[""verb"", ""adverb""]","{""parts_of_speech"": [""verb"", ""adverb""], ""source"": ""Oxford 3000"", ""original_line"": ""fortunately adv.""}"
forward,A2,,,"[""verb"", ""adverb""]","{""parts_of_speech"": [""verb"", ""adverb""], ""source"": ""Oxford 3000"", ""original_line"": ""forward adv.""}"
fresh,A2,,,"[""adjective""]","{""parts_of_speech"": [""adjective""], ""source"": ""Oxford 3000"", ""original_line"": ""fresh adj.""}"
fridge,A2,,,"[""noun""]","{""parts_of_speech"": [""noun""], ""source"": ""Oxford 3000"", ""original_line"": ""fridge n.""}"
frog,A2,,,"[""noun""]","{""parts_of_speech"": [""noun""], ""source"": ""Oxford 3000"", ""original_line"": ""frog n.""}"
furniture,A2,,,"[""noun""]","{""parts_of_speech"": [""noun""], ""source"": ""Oxford 3000"", ""original_line"": ""furniture n.""}"
further,A2,,,"[""adjective""]","{""parts_of_speech"": [""adjective""], ""source"": ""Oxford 3000"", ""original_line"": ""further adj.""}"
gallery,A2,,,"[""noun""]","{""parts_of_speech"": [""noun""], ""source"": ""Oxford 3000"", ""original_line"": ""gallery n.""}"
gap,A2,,,"[""noun""]","{""parts_of_speech"": [""noun""], ""source"": ""Oxford 3000"", ""original_line"": ""gap n.""}"
gas,A2,,,"[""noun""]","{""parts_of_speech"": [""noun""], ""source"": ""Oxford 3000"", ""original_line"": ""gas n.""}"
gate,A2,,,"[""noun""]","{""parts_of_speech"": [""noun""], ""source"": ""Oxford 3000"", ""original_line"": ""gate n.""}"
general,A2,,,"[""adjective""]","{""parts_of_speech"": [""adjective""], ""source"": ""Oxford 3000"", ""original_line"": ""general adj.""}"
gift,A2,,,"[""noun""]","{""parts_of_speech"": [""noun""], ""source"": ""Oxford 3000"", ""original_line"": ""gift n.""}"
goal,A2,,,"[""noun""]","{""parts_of_speech"": [""noun""], ""source"": ""Oxford 3000"", ""original_line"": ""goal n.""}"
god,A2,,,"[""noun""]","{""parts_of_speech"": [""noun""], ""source"": ""Oxford 3000"", ""original_line"": ""god n.""}"
gold,A2,,,"[""noun"", ""adjective""]","{""parts_of_speech"": [""noun"", ""adjective""], ""source"": ""Oxford 3000"", ""original_line"": ""gold n. , adj.""}"
golf,A2,,,"[""noun""]","{""parts_of_speech"": [""noun""], ""source"": ""Oxford 3000"", ""original_line"": ""golf n.""}"
government,A2,,,"[""noun""]","{""parts_of_speech"": [""noun""], ""source"": ""Oxford 3000"", ""original_line"": ""government n.""}"
grass,A2,,,"[""noun""]","{""parts_of_speech"": [""noun""], ""source"": ""Oxford 3000"", ""original_line"": ""grass n.""}"
greet,A2,,,"[""verb""]","{""parts_of_speech"": [""verb""], ""source"": ""Oxford 3000"", ""original_line"": ""greet v.""}"
ground,A2,,,"[""noun""]","{""parts_of_speech"": [""noun""], ""source"": ""Oxford 3000"", ""original_line"": ""ground n.""}"
guest,A2,,,"[""noun""]","{""parts_of_speech"": [""noun""], ""source"": ""Oxford 3000"", ""original_line"": ""guest n.""}"
guide,A2,,,"[""noun"", ""verb""]","{""parts_of_speech"": [""noun"", ""verb""], ""source"": ""Oxford 3000"", ""original_line"": ""guide n. , v.""}"
gun,A2,,,"[""noun""]","{""parts_of_speech"": [""noun""], ""source"": ""Oxford 3000"", ""original_line"": ""gun n.""}"
guy,A2,,,"[""noun""]","{""parts_of_speech"": [""noun""], ""source"": ""Oxford 3000"", ""original_line"": ""guy n.""}"
habit,A2,,,"[""noun""]","{""parts_of_speech"": [""noun""], ""source"": ""Oxford 3000"", ""original_line"": ""habit n.""}"
hall,A2,,,"[""noun""]","{""parts_of_speech"": [""noun""], ""source"": ""Oxford 3000"", ""original_line"": ""hall n.""}"
happily,A2,,,"[""verb"", ""adverb""]","{""parts_of_speech"": [""verb"", ""adverb""], ""source"": ""Oxford 3000"", ""original_line"": ""happily adv.""}"
headache,A2,,,"[""noun""]","{""parts_of_speech"": [""noun""], ""source"": ""Oxford 3000"", ""original_line"": ""headache n.""}"
heart,A2,,,"[""noun""]","{""parts_of_speech"": [""noun""], ""source"": ""Oxford 3000"", ""original_line"": ""heart n.""}"
heat,A2,,,"[""noun"", ""verb""]","{""parts_of_speech"": [""noun"", ""verb""], ""source"": ""Oxford 3000"", ""original_line"": ""heat n. , v.""}"
heavy,A2,,,"[""adjective""]","{""parts_of_speech"": [""adjective""], ""source"": ""Oxford 3000"", ""original_line"": ""heavy adj.""}"
height,A2,,,"[""noun""]","{""parts_of_speech"": [""noun""], ""source"": ""Oxford 3000"", ""original_line"": ""height n.""}"
helpful,A2,,,"[""adjective""]","{""parts_of_speech"": [""adjective""], ""source"": ""Oxford 3000"", ""original_line"": ""helpful adj.""}"
hero,A2,,,"[""noun""]","{""parts_of_speech"": [""noun""], ""source"": ""Oxford 3000"", ""original_line"": ""hero n.""}"
hers,A2,,,"[""noun"", ""pronoun""]","{""parts_of_speech"": [""noun"", ""pronoun""], ""source"": ""Oxford 3000"", ""original_line"": ""hers pron.""}"
herself,A2,,,"[""noun"", ""pronoun""]","{""parts_of_speech"": [""noun"", ""pronoun""], ""source"": ""Oxford 3000"", ""original_line"": ""herself pron.""}"
hide,A2,,,"[""verb""]","{""parts_of_speech"": [""verb""], ""source"": ""Oxford 3000"", ""original_line"": ""hide v.""}"
hill,A2,,,"[""noun""]","{""parts_of_speech"": [""noun""], ""source"": ""Oxford 3000"", ""original_line"": ""hill n.""}"
himself,A2,,,"[""noun"", ""pronoun""]","{""parts_of_speech"": [""noun"", ""pronoun""], ""source"": ""Oxford 3000"", ""original_line"": ""himself pron.""}"
hit,A2,,,"[""noun"", ""verb""]","{""parts_of_speech"": [""noun"", ""verb""], ""source"": ""Oxford 3000"", ""original_line"": ""hit v. , n.""}"
hockey,A2,,,"[""noun""]","{""parts_of_speech"": [""noun""], ""source"": ""Oxford 3000"", ""original_line"": ""hockey n.""}"
hold,A2,,,"[""verb""]","{""parts_of_speech"": [""verb""], ""source"": ""Oxford 3000"", ""original_line"": ""hold v.""}"
hole,A2,,,"[""noun""]","{""parts_of_speech"": [""noun""], ""source"": ""Oxford 3000"", ""original_line"": ""hole n.""}"
huge,A2,,,"[""adjective""]","{""parts_of_speech"": [""adjective""], ""source"": ""Oxford 3000"", ""original_line"": ""huge adj.""}"
human,A2,,,"[""noun"", ""adjective""]","{""parts_of_speech"": [""noun"", ""adjective""], ""source"": ""Oxford 3000"", ""original_line"": ""human adj. , n.""}"
hurt,A2,,,"[""verb"", ""adjective""]","{""parts_of_speech"": [""verb"", ""adjective""], ""source"": ""Oxford 3000"", ""original_line"": ""hurt v. , adj.""}"
ideal,A2,,,"[""adjective""]","{""parts_of_speech"": [""adjective""], ""source"": ""Oxford 3000"", ""original_line"": ""ideal adj.""}"
identify,A2,,,"[""verb""]","{""parts_of_speech"": [""verb""], ""source"": ""Oxford 3000"", ""original_line"": ""identify v.""}"
ill,A2,,,"[""adjective""]","{""parts_of_speech"": [""adjective""], ""source"": ""Oxford 3000"", ""original_line"": ""ill adj.""}"
illness,A2,,,"[""noun""]","{""parts_of_speech"": [""noun""], ""source"": ""Oxford 3000"", ""original_line"": ""illness n.""}"
image,A2,,,"[""noun"", ""verb"", ""adverb""]","{""parts_of_speech"": [""noun"", ""verb"", ""adverb""], ""source"": ""Oxford 3000"", ""original_line"": ""image n.immediately adv.""}"
impossible,A2,,,"[""adjective""]","{""parts_of_speech"": [""adjective""], ""source"": ""Oxford 3000"", ""original_line"": ""impossible adj.""}"
included,A2,,,"[""adjective""]","{""parts_of_speech"": [""adjective""], ""source"": ""Oxford 3000"", ""original_line"": ""included adj.""}"
including,A2,,,"[""preposition""]","{""parts_of_speech"": [""preposition""], ""source"": ""Oxford 3000"", ""original_line"": ""including prep.""}"
increase,A2,,,"[""noun"", ""verb""]","{""parts_of_speech"": [""noun"", ""verb""], ""source"": ""Oxford 3000"", ""original_line"": ""increase v. , n.""}"
incredible,A2,,,"[""adjective""]","{""parts_of_speech"": [""adjective""], ""source"": ""Oxford 3000"", ""original_line"": ""incredible adj.""}"
independent,A2,,,"[""adjective""]","{""parts_of_speech"": [""adjective""], ""source"": ""Oxford 3000"", ""original_line"": ""independent adj.""}"
individual,A2,,,"[""noun"", ""adjective""]","{""parts_of_speech"": [""noun"", ""adjective""], ""source"": ""Oxford 3000"", ""original_line"": ""individual n. , adj.""}"
industry,A2,,,"[""noun""]","{""parts_of_speech"": [""noun""], ""source"": ""Oxford 3000"", ""original_line"": ""industry n.""}"
informal,A2,,,"[""adjective""]","{""parts_of_speech"": [""adjective""], ""source"": ""Oxford 3000"", ""original_line"": ""informal adj.""}"
injury,A2,,,"[""noun""]","{""parts_of_speech"": [""noun""], ""source"": ""Oxford 3000"", ""original_line"": ""injury n.""}"
insect,A2,,,"[""noun""]","{""parts_of_speech"": [""noun""], ""source"": ""Oxford 3000"", ""original_line"": ""insect n.""}"
inside,A2,,,"[""noun"", ""verb"", ""adjective"", ""adverb"", ""preposition""]","{""parts_of_speech"": [""noun"", ""verb"", ""adjective"", ""adverb"", ""preposition""], ""source"": ""Oxford 3000"", ""original_line"": ""inside prep. , adv. , n., adj.""}"
instead,A2,,,"[""verb"", ""adverb""]","{""parts_of_speech"": [""verb"", ""adverb""], ""source"": ""Oxford 3000"", ""original_line"": ""instead adv.""}"
instruction,A2,,,"[""noun""]","{""parts_of_speech"": [""noun""], ""source"": ""Oxford 3000"", ""original_line"": ""instruction n.""}"
instructor,A2,,,"[""noun""]","{""parts_of_speech"": [""noun""], ""source"": ""Oxford 3000"", ""original_line"": ""instructor n.""}"
instrument,A2,,,"[""noun""]","{""parts_of_speech"": [""noun""], ""source"": ""Oxford 3000"", ""original_line"": ""instrument n.""}"
intelligent,A2,,,"[""adjective""]","{""parts_of_speech"": [""adjective""], ""source"": ""Oxford 3000"", ""original_line"": ""intelligent adj.""}"
international,A2,,,"[""adjective""]","{""parts_of_speech"": [""adjective""], ""source"": ""Oxford 3000"", ""original_line"": ""international adj.""}"
introduction,A2,,,"[""noun""]","{""parts_of_speech"": [""noun""], ""source"": ""Oxford 3000"", ""original_line"": ""introduction n.""}"
invent,A2,,,"[""verb""]","{""parts_of_speech"": [""verb""], ""source"": ""Oxford 3000"", ""original_line"": ""invent v.""}"
invention,A2,,,"[""noun""]","{""parts_of_speech"": [""noun""], ""source"": ""Oxford 3000"", ""original_line"": ""invention n.""}"
invitation,A2,,,"[""noun""]","{""parts_of_speech"": [""noun""], ""source"": ""Oxford 3000"", ""original_line"": ""invitation n.""}"
invite,A2,,,"[""verb""]","{""parts_of_speech"": [""verb""], ""source"": ""Oxford 3000"", ""original_line"": ""invite v.""}"
involve,A2,,,"[""verb""]","{""parts_of_speech"": [""verb""], ""source"": ""Oxford 3000"", ""original_line"": ""involve v.""}"
item,A2,,,"[""noun""]","{""parts_of_speech"": [""noun""], ""source"": ""Oxford 3000"", ""original_line"": ""item n.""}"
itself,A2,,,"[""noun"", ""pronoun""]","{""parts_of_speech"": [""noun"", ""pronoun""], ""source"": ""Oxford 3000"", ""original_line"": ""itself pron.""}"
jam,A2,,,"[""noun""]","{""parts_of_speech"": [""noun""], ""source"": ""Oxford 3000"", ""original_line"": ""jam n.""}"
jazz,A2,,,"[""noun""]","{""parts_of_speech"": [""noun""], ""source"": ""Oxford 3000"", ""original_line"": ""jazz n.""}"
jewellery,A2,,,"[""noun""]","{""parts_of_speech"": [""noun""], ""source"": ""Oxford 3000"", ""original_line"": ""jewellery n.""}"
joke,A2,,,"[""noun"", ""verb""]","{""parts_of_speech"": [""noun"", ""verb""], ""source"": ""Oxford 3000"", ""original_line"": ""joke n. , v.""}"
journalist,A2,,,"[""noun""]","{""parts_of_speech"": [""noun""], ""source"": ""Oxford 3000"", ""original_line"": ""journalist n.""}"
jump,A2,,,"[""noun"", ""verb""]","{""parts_of_speech"": [""noun"", ""verb""], ""source"": ""Oxford 3000"", ""original_line"": ""jump v. , n.""}"
kid,A2,,,"[""noun""]","{""parts_of_speech"": [""noun""], ""source"": ""Oxford 3000"", ""original_line"": ""kid n.""}"
kill,A2,,,"[""verb""]","{""parts_of_speech"": [""verb""], ""source"": ""Oxford 3000"", ""original_line"": ""kill v.""}"
king,A2,,,"[""noun""]","{""parts_of_speech"": [""noun""], ""source"": ""Oxford 3000"", ""original_line"": ""king n.""}"
knee,A2,,,"[""noun""]","{""parts_of_speech"": [""noun""], ""source"": ""Oxford 3000"", ""original_line"": ""knee n.""}"
knife,A2,,,"[""noun""]","{""parts_of_speech"": [""noun""], ""source"": ""Oxford 3000"", ""original_line"": ""knife n.""}"
knock,A2,,,"[""verb""]","{""parts_of_speech"": [""verb""], ""source"": ""Oxford 3000"", ""original_line"": ""knock v.""}"
knowledge,A2,,,"[""noun""]","{""parts_of_speech"": [""noun""], ""source"": ""Oxford 3000"", ""original_line"": ""knowledge n.""}"
lab,A2,,,"[""noun""]","{""parts_of_speech"": [""noun""], ""source"": ""Oxford 3000"", ""original_line"": ""lab n.""}"
lady,A2,,,"[""noun""]","{""parts_of_speech"": [""noun""], ""source"": ""Oxford 3000"", ""original_line"": ""lady n.""}"
lake,A2,,,"[""noun""]","{""parts_of_speech"": [""noun""], ""source"": ""Oxford 3000"", ""original_line"": ""lake n.""}"
lamp,A2,,,"[""noun""]","{""parts_of_speech"": [""noun""], ""source"": ""Oxford 3000"", ""original_line"": ""lamp n.""}"
laptop,A2,,,"[""noun""]","{""parts_of_speech"": [""noun""], ""source"": ""Oxford 3000"", ""original_line"": ""laptop n.""}"
laughter,A2,,,"[""noun""]","{""parts_of_speech"": [""noun""], ""source"": ""Oxford 3000"", ""original_line"": ""laughter n.""}"
law,A2,,,"[""noun""]","{""parts_of_speech"": [""noun""], ""source"": ""Oxford 3000"", ""original_line"": ""law n.""}"
lawyer,A2,,,"[""noun""]","{""parts_of_speech"": [""noun""], ""source"": ""Oxford 3000"", ""original_line"": ""lawyer n.""}"
lazy,A2,,,"[""adjective""]","{""parts_of_speech"": [""adjective""], ""source"": ""Oxford 3000"", ""original_line"": ""lazy adj.""}"
lead,A2,,,"[""verb""]","{""parts_of_speech"": [""verb""], ""source"": ""Oxford 3000"", ""original_line"": ""lead 1 v.""}"
leader,A2,,,"[""noun""]","{""parts_of_speech"": [""noun""], ""source"": ""Oxford 3000"", ""original_line"": ""leader n.""}"
learning,A2,,,"[""noun""]","{""parts_of_speech"": [""noun""], ""source"": ""Oxford 3000"", ""original_line"": ""learning n.""}"
least,A2,,,"[""noun"", ""verb"", ""adverb"", ""determiner"", ""pronoun""]","{""parts_of_speech"": [""noun"", ""verb"", ""adverb"", ""determiner"", ""pronoun""], ""source"": ""Oxford 3000"", ""original_line"": ""least det./pron. , adv.""}"
lecture,A2,,,"[""noun"", ""verb""]","{""parts_of_speech"": [""noun"", ""verb""], ""source"": ""Oxford 3000"", ""original_line"": ""lecture n. , v.""}"
lemon,A2,,,"[""noun""]","{""parts_of_speech"": [""noun""], ""source"": ""Oxford 3000"", ""original_line"": ""lemon n.""}"
lend,A2,,,"[""verb""]","{""parts_of_speech"": [""verb""], ""source"": ""Oxford 3000"", ""original_line"": ""lend v.""}"
less,A2,,,"[""noun"", ""verb"", ""adverb"", ""determiner"", ""pronoun""]","{""parts_of_speech"": [""noun"", ""verb"", ""adverb"", ""determiner"", ""pronoun""], ""source"": ""Oxford 3000"", ""original_line"": ""less det./pron. , adv.""}"
lifestyle,A2,,,"[""noun""]","{""parts_of_speech"": [""noun""], ""source"": ""Oxford 3000"", ""original_line"": ""lifestyle n.""}"
lift,A2,,,"[""noun"", ""verb""]","{""parts_of_speech"": [""noun"", ""verb""], ""source"": ""Oxford 3000"", ""original_line"": ""lift v. , n.""}"
likely,A2,,,"[""adjective""]","{""parts_of_speech"": [""adjective""], ""source"": ""Oxford 3000"", ""original_line"": ""likely adj.""}"
link,A2,,,"[""noun"", ""verb""]","{""parts_of_speech"": [""noun"", ""verb""], ""source"": ""Oxford 3000"", ""original_line"": ""link n. , v.""}"
listener,A2,,,"[""noun""]","{""parts_of_speech"": [""noun""], ""source"": ""Oxford 3000"", ""original_line"": ""listener n.""}"
lorry,A2,,,"[""noun""]","{""parts_of_speech"": [""noun""], ""source"": ""Oxford 3000"", ""original_line"": ""lorry n.""}"
lost,A2,,,"[""adjective""]","{""parts_of_speech"": [""adjective""], ""source"": ""Oxford 3000"", ""original_line"": ""lost adj.""}"
loud,A2,,,"[""verb"", ""adjective"", ""adverb""]","{""parts_of_speech"": [""verb"", ""adjective"", ""adverb""], ""source"": ""Oxford 3000"", ""original_line"": ""loud adj. , adv.""}"
loudly,A2,,,"[""verb"", ""adverb""]","{""parts_of_speech"": [""verb"", ""adverb""], ""source"": ""Oxford 3000"", ""original_line"": ""loudly adv.""}"
lovely,A2,,,"[""adjective""]","{""parts_of_speech"": [""adjective""], ""source"": ""Oxford 3000"", ""original_line"": ""lovely adj.""}"
low,A2,,,"[""verb"", ""adjective"", ""adverb""]","{""parts_of_speech"": [""verb"", ""adjective"", ""adverb""], ""source"": ""Oxford 3000"", ""original_line"": ""low adj. , adv.""}"
luck,A2,,,"[""noun""]","{""parts_of_speech"": [""noun""], ""source"": ""Oxford 3000"", ""original_line"": ""luck n.""}"
lucky,A2,,,"[""adjective""]","{""parts_of_speech"": [""adjective""], ""source"": ""Oxford 3000"", ""original_line"": ""lucky adj.""}"
mail,A2,,,"[""noun"", ""verb""]","{""parts_of_speech"": [""noun"", ""verb""], ""source"": ""Oxford 3000"", ""original_line"": ""mail n. , v.""}"
major,A2,,,"[""adjective""]","{""parts_of_speech"": [""adjective""], ""source"": ""Oxford 3000"", ""original_line"": ""major adj.""}"
male,A2,,,"[""noun"", ""adjective""]","{""parts_of_speech"": [""noun"", ""adjective""], ""source"": ""Oxford 3000"", ""original_line"": ""male adj. , n.""}"
manage,A2,,,"[""verb""]","{""parts_of_speech"": [""verb""], ""source"": ""Oxford 3000"", ""original_line"": ""manage v.""}"
manager,A2,,,"[""noun""]","{""parts_of_speech"": [""noun""], ""source"": ""Oxford 3000"", ""original_line"": ""manager n.""}"
manner,A2,,,"[""noun""]","{""parts_of_speech"": [""noun""], ""source"": ""Oxford 3000"", ""original_line"": ""manner n.""}"
mark,A2,,,"[""noun"", ""verb""]","{""parts_of_speech"": [""noun"", ""verb""], ""source"": ""Oxford 3000"", ""original_line"": ""mark v. , n.""}"
marry,A2,,,"[""verb""]","{""parts_of_speech"": [""verb""], ""source"": ""Oxford 3000"", ""original_line"": ""marry v.""}"
material,A2,,,"[""noun""]","{""parts_of_speech"": [""noun""], ""source"": ""Oxford 3000"", ""original_line"": ""material n.""}"
mathematics,A2,,,"[""noun""]","{""parts_of_speech"": [""noun""], ""source"": ""Oxford 3000"", ""original_line"": ""mathematics n.""}"
maths,A2,,,"[""noun""]","{""parts_of_speech"": [""noun""], ""source"": ""Oxford 3000"", ""original_line"": ""maths n.""}"
matter,A2,,,"[""noun"", ""verb""]","{""parts_of_speech"": [""noun"", ""verb""], ""source"": ""Oxford 3000"", ""original_line"": ""matter n. , v.""}"
media,A2,,,"[""noun""]","{""parts_of_speech"": [""noun""], ""source"": ""Oxford 3000"", ""original_line"": ""media n.""}"
medical,A2,,,"[""adjective""]","{""parts_of_speech"": [""adjective""], ""source"": ""Oxford 3000"", ""original_line"": ""medical adj.""}"
medicine,A2,,,"[""noun""]","{""parts_of_speech"": [""noun""], ""source"": ""Oxford 3000"", ""original_line"": ""medicine n.""}"
memory,A2,,,"[""noun""]","{""parts_of_speech"": [""noun""], ""source"": ""Oxford 3000"", ""original_line"": ""memory n.""}"
mention,A2,,,"[""verb""]","{""parts_of_speech"": [""verb""], ""source"": ""Oxford 3000"", ""original_line"": ""mention v.""}"
metal,A2,,,"[""noun""]","{""parts_of_speech"": [""noun""], ""source"": ""Oxford 3000"", ""original_line"": ""metal n.""}"
method,A2,,,"[""noun""]","{""parts_of_speech"": [""noun""], ""source"": ""Oxford 3000"", ""original_line"": ""method n.""}"
middle,A2,,,"[""noun"", ""adjective""]","{""parts_of_speech"": [""noun"", ""adjective""], ""source"": ""Oxford 3000"", ""original_line"": ""middle n. , adj.""}"
might,A2,,,"[""verb"", ""modal verb""]","{""parts_of_speech"": [""verb"", ""modal verb""], ""source"": ""Oxford 3000"", ""original_line"": ""might modal v.""}"
mind,A2,,,"[""noun"", ""verb""]","{""parts_of_speech"": [""noun"", ""verb""], ""source"": ""Oxford 3000"", ""original_line"": ""mind n. , v.""}"
mine,A2,,,"[""noun"", ""pronoun""]","{""parts_of_speech"": [""noun"", ""pronoun""], ""source"": ""Oxford 3000"", ""original_line"": ""mine (belongs to me) pron.""}"
mirror,A2,,,"[""noun""]","{""parts_of_speech"": [""noun""], ""source"": ""Oxford 3000"", ""original_line"": ""mirror n.""}"
missing,A2,,,"[""adjective""]","{""parts_of_speech"": [""adjective""], ""source"": ""Oxford 3000"", ""original_line"": ""missing adj.""}"
mobile,A2,,,"[""noun"", ""adjective""]","{""parts_of_speech"": [""noun"", ""adjective""], ""source"": ""Oxford 3000"", ""original_line"": ""mobile adj. , n.""}"
monkey,A2,,,"[""noun""]","{""parts_of_speech"": [""noun""], ""source"": ""Oxford 3000"", ""original_line"": ""monkey n.""}"
moon,A2,,,"[""noun""]","{""parts_of_speech"": [""noun""], ""source"": ""Oxford 3000"", ""original_line"": ""moon n.""}"
mostly,A2,,,"[""verb"", ""adverb""]","{""parts_of_speech"": [""verb"", ""adverb""], ""source"": ""Oxford 3000"", ""original_line"": ""mostly adv.""}"
motorcycle,A2,,,"[""noun""]","{""parts_of_speech"": [""noun""], ""source"": ""Oxford 3000"", ""original_line"": ""motorcycle n.""}"
movement,A2,,,"[""noun""]","{""parts_of_speech"": [""noun""], ""source"": ""Oxford 3000"", ""original_line"": ""movement n.""}"
musical,A2,,,"[""adjective""]","{""parts_of_speech"": [""adjective""], ""source"": ""Oxford 3000"", ""original_line"": ""musical adj.""}"
musician,A2,,,"[""noun""]","{""parts_of_speech"": [""noun""], ""source"": ""Oxford 3000"", ""original_line"": ""musician n.""}"
myself,A2,,,"[""noun"", ""pronoun""]","{""parts_of_speech"": [""noun"", ""pronoun""], ""source"": ""Oxford 3000"", ""original_line"": ""myself pron.""}"
narrow,A2,,,"[""adjective""]","{""parts_of_speech"": [""adjective""], ""source"": ""Oxford 3000"", ""original_line"": ""narrow adj.""}"
national,A2,,,"[""adjective""]","{""parts_of_speech"": [""adjective""], ""source"": ""Oxford 3000"", ""original_line"": ""national adj.""}"
nature,A2,,,"[""noun""]","{""parts_of_speech"": [""noun""], ""source"": ""Oxford 3000"", ""original_line"": ""nature n.""}"
nearly,A2,,,"[""verb"", ""adverb""]","{""parts_of_speech"": [""verb"", ""adverb""], ""source"": ""Oxford 3000"", ""original_line"": ""nearly adv.""}"
necessary,A2,,,"[""adjective""]","{""parts_of_speech"": [""adjective""], ""source"": ""Oxford 3000"", ""original_line"": ""necessary adj.""}"
neck,A2,,,"[""noun""]","{""parts_of_speech"": [""noun""], ""source"": ""Oxford 3000"", ""original_line"": ""neck n.""}"
neither,A2,,,"[""noun"", ""determiner"", ""pronoun""]","{""parts_of_speech"": [""noun"", ""determiner"", ""pronoun""], ""source"": ""Oxford 3000"", ""original_line"": ""neither det./pron.""}"
nervous,A2,,,"[""adjective""]","{""parts_of_speech"": [""adjective""], ""source"": ""Oxford 3000"", ""original_line"": ""nervous adj.""}"
network,A2,,,"[""noun""]","{""parts_of_speech"": [""noun""], ""source"": ""Oxford 3000"", ""original_line"": ""network n.""}"
noise,A2,,,"[""noun""]","{""parts_of_speech"": [""noun""], ""source"": ""Oxford 3000"", ""original_line"": ""noise n.""}"
noisy,A2,,,"[""adjective""]","{""parts_of_speech"": [""adjective""], ""source"": ""Oxford 3000"", ""original_line"": ""noisy adj.""}"
none,A2,,,"[""noun"", ""pronoun""]","{""parts_of_speech"": [""noun"", ""pronoun""], ""source"": ""Oxford 3000"", ""original_line"": ""none pron.""}"
normal,A2,,,"[""adjective""]","{""parts_of_speech"": [""adjective""], ""source"": ""Oxford 3000"", ""original_line"": ""normal adj.""}"
normally,A2,,,"[""verb"", ""adverb""]","{""parts_of_speech"": [""verb"", ""adverb""], ""source"": ""Oxford 3000"", ""original_line"": ""normally adv.""}"
notice,A2,,,"[""noun"", ""verb""]","{""parts_of_speech"": [""noun"", ""verb""], ""source"": ""Oxford 3000"", ""original_line"": ""notice v. , n.""}"
novel,A2,,,"[""noun""]","{""parts_of_speech"": [""noun""], ""source"": ""Oxford 3000"", ""original_line"": ""novel n.""}"
nowhere,A2,,,"[""verb"", ""adverb""]","{""parts_of_speech"": [""verb"", ""adverb""], ""source"": ""Oxford 3000"", ""original_line"": ""nowhere adv.""}"
nut,A2,,,"[""noun""]","{""parts_of_speech"": [""noun""], ""source"": ""Oxford 3000"", ""original_line"": ""nut n.""}"
ocean,A2,,,"[""noun""]","{""parts_of_speech"": [""noun""], ""source"": ""Oxford 3000"", ""original_line"": ""ocean n.""}"
offer,A2,,,"[""noun"", ""verb""]","{""parts_of_speech"": [""noun"", ""verb""], ""source"": ""Oxford 3000"", ""original_line"": ""offer v. , n.""}"
officer,A2,,,"[""noun""]","{""parts_of_speech"": [""noun""], ""source"": ""Oxford 3000"", ""original_line"": ""officer n.""}"
oil,A2,,,"[""noun""]","{""parts_of_speech"": [""noun""], ""source"": ""Oxford 3000"", ""original_line"": ""oil n.""}"
onto,A2,,,"[""noun"", ""preposition""]","{""parts_of_speech"": [""noun"", ""preposition""], ""source"": ""Oxford 3000"", ""original_line"": ""onto prep.opportunity n.""}"
option,A2,,,"[""noun""]","{""parts_of_speech"": [""noun""], ""source"": ""Oxford 3000"", ""original_line"": ""option n.""}"
ordinary,A2,,,"[""adjective""]","{""parts_of_speech"": [""adjective""], ""source"": ""Oxford 3000"", ""original_line"": ""ordinary adj.""}"
organization,A2,,,"[""noun""]","{""parts_of_speech"": [""noun""], ""source"": ""Oxford 3000"", ""original_line"": ""organization n.""}"
organize,A2,,,"[""verb""]","{""parts_of_speech"": [""verb""], ""source"": ""Oxford 3000"", ""original_line"": ""organize v.""}"
original,A2,,,"[""adjective""]","{""parts_of_speech"": [""adjective""], ""source"": ""Oxford 3000"", ""original_line"": ""original adj.""}"
ourselves,A2,,,"[""noun"", ""pronoun""]","{""parts_of_speech"": [""noun"", ""pronoun""], ""source"": ""Oxford 3000"", ""original_line"": ""ourselves pron.""}"
oven,A2,,,"[""noun""]","{""parts_of_speech"": [""noun""], ""source"": ""Oxford 3000"", ""original_line"": ""oven n.""}"
owner,A2,,,"[""noun""]","{""parts_of_speech"": [""noun""], ""source"": ""Oxford 3000"", ""original_line"": ""owner n.""}"
pack,A2,,,"[""verb""]","{""parts_of_speech"": [""verb""], ""source"": ""Oxford 3000"", ""original_line"": ""pack v.""}"
pain,A2,,,"[""noun""]","{""parts_of_speech"": [""noun""], ""source"": ""Oxford 3000"", ""original_line"": ""pain n.""}"
painter,A2,,,"[""noun""]","{""parts_of_speech"": [""noun""], ""source"": ""Oxford 3000"", ""original_line"": ""painter n.""}"
palace,A2,,,"[""noun""]","{""parts_of_speech"": [""noun""], ""source"": ""Oxford 3000"", ""original_line"": ""palace n.""}"
pants,A2,,,"[""noun""]","{""parts_of_speech"": [""noun""], ""source"": ""Oxford 3000"", ""original_line"": ""pants n.""}"
parking,A2,,,"[""noun""]","{""parts_of_speech"": [""noun""], ""source"": ""Oxford 3000"", ""original_line"": ""parking n.""}"
particular,A2,,,"[""adjective""]","{""parts_of_speech"": [""adjective""], ""source"": ""Oxford 3000"", ""original_line"": ""particular adj.""}"
pass,A2,,,"[""verb""]","{""parts_of_speech"": [""verb""], ""source"": ""Oxford 3000"", ""original_line"": ""pass v.""}"
passenger,A2,,,"[""noun""]","{""parts_of_speech"": [""noun""], ""source"": ""Oxford 3000"", ""original_line"": ""passenger n.""}"
patient,A2,,,"[""noun""]","{""parts_of_speech"": [""noun""], ""source"": ""Oxford 3000"", ""original_line"": ""patient n.""}"
pattern,A2,,,"[""noun""]","{""parts_of_speech"": [""noun""], ""source"": ""Oxford 3000"", ""original_line"": ""pattern n.""}"
peace,A2,,,"[""noun""]","{""parts_of_speech"": [""noun""], ""source"": ""Oxford 3000"", ""original_line"": ""peace n.""}"
penny,A2,,,"[""noun""]","{""parts_of_speech"": [""noun""], ""source"": ""Oxford 3000"", ""original_line"": ""penny n.""}"
per,A2,,,"[""preposition""]","{""parts_of_speech"": [""preposition""], ""source"": ""Oxford 3000"", ""original_line"": ""per prep.""}"
perform,A2,,,"[""verb""]","{""parts_of_speech"": [""verb""], ""source"": ""Oxford 3000"", ""original_line"": ""perform v.""}"
perhaps,A2,,,"[""verb"", ""adverb""]","{""parts_of_speech"": [""verb"", ""adverb""], ""source"": ""Oxford 3000"", ""original_line"": ""perhaps adv.""}"
permission,A2,,,"[""noun""]","{""parts_of_speech"": [""noun""], ""source"": ""Oxford 3000"", ""original_line"": ""permission n.""}"
personality,A2,,,"[""noun""]","{""parts_of_speech"": [""noun""], ""source"": ""Oxford 3000"", ""original_line"": ""personality n.""}"
pet,A2,,,"[""noun""]","{""parts_of_speech"": [""noun""], ""source"": ""Oxford 3000"", ""original_line"": ""pet n.""}"
petrol,A2,,,"[""noun""]","{""parts_of_speech"": [""noun""], ""source"": ""Oxford 3000"", ""original_line"": ""petrol n.""}"
physical,A2,,,"[""adjective""]","{""parts_of_speech"": [""adjective""], ""source"": ""Oxford 3000"", ""original_line"": ""physical adj.""}"
physics,A2,,,"[""noun""]","{""parts_of_speech"": [""noun""], ""source"": ""Oxford 3000"", ""original_line"": ""physics n.""}"
pick,A2,,,"[""verb""]","{""parts_of_speech"": [""verb""], ""source"": ""Oxford 3000"", ""original_line"": ""pick v.""}"
pilot,A2,,,"[""noun""]","{""parts_of_speech"": [""noun""], ""source"": ""Oxford 3000"", ""original_line"": ""pilot n.""}"
planet,A2,,,"[""noun""]","{""parts_of_speech"": [""noun""], ""source"": ""Oxford 3000"", ""original_line"": ""planet n.""}"
plastic,A2,,,"[""noun"", ""adjective""]","{""parts_of_speech"": [""noun"", ""adjective""], ""source"": ""Oxford 3000"", ""original_line"": ""plastic n. , adj.""}"
plate,A2,,,"[""noun""]","{""parts_of_speech"": [""noun""], ""source"": ""Oxford 3000"", ""original_line"": ""plate n.""}"
platform,A2,,,"[""noun""]","{""parts_of_speech"": [""noun""], ""source"": ""Oxford 3000"", ""original_line"": ""platform n.""}"
pleased,A2,,,"[""adjective""]","{""parts_of_speech"": [""adjective""], ""source"": ""Oxford 3000"", ""original_line"": ""pleased adj.""}"
pocket,A2,,,"[""noun""]","{""parts_of_speech"": [""noun""], ""source"": ""Oxford 3000"", ""original_line"": ""pocket n.""}"
polite,A2,,,"[""adjective""]","{""parts_of_speech"": [""adjective""], ""source"": ""Oxford 3000"", ""original_line"": ""polite adj.""}"
pollution,A2,,,"[""noun""]","{""parts_of_speech"": [""noun""], ""source"": ""Oxford 3000"", ""original_line"": ""pollution n.""}"
pop,A2,,,"[""noun"", ""adjective""]","{""parts_of_speech"": [""noun"", ""adjective""], ""source"": ""Oxford 3000"", ""original_line"": ""pop n. , adj.""}"
population,A2,,,"[""noun""]","{""parts_of_speech"": [""noun""], ""source"": ""Oxford 3000"", ""original_line"": ""population n.""}"
position,A2,,,"[""noun""]","{""parts_of_speech"": [""noun""], ""source"": ""Oxford 3000"", ""original_line"": ""position n.""}"
possession,A2,,,"[""noun""]","{""parts_of_speech"": [""noun""], ""source"": ""Oxford 3000"", ""original_line"": ""possession n.""}"
possibility,A2,,,"[""noun""]","{""parts_of_speech"": [""noun""], ""source"": ""Oxford 3000"", ""original_line"": ""possibility n.""}"
poster,A2,,,"[""noun""]","{""parts_of_speech"": [""noun""], ""source"": ""Oxford 3000"", ""original_line"": ""poster n.""}"
power,A2,,,"[""noun""]","{""parts_of_speech"": [""noun""], ""source"": ""Oxford 3000"", ""original_line"": ""power n.""}"
predict,A2,,,"[""verb""]","{""parts_of_speech"": [""verb""], ""source"": ""Oxford 3000"", ""original_line"": ""predict v.""}"
president,A2,,,"[""noun""]","{""parts_of_speech"": [""noun""], ""source"": ""Oxford 3000"", ""original_line"": ""president n.""}"
prevent,A2,,,"[""verb""]","{""parts_of_speech"": [""verb""], ""source"": ""Oxford 3000"", ""original_line"": ""prevent v.""}"
print,A2,,,"[""verb""]","{""parts_of_speech"": [""verb""], ""source"": ""Oxford 3000"", ""original_line"": ""print v.""}"
printer,A2,,,"[""noun""]","{""parts_of_speech"": [""noun""], ""source"": ""Oxford 3000"", ""original_line"": ""printer n.""}"
prison,A2,,,"[""noun""]","{""parts_of_speech"": [""noun""], ""source"": ""Oxford 3000"", ""original_line"": ""prison n.""}"
prize,A2,,,"[""noun""]","{""parts_of_speech"": [""noun""], ""source"": ""Oxford 3000"", ""original_line"": ""prize n.""}"
process,A2,,,"[""noun""]","{""parts_of_speech"": [""noun""], ""source"": ""Oxford 3000"", ""original_line"": ""process n.""}"
produce,A2,,,"[""verb""]","{""parts_of_speech"": [""verb""], ""source"": ""Oxford 3000"", ""original_line"": ""produce v.""}"
professional,A2,,,"[""adjective""]","{""parts_of_speech"": [""adjective""], ""source"": ""Oxford 3000"", ""original_line"": ""professional adj.""}"
professor,A2,,,"[""noun""]","{""parts_of_speech"": [""noun""], ""source"": ""Oxford 3000"", ""original_line"": ""professor n.""}"
profile,A2,,,"[""noun""]","{""parts_of_speech"": [""noun""], ""source"": ""Oxford 3000"", ""original_line"": ""profile n.""}"
program,A2,,,"[""noun""]","{""parts_of_speech"": [""noun""], ""source"": ""Oxford 3000"", ""original_line"": ""program n.progress n.""}"
promise,A2,,,"[""noun"", ""verb""]","{""parts_of_speech"": [""noun"", ""verb""], ""source"": ""Oxford 3000"", ""original_line"": ""promise v. , n.""}"
pronounce,A2,,,"[""verb""]","{""parts_of_speech"": [""verb""], ""source"": ""Oxford 3000"", ""original_line"": ""pronounce v.""}"
protect,A2,,,"[""verb""]","{""parts_of_speech"": [""verb""], ""source"": ""Oxford 3000"", ""original_line"": ""protect v.""}"
provide,A2,,,"[""verb""]","{""parts_of_speech"": [""verb""], ""source"": ""Oxford 3000"", ""original_line"": ""provide v.""}"
pub,A2,,,"[""noun""]","{""parts_of_speech"": [""noun""], ""source"": ""Oxford 3000"", ""original_line"": ""pub n.""}"
public,A2,,,"[""noun"", ""adjective""]","{""parts_of_speech"": [""noun"", ""adjective""], ""source"": ""Oxford 3000"", ""original_line"": ""public adj. , n.""}"
publish,A2,,,"[""verb""]","{""parts_of_speech"": [""verb""], ""source"": ""Oxford 3000"", ""original_line"": ""publish v.""}"
pull,A2,,,"[""verb""]","{""parts_of_speech"": [""verb""], ""source"": ""Oxford 3000"", ""original_line"": ""pull v.""}"
purpose,A2,,,"[""noun""]","{""parts_of_speech"": [""noun""], ""source"": ""Oxford 3000"", ""original_line"": ""purpose n.""}"
push,A2,,,"[""verb""]","{""parts_of_speech"": [""verb""], ""source"": ""Oxford 3000"", ""original_line"": ""push v.""}"
quality,A2,,,"[""noun""]","{""parts_of_speech"": [""noun""], ""source"": ""Oxford 3000"", ""original_line"": ""quality n.""}"
quantity,A2,,,"[""noun""]","{""parts_of_speech"": [""noun""], ""source"": ""Oxford 3000"", ""original_line"": ""quantity n.""}"
queen,A2,,,"[""noun""]","{""parts_of_speech"": [""noun""], ""source"": ""Oxford 3000"", ""original_line"": ""queen n.""}"
quietly,A2,,,"[""verb"", ""adverb""]","{""parts_of_speech"": [""verb"", ""adverb""], ""source"": ""Oxford 3000"", ""original_line"": ""quietly adv.""}"
race,A2,,,"[""noun"", ""verb""]","{""parts_of_speech"": [""noun"", ""verb""], ""source"": ""Oxford 3000"", ""original_line"": ""race (competition) n. , v.""}"
railway,A2,,,"[""noun""]","{""parts_of_speech"": [""noun""], ""source"": ""Oxford 3000"", ""original_line"": ""railway n.""}"
raise,A2,,,"[""verb""]","{""parts_of_speech"": [""verb""], ""source"": ""Oxford 3000"", ""original_line"": ""raise v.""}"
rate,A2,,,"[""noun""]","{""parts_of_speech"": [""noun""], ""source"": ""Oxford 3000"", ""original_line"": ""rate n.""}"
rather,A2,,,"[""verb"", ""adverb""]","{""parts_of_speech"": [""verb"", ""adverb""], ""source"": ""Oxford 3000"", ""original_line"": ""rather adv.""}"
reach,A2,,,"[""verb""]","{""parts_of_speech"": [""verb""], ""source"": ""Oxford 3000"", ""original_line"": ""reach v.""}"
react,A2,,,"[""verb""]","{""parts_of_speech"": [""verb""], ""source"": ""Oxford 3000"", ""original_line"": ""react v.""}"
realize,A2,,,"[""verb""]","{""parts_of_speech"": [""verb""], ""source"": ""Oxford 3000"", ""original_line"": ""realize v.""}"
receive,A2,,,"[""verb""]","{""parts_of_speech"": [""verb""], ""source"": ""Oxford 3000"", ""original_line"": ""receive v.""}"
recent,A2,,,"[""adjective""]","{""parts_of_speech"": [""adjective""], ""source"": ""Oxford 3000"", ""original_line"": ""recent adj.""}"
recently,A2,,,"[""verb"", ""adverb""]","{""parts_of_speech"": [""verb"", ""adverb""], ""source"": ""Oxford 3000"", ""original_line"": ""recently adv.""}"
reception,A2,,,"[""noun""]","{""parts_of_speech"": [""noun""], ""source"": ""Oxford 3000"", ""original_line"": ""reception n.""}"
recipe,A2,,,"[""noun""]","{""parts_of_speech"": [""noun""], ""source"": ""Oxford 3000"", ""original_line"": ""recipe n.""}"
recognize,A2,,,"[""verb""]","{""parts_of_speech"": [""verb""], ""source"": ""Oxford 3000"", ""original_line"": ""recognize v.""}"
recommend,A2,,,"[""verb""]","{""parts_of_speech"": [""verb""], ""source"": ""Oxford 3000"", ""original_line"": ""recommend v.""}"
record,A2,,,"[""noun"", ""verb""]","{""parts_of_speech"": [""noun"", ""verb""], ""source"": ""Oxford 3000"", ""original_line"": ""record n. , v.""}"
recording,A2,,,"[""noun""]","{""parts_of_speech"": [""noun""], ""source"": ""Oxford 3000"", ""original_line"": ""recording n.""}"
recycle,A2,,,"[""verb""]","{""parts_of_speech"": [""verb""], ""source"": ""Oxford 3000"", ""original_line"": ""recycle v.""}"
reduce,A2,,,"[""verb""]","{""parts_of_speech"": [""verb""], ""source"": ""Oxford 3000"", ""original_line"": ""reduce v.""}"
refer,A2,,,"[""verb""]","{""parts_of_speech"": [""verb""], ""source"": ""Oxford 3000"", ""original_line"": ""refer v.""}"
refuse,A2,,,"[""verb""]","{""parts_of_speech"": [""verb""], ""source"": ""Oxford 3000"", ""original_line"": ""refuse 1 v.""}"
region,A2,,,"[""noun""]","{""parts_of_speech"": [""noun""], ""source"": ""Oxford 3000"", ""original_line"": ""region n.""}"
regular,A2,,,"[""adjective""]","{""parts_of_speech"": [""adjective""], ""source"": ""Oxford 3000"", ""original_line"": ""regular adj.""}"
relationship,A2,,,"[""noun""]","{""parts_of_speech"": [""noun""], ""source"": ""Oxford 3000"", ""original_line"": ""relationship n.""}"
remove,A2,,,"[""verb""]","{""parts_of_speech"": [""verb""], ""source"": ""Oxford 3000"", ""original_line"": ""remove v.""}"
repair,A2,,,"[""verb""]","{""parts_of_speech"": [""verb""], ""source"": ""Oxford 3000"", ""original_line"": ""repair v.""}"
replace,A2,,,"[""verb""]","{""parts_of_speech"": [""verb""], ""source"": ""Oxford 3000"", ""original_line"": ""replace v.""}"
reply,A2,,,"[""noun"", ""verb""]","{""parts_of_speech"": [""noun"", ""verb""], ""source"": ""Oxford 3000"", ""original_line"": ""reply v. , n.""}"
reporter,A2,,,"[""noun""]","{""parts_of_speech"": [""noun""], ""source"": ""Oxford 3000"", ""original_line"": ""reporter n.""}"
request,A2,,,"[""noun""]","{""parts_of_speech"": [""noun""], ""source"": ""Oxford 3000"", ""original_line"": ""request n.""}"
research,A2,,,"[""noun"", ""verb""]","{""parts_of_speech"": [""noun"", ""verb""], ""source"": ""Oxford 3000"", ""original_line"": ""research n. , v.""}"
researcher,A2,,,"[""noun""]","{""parts_of_speech"": [""noun""], ""source"": ""Oxford 3000"", ""original_line"": ""researcher n.""}"
respond,A2,,,"[""verb""]","{""parts_of_speech"": [""verb""], ""source"": ""Oxford 3000"", ""original_line"": ""respond v.""}"
response,A2,,,"[""noun""]","{""parts_of_speech"": [""noun""], ""source"": ""Oxford 3000"", ""original_line"": ""response n.""}"
rest,A2,,,"[""noun""]","{""parts_of_speech"": [""noun""], ""source"": ""Oxford 3000"", ""original_line"": ""rest (remaining part) n.""}"
review,A2,,,"[""noun"", ""verb""]","{""parts_of_speech"": [""noun"", ""verb""], ""source"": ""Oxford 3000"", ""original_line"": ""review n. , v.""}"
ring,A2,,,"[""noun""]","{""parts_of_speech"": [""noun""], ""source"": ""Oxford 3000"", ""original_line"": ""ring 1 n.""}"
rise,A2,,,"[""verb""]","{""parts_of_speech"": [""verb""], ""source"": ""Oxford 3000"", ""original_line"": ""rise v.""}"
rock,A2,,,"[""noun""]","{""parts_of_speech"": [""noun""], ""source"": ""Oxford 3000"", ""original_line"": ""rock (stone) n.""}"
role,A2,,,"[""noun""]","{""parts_of_speech"": [""noun""], ""source"": ""Oxford 3000"", ""original_line"": ""role n.""}"
roof,A2,,,"[""noun""]","{""parts_of_speech"": [""noun""], ""source"": ""Oxford 3000"", ""original_line"": ""roof n.""}"
round,A2,,,"[""verb"", ""adjective"", ""adverb"", ""preposition""]","{""parts_of_speech"": [""verb"", ""adjective"", ""adverb"", ""preposition""], ""source"": ""Oxford 3000"", ""original_line"": ""round adj. , adv. , prep.""}"
route,A2,,,"[""noun""]","{""parts_of_speech"": [""noun""], ""source"": ""Oxford 3000"", ""original_line"": ""route n.""}"
rubbish,A2,,,"[""noun""]","{""parts_of_speech"": [""noun""], ""source"": ""Oxford 3000"", ""original_line"": ""rubbish n.""}"
rude,A2,,,"[""adjective""]","{""parts_of_speech"": [""adjective""], ""source"": ""Oxford 3000"", ""original_line"": ""rude adj.""}"
runner,A2,,,"[""noun""]","{""parts_of_speech"": [""noun""], ""source"": ""Oxford 3000"", ""original_line"": ""runner n.""}"
running,A2,,,"[""noun""]","{""parts_of_speech"": [""noun""], ""source"": ""Oxford 3000"", ""original_line"": ""running n.""}"
sadly,A2,,,"[""verb"", ""adjective"", ""adverb""]","{""parts_of_speech"": [""verb"", ""adjective"", ""adverb""], ""source"": ""Oxford 3000"", ""original_line"": ""sadly adv.safe adj.""}"
sail,A2,,,"[""verb""]","{""parts_of_speech"": [""verb""], ""source"": ""Oxford 3000"", ""original_line"": ""sail v.""}"
sailing,A2,,,"[""noun""]","{""parts_of_speech"": [""noun""], ""source"": ""Oxford 3000"", ""original_line"": ""sailing n.""}"
salary,A2,,,"[""noun""]","{""parts_of_speech"": [""noun""], ""source"": ""Oxford 3000"", ""original_line"": ""salary n.""}"
sale,A2,,,"[""noun""]","{""parts_of_speech"": [""noun""], ""source"": ""Oxford 3000"", ""original_line"": ""sale n.""}"
sauce,A2,,,"[""noun""]","{""parts_of_speech"": [""noun""], ""source"": ""Oxford 3000"", ""original_line"": ""sauce n.""}"
save,A2,,,"[""verb""]","{""parts_of_speech"": [""verb""], ""source"": ""Oxford 3000"", ""original_line"": ""save v.""}"
scared,A2,,,"[""adjective""]","{""parts_of_speech"": [""adjective""], ""source"": ""Oxford 3000"", ""original_line"": ""scared adj.""}"
scary,A2,,,"[""adjective""]","{""parts_of_speech"": [""adjective""], ""source"": ""Oxford 3000"", ""original_line"": ""scary adj.""}"
scene,A2,,,"[""noun""]","{""parts_of_speech"": [""noun""], ""source"": ""Oxford 3000"", ""original_line"": ""scene n.""}"
schedule,A2,,,"[""noun""]","{""parts_of_speech"": [""noun""], ""source"": ""Oxford 3000"", ""original_line"": ""schedule n.""}"
score,A2,,,"[""noun"", ""verb""]","{""parts_of_speech"": [""noun"", ""verb""], ""source"": ""Oxford 3000"", ""original_line"": ""score v. , n.""}"
screen,A2,,,"[""noun""]","{""parts_of_speech"": [""noun""], ""source"": ""Oxford 3000"", ""original_line"": ""screen n.""}"
search,A2,,,"[""noun"", ""verb""]","{""parts_of_speech"": [""noun"", ""verb""], ""source"": ""Oxford 3000"", ""original_line"": ""search n. , v.""}"
season,A2,,,"[""noun""]","{""parts_of_speech"": [""noun""], ""source"": ""Oxford 3000"", ""original_line"": ""season n.""}"
seat,A2,,,"[""noun""]","{""parts_of_speech"": [""noun""], ""source"": ""Oxford 3000"", ""original_line"": ""seat n.""}"
secondly,A2,,,"[""verb"", ""adverb""]","{""parts_of_speech"": [""verb"", ""adverb""], ""source"": ""Oxford 3000"", ""original_line"": ""secondly adv.""}"
secret,A2,,,"[""noun"", ""adjective""]","{""parts_of_speech"": [""noun"", ""adjective""], ""source"": ""Oxford 3000"", ""original_line"": ""secret adj. , n.""}"
secretary,A2,,,"[""noun""]","{""parts_of_speech"": [""noun""], ""source"": ""Oxford 3000"", ""original_line"": ""secretary n.""}"
seem,A2,,,"[""verb""]","{""parts_of_speech"": [""verb""], ""source"": ""Oxford 3000"", ""original_line"": ""seem v.""}"
sense,A2,,,"[""noun""]","{""parts_of_speech"": [""noun""], ""source"": ""Oxford 3000"", ""original_line"": ""sense n.""}"
separate,A2,,,"[""adjective""]","{""parts_of_speech"": [""adjective""], ""source"": ""Oxford 3000"", ""original_line"": ""separate adj.""}"
series,A2,,,"[""noun""]","{""parts_of_speech"": [""noun""], ""source"": ""Oxford 3000"", ""original_line"": ""series n.""}"
serious,A2,,,"[""adjective""]","{""parts_of_speech"": [""adjective""], ""source"": ""Oxford 3000"", ""original_line"": ""serious adj.""}"
serve,A2,,,"[""verb""]","{""parts_of_speech"": [""verb""], ""source"": ""Oxford 3000"", ""original_line"": ""serve v.""}"
service,A2,,,"[""noun""]","{""parts_of_speech"": [""noun""], ""source"": ""Oxford 3000"", ""original_line"": ""service n.""}"
several,A2,,,"[""noun"", ""determiner"", ""pronoun""]","{""parts_of_speech"": [""noun"", ""determiner"", ""pronoun""], ""source"": ""Oxford 3000"", ""original_line"": ""several det./pron.""}"
shake,A2,,,"[""verb""]","{""parts_of_speech"": [""verb""], ""source"": ""Oxford 3000"", ""original_line"": ""shake v.""}"
shall,A2,,,"[""verb"", ""modal verb""]","{""parts_of_speech"": [""verb"", ""modal verb""], ""source"": ""Oxford 3000"", ""original_line"": ""shall modal v.""}"
shape,A2,,,"[""noun""]","{""parts_of_speech"": [""noun""], ""source"": ""Oxford 3000"", ""original_line"": ""shape n.""}"
sheet,A2,,,"[""noun""]","{""parts_of_speech"": [""noun""], ""source"": ""Oxford 3000"", ""original_line"": ""sheet n.""}"
ship,A2,,,"[""noun""]","{""parts_of_speech"": [""noun""], ""source"": ""Oxford 3000"", ""original_line"": ""ship n.""}"
shoulder,A2,,,"[""noun""]","{""parts_of_speech"": [""noun""], ""source"": ""Oxford 3000"", ""original_line"": ""shoulder n.""}"
shout,A2,,,"[""noun"", ""verb""]","{""parts_of_speech"": [""noun"", ""verb""], ""source"": ""Oxford 3000"", ""original_line"": ""shout v. , n.""}"
shut,A2,,,"[""verb"", ""adjective""]","{""parts_of_speech"": [""verb"", ""adjective""], ""source"": ""Oxford 3000"", ""original_line"": ""shut v. , adj.""}"
side,A2,,,"[""noun""]","{""parts_of_speech"": [""noun""], ""source"": ""Oxford 3000"", ""original_line"": ""side n.""}"
sign,A2,,,"[""noun"", ""verb""]","{""parts_of_speech"": [""noun"", ""verb""], ""source"": ""Oxford 3000"", ""original_line"": ""sign n. , v.""}"
silver,A2,,,"[""noun"", ""adjective""]","{""parts_of_speech"": [""noun"", ""adjective""], ""source"": ""Oxford 3000"", ""original_line"": ""silver n. , adj.""}"
simple,A2,,,"[""adjective""]","{""parts_of_speech"": [""adjective""], ""source"": ""Oxford 3000"", ""original_line"": ""simple adj.""}"
since,A2,,,"[""noun"", ""preposition"", ""conjunction""]","{""parts_of_speech"": [""noun"", ""preposition"", ""conjunction""], ""source"": ""Oxford 3000"", ""original_line"": ""since prep. , conj.""}"
singing,A2,,,"[""noun""]","{""parts_of_speech"": [""noun""], ""source"": ""Oxford 3000"", ""original_line"": ""singing n.""}"
single,A2,,,"[""noun"", ""adjective""]","{""parts_of_speech"": [""noun"", ""adjective""], ""source"": ""Oxford 3000"", ""original_line"": ""single adj. , n.""}"
sir,A2,,,"[""noun""]","{""parts_of_speech"": [""noun""], ""source"": ""Oxford 3000"", ""original_line"": ""sir n.""}"
site,A2,,,"[""noun""]","{""parts_of_speech"": [""noun""], ""source"": ""Oxford 3000"", ""original_line"": ""site n.""}"
size,A2,,,"[""noun""]","{""parts_of_speech"": [""noun""], ""source"": ""Oxford 3000"", ""original_line"": ""size n.""}"
ski,A2,,,"[""noun"", ""verb"", ""adjective""]","{""parts_of_speech"": [""noun"", ""verb"", ""adjective""], ""source"": ""Oxford 3000"", ""original_line"": ""ski v. , adj. , n.""}"
skiing,A2,,,"[""noun""]","{""parts_of_speech"": [""noun""], ""source"": ""Oxford 3000"", ""original_line"": ""skiing n.""}"
skin,A2,,,"[""noun""]","{""parts_of_speech"": [""noun""], ""source"": ""Oxford 3000"", ""original_line"": ""skin n.""}"
sky,A2,,,"[""noun""]","{""parts_of_speech"": [""noun""], ""source"": ""Oxford 3000"", ""original_line"": ""sky n.""}"
slowly,A2,,,"[""verb"", ""adverb""]","{""parts_of_speech"": [""verb"", ""adverb""], ""source"": ""Oxford 3000"", ""original_line"": ""slowly adv.""}"
smartphone,A2,,,"[""noun""]","{""parts_of_speech"": [""noun""], ""source"": ""Oxford 3000"", ""original_line"": ""smartphone n.""}"
smell,A2,,,"[""noun"", ""verb""]","{""parts_of_speech"": [""noun"", ""verb""], ""source"": ""Oxford 3000"", ""original_line"": ""smell v. , n.""}"
smile,A2,,,"[""noun"", ""verb""]","{""parts_of_speech"": [""noun"", ""verb""], ""source"": ""Oxford 3000"", ""original_line"": ""smile v. , n.""}"
smoke,A2,,,"[""noun"", ""verb""]","{""parts_of_speech"": [""noun"", ""verb""], ""source"": ""Oxford 3000"", ""original_line"": ""smoke n. , v.""}"
smoking,A2,,,"[""noun""]","{""parts_of_speech"": [""noun""], ""source"": ""Oxford 3000"", ""original_line"": ""smoking n.""}"
soap,A2,,,"[""noun""]","{""parts_of_speech"": [""noun""], ""source"": ""Oxford 3000"", ""original_line"": ""soap n.""}"
soccer,A2,,,"[""noun""]","{""parts_of_speech"": [""noun""], ""source"": ""Oxford 3000"", ""original_line"": ""soccer n.""}"
social,A2,,,"[""adjective""]","{""parts_of_speech"": [""adjective""], ""source"": ""Oxford 3000"", ""original_line"": ""social adj.""}"
society,A2,,,"[""noun""]","{""parts_of_speech"": [""noun""], ""source"": ""Oxford 3000"", ""original_line"": ""society n.""}"
sock,A2,,,"[""noun""]","{""parts_of_speech"": [""noun""], ""source"": ""Oxford 3000"", ""original_line"": ""sock n.""}"
soft,A2,,,"[""adjective""]","{""parts_of_speech"": [""adjective""], ""source"": ""Oxford 3000"", ""original_line"": ""soft adj.""}"
soldier,A2,,,"[""noun""]","{""parts_of_speech"": [""noun""], ""source"": ""Oxford 3000"", ""original_line"": ""soldier n.""}"
solution,A2,,,"[""noun""]","{""parts_of_speech"": [""noun""], ""source"": ""Oxford 3000"", ""original_line"": ""solution n.""}"
solve,A2,,,"[""verb""]","{""parts_of_speech"": [""verb""], ""source"": ""Oxford 3000"", ""original_line"": ""solve v.""}"
somewhere,A2,,,"[""noun"", ""verb"", ""adverb"", ""pronoun""]","{""parts_of_speech"": [""noun"", ""verb"", ""adverb"", ""pronoun""], ""source"": ""Oxford 3000"", ""original_line"": ""somewhere adv. , pron.""}"
sort,A2,,,"[""noun""]","{""parts_of_speech"": [""noun""], ""source"": ""Oxford 3000"", ""original_line"": ""sort n.""}"
source,A2,,,"[""noun""]","{""parts_of_speech"": [""noun""], ""source"": ""Oxford 3000"", ""original_line"": ""source n.""}"
speaker,A2,,,"[""noun""]","{""parts_of_speech"": [""noun""], ""source"": ""Oxford 3000"", ""original_line"": ""speaker n.""}"
speech,A2,,,"[""noun""]","{""parts_of_speech"": [""noun""], ""source"": ""Oxford 3000"", ""original_line"": ""speech n.""}"
speed,A2,,,"[""noun""]","{""parts_of_speech"": [""noun""], ""source"": ""Oxford 3000"", ""original_line"": ""speed n.""}"
spider,A2,,,"[""noun""]","{""parts_of_speech"": [""noun""], ""source"": ""Oxford 3000"", ""original_line"": ""spider n.""}"
spoon,A2,,,"[""noun""]","{""parts_of_speech"": [""noun""], ""source"": ""Oxford 3000"", ""original_line"": ""spoon n.""}"
square,A2,,,"[""noun"", ""adjective""]","{""parts_of_speech"": [""noun"", ""adjective""], ""source"": ""Oxford 3000"", ""original_line"": ""square adj. , n.""}"
stage,A2,,,"[""noun""]","{""parts_of_speech"": [""noun""], ""source"": ""Oxford 3000"", ""original_line"": ""stage n.""}"
stair,A2,,,"[""noun""]","{""parts_of_speech"": [""noun""], ""source"": ""Oxford 3000"", ""original_line"": ""stair n.""}"
stamp,A2,,,"[""noun""]","{""parts_of_speech"": [""noun""], ""source"": ""Oxford 3000"", ""original_line"": ""stamp n.""}"
state,A2,,,"[""noun""]","{""parts_of_speech"": [""noun""], ""source"": ""Oxford 3000"", ""original_line"": ""state n.""}"
steal,A2,,,"[""verb""]","{""parts_of_speech"": [""verb""], ""source"": ""Oxford 3000"", ""original_line"": ""steal v.""}"
step,A2,,,"[""noun""]","{""parts_of_speech"": [""noun""], ""source"": ""Oxford 3000"", ""original_line"": ""step n.""}"
stomach,A2,,,"[""noun""]","{""parts_of_speech"": [""noun""], ""source"": ""Oxford 3000"", ""original_line"": ""stomach n.""}"
stone,A2,,,"[""noun""]","{""parts_of_speech"": [""noun""], ""source"": ""Oxford 3000"", ""original_line"": ""stone n.""}"
store,A2,,,"[""noun""]","{""parts_of_speech"": [""noun""], ""source"": ""Oxford 3000"", ""original_line"": ""store n.""}"
storm,A2,,,"[""noun""]","{""parts_of_speech"": [""noun""], ""source"": ""Oxford 3000"", ""original_line"": ""storm n.""}"
straight,A2,,,"[""verb"", ""adjective"", ""adverb""]","{""parts_of_speech"": [""verb"", ""adjective"", ""adverb""], ""source"": ""Oxford 3000"", ""original_line"": ""straight adv. , adj.""}"
strange,A2,,,"[""adjective""]","{""parts_of_speech"": [""adjective""], ""source"": ""Oxford 3000"", ""original_line"": ""strange adj.""}"
strategy,A2,,,"[""noun""]","{""parts_of_speech"": [""noun""], ""source"": ""Oxford 3000"", ""original_line"": ""strategy n.""}"
stress,A2,,,"[""noun"", ""verb""]","{""parts_of_speech"": [""noun"", ""verb""], ""source"": ""Oxford 3000"", ""original_line"": ""stress n. , v.""}"
structure,A2,,,"[""noun""]","{""parts_of_speech"": [""noun""], ""source"": ""Oxford 3000"", ""original_line"": ""structure n.""}"
stupid,A2,,,"[""adjective""]","{""parts_of_speech"": [""adjective""], ""source"": ""Oxford 3000"", ""original_line"": ""stupid adj.""}"
succeed,A2,,,"[""verb""]","{""parts_of_speech"": [""verb""], ""source"": ""Oxford 3000"", ""original_line"": ""succeed v.""}"
successful,A2,,,"[""adjective""]","{""parts_of_speech"": [""adjective""], ""source"": ""Oxford 3000"", ""original_line"": ""successful adj.""}"
such,A2,,,"[""noun"", ""determiner"", ""pronoun""]","{""parts_of_speech"": [""noun"", ""determiner"", ""pronoun""], ""source"": ""Oxford 3000"", ""original_line"": ""such det./pron.""}"
suddenly,A2,,,"[""verb"", ""adverb""]","{""parts_of_speech"": [""verb"", ""adverb""], ""source"": ""Oxford 3000"", ""original_line"": ""suddenly adv.""}"
suggest,A2,,,"[""verb""]","{""parts_of_speech"": [""verb""], ""source"": ""Oxford 3000"", ""original_line"": ""suggest v.""}"
suggestion,A2,,,"[""noun""]","{""parts_of_speech"": [""noun""], ""source"": ""Oxford 3000"", ""original_line"": ""suggestion n.""}"
suit,A2,,,"[""noun""]","{""parts_of_speech"": [""noun""], ""source"": ""Oxford 3000"", ""original_line"": ""suit n.""}"
support,A2,,,"[""noun"", ""verb""]","{""parts_of_speech"": [""noun"", ""verb""], ""source"": ""Oxford 3000"", ""original_line"": ""support v. , n.""}"
suppose,A2,,,"[""verb""]","{""parts_of_speech"": [""verb""], ""source"": ""Oxford 3000"", ""original_line"": ""suppose v.""}"
surprise,A2,,,"[""noun"", ""verb""]","{""parts_of_speech"": [""noun"", ""verb""], ""source"": ""Oxford 3000"", ""original_line"": ""surprise n. , v.""}"
surprised,A2,,,"[""adjective""]","{""parts_of_speech"": [""adjective""], ""source"": ""Oxford 3000"", ""original_line"": ""surprised adj.""}"
surprising,A2,,,"[""adjective""]","{""parts_of_speech"": [""adjective""], ""source"": ""Oxford 3000"", ""original_line"": ""surprising adj.""}"
survey,A2,,,"[""noun""]","{""parts_of_speech"": [""noun""], ""source"": ""Oxford 3000"", ""original_line"": ""survey n.""}"
sweet,A2,,,"[""noun"", ""adjective""]","{""parts_of_speech"": [""noun"", ""adjective""], ""source"": ""Oxford 3000"", ""original_line"": ""sweet adj. , n.""}"
symbol,A2,,,"[""noun""]","{""parts_of_speech"": [""noun""], ""source"": ""Oxford 3000"", ""original_line"": ""symbol n.""}"
system,A2,,,"[""noun""]","{""parts_of_speech"": [""noun""], ""source"": ""Oxford 3000"", ""original_line"": ""system n.""}"
tablet,A2,,,"[""noun""]","{""parts_of_speech"": [""noun""], ""source"": ""Oxford 3000"", ""original_line"": ""tablet n.""}"
target,A2,,,"[""noun""]","{""parts_of_speech"": [""noun""], ""source"": ""Oxford 3000"", ""original_line"": ""target n.""}"
task,A2,,,"[""noun""]","{""parts_of_speech"": [""noun""], ""source"": ""Oxford 3000"", ""original_line"": ""task n.""}"
taste,A2,,,"[""noun"", ""verb""]","{""parts_of_speech"": [""noun"", ""verb""], ""source"": ""Oxford 3000"", ""original_line"": ""taste n. , v.""}"
teaching,A2,,,"[""noun""]","{""parts_of_speech"": [""noun""], ""source"": ""Oxford 3000"", ""original_line"": ""teaching n.""}"
technology,A2,,,"[""noun""]","{""parts_of_speech"": [""noun""], ""source"": ""Oxford 3000"", ""original_line"": ""technology n.""}"
teenage,A2,,,"[""adjective""]","{""parts_of_speech"": [""adjective""], ""source"": ""Oxford 3000"", ""original_line"": ""teenage adj.""}"
temperature,A2,,,"[""noun""]","{""parts_of_speech"": [""noun""], ""source"": ""Oxford 3000"", ""original_line"": ""temperature n.""}"
term,A2,,,"[""noun""]","{""parts_of_speech"": [""noun""], ""source"": ""Oxford 3000"", ""original_line"": ""term n.""}"
themselves,A2,,,"[""noun"", ""pronoun""]","{""parts_of_speech"": [""noun"", ""pronoun""], ""source"": ""Oxford 3000"", ""original_line"": ""themselves pron.""}"
thick,A2,,,"[""adjective""]","{""parts_of_speech"": [""adjective""], ""source"": ""Oxford 3000"", ""original_line"": ""thick adj.""}"
thief,A2,,,"[""noun""]","{""parts_of_speech"": [""noun""], ""source"": ""Oxford 3000"", ""original_line"": ""thief n.""}"
thin,A2,,,"[""adjective""]","{""parts_of_speech"": [""adjective""], ""source"": ""Oxford 3000"", ""original_line"": ""thin adj.""}"
thinking,A2,,,"[""noun""]","{""parts_of_speech"": [""noun""], ""source"": ""Oxford 3000"", ""original_line"": ""thinking n.""}"
thought,A2,,,"[""noun""]","{""parts_of_speech"": [""noun""], ""source"": ""Oxford 3000"", ""original_line"": ""thought n.""}"
throw,A2,,,"[""verb""]","{""parts_of_speech"": [""verb""], ""source"": ""Oxford 3000"", ""original_line"": ""throw v.""}"
tidy,A2,,,"[""verb"", ""adjective""]","{""parts_of_speech"": [""verb"", ""adjective""], ""source"": ""Oxford 3000"", ""original_line"": ""tidy adj. , v.""}"
tie,A2,,,"[""noun"", ""verb""]","{""parts_of_speech"": [""noun"", ""verb""], ""source"": ""Oxford 3000"", ""original_line"": ""tie v. , n.""}"
tip,A2,,,"[""noun""]","{""parts_of_speech"": [""noun""], ""source"": ""Oxford 3000"", ""original_line"": ""tip n.""}"
tool,A2,,,"[""noun""]","{""parts_of_speech"": [""noun""], ""source"": ""Oxford 3000"", ""original_line"": ""tool n.""}"
top,A2,,,"[""noun"", ""adjective""]","{""parts_of_speech"": [""noun"", ""adjective""], ""source"": ""Oxford 3000"", ""original_line"": ""top n. , adj.""}"
touch,A2,,,"[""verb""]","{""parts_of_speech"": [""verb""], ""source"": ""Oxford 3000"", ""original_line"": ""touch v.""}"
tour,A2,,,"[""noun""]","{""parts_of_speech"": [""noun""], ""source"": ""Oxford 3000"", ""original_line"": ""tour n.""}"
tourism,A2,,,"[""noun""]","{""parts_of_speech"": [""noun""], ""source"": ""Oxford 3000"", ""original_line"": ""tourism n.""}"
towards,A2,,,"[""noun"", ""preposition""]","{""parts_of_speech"": [""noun"", ""preposition""], ""source"": ""Oxford 3000"", ""original_line"": ""towards prep.towel n.""}"
tower,A2,,,"[""noun""]","{""parts_of_speech"": [""noun""], ""source"": ""Oxford 3000"", ""original_line"": ""tower n.""}"
toy,A2,,,"[""noun"", ""adjective""]","{""parts_of_speech"": [""noun"", ""adjective""], ""source"": ""Oxford 3000"", ""original_line"": ""toy n. , adj.""}"
track,A2,,,"[""noun""]","{""parts_of_speech"": [""noun""], ""source"": ""Oxford 3000"", ""original_line"": ""track n.""}"
tradition,A2,,,"[""noun""]","{""parts_of_speech"": [""noun""], ""source"": ""Oxford 3000"", ""original_line"": ""tradition n.""}"
traditional,A2,,,"[""adjective""]","{""parts_of_speech"": [""adjective""], ""source"": ""Oxford 3000"", ""original_line"": ""traditional adj.""}"
trainer,A2,,,"[""noun""]","{""parts_of_speech"": [""noun""], ""source"": ""Oxford 3000"", ""original_line"": ""trainer n.""}"
training,A2,,,"[""noun""]","{""parts_of_speech"": [""noun""], ""source"": ""Oxford 3000"", ""original_line"": ""training n.""}"
transport,A2,,,"[""noun""]","{""parts_of_speech"": [""noun""], ""source"": ""Oxford 3000"", ""original_line"": ""transport n.""}"
traveller,A2,,,"[""noun""]","{""parts_of_speech"": [""noun""], ""source"": ""Oxford 3000"", ""original_line"": ""traveller n.""}"
trouble,A2,,,"[""noun""]","{""parts_of_speech"": [""noun""], ""source"": ""Oxford 3000"", ""original_line"": ""trouble n.""}"
truck,A2,,,"[""noun""]","{""parts_of_speech"": [""noun""], ""source"": ""Oxford 3000"", ""original_line"": ""truck n.""}"
twin,A2,,,"[""noun"", ""adjective""]","{""parts_of_speech"": [""noun"", ""adjective""], ""source"": ""Oxford 3000"", ""original_line"": ""twin n. , adj.""}"
typical,A2,,,"[""adjective""]","{""parts_of_speech"": [""adjective""], ""source"": ""Oxford 3000"", ""original_line"": ""typical adj.""}"
underground,A2,,,"[""verb"", ""adjective"", ""adverb""]","{""parts_of_speech"": [""verb"", ""adjective"", ""adverb""], ""source"": ""Oxford 3000"", ""original_line"": ""underground adj. , adv.""}"
understanding,A2,,,"[""noun""]","{""parts_of_speech"": [""noun""], ""source"": ""Oxford 3000"", ""original_line"": ""understanding n.""}"
unfortunately,A2,,,"[""verb"", ""adverb""]","{""parts_of_speech"": [""verb"", ""adverb""], ""source"": ""Oxford 3000"", ""original_line"": ""unfortunately adv.""}"
unhappy,A2,,,"[""adjective""]","{""parts_of_speech"": [""adjective""], ""source"": ""Oxford 3000"", ""original_line"": ""unhappy adj.""}"
uniform,A2,,,"[""noun""]","{""parts_of_speech"": [""noun""], ""source"": ""Oxford 3000"", ""original_line"": ""uniform n.""}"
unit,A2,,,"[""noun""]","{""parts_of_speech"": [""noun""], ""source"": ""Oxford 3000"", ""original_line"": ""unit n.""}"
united,A2,,,"[""adjective""]","{""parts_of_speech"": [""adjective""], ""source"": ""Oxford 3000"", ""original_line"": ""united adj.""}"
unusual,A2,,,"[""adjective""]","{""parts_of_speech"": [""adjective""], ""source"": ""Oxford 3000"", ""original_line"": ""unusual adj.""}"
used,A2,,,"[""verb"", ""modal verb""]","{""parts_of_speech"": [""verb"", ""modal verb""], ""source"": ""Oxford 3000"", ""original_line"": ""used\u00a0to modal v.""}"
user,A2,,,"[""noun""]","{""parts_of_speech"": [""noun""], ""source"": ""Oxford 3000"", ""original_line"": ""user n.""}"
usual,A2,,,"[""adjective""]","{""parts_of_speech"": [""adjective""], ""source"": ""Oxford 3000"", ""original_line"": ""usual adj.""}"
valley,A2,,,"[""noun""]","{""parts_of_speech"": [""noun""], ""source"": ""Oxford 3000"", ""original_line"": ""valley n.""}"
van,A2,,,"[""noun""]","{""parts_of_speech"": [""noun""], ""source"": ""Oxford 3000"", ""original_line"": ""van n.""}"
variety,A2,,,"[""noun""]","{""parts_of_speech"": [""noun""], ""source"": ""Oxford 3000"", ""original_line"": ""variety n.""}"
vehicle,A2,,,"[""noun""]","{""parts_of_speech"": [""noun""], ""source"": ""Oxford 3000"", ""original_line"": ""vehicle n.""}"
view,A2,,,"[""noun""]","{""parts_of_speech"": [""noun""], ""source"": ""Oxford 3000"", ""original_line"": ""view n.""}"
virus,A2,,,"[""noun""]","{""parts_of_speech"": [""noun""], ""source"": ""Oxford 3000"", ""original_line"": ""virus n.""}"
voice,A2,,,"[""noun""]","{""parts_of_speech"": [""noun""], ""source"": ""Oxford 3000"", ""original_line"": ""voice n.""}"
war,A2,,,"[""noun""]","{""parts_of_speech"": [""noun""], ""source"": ""Oxford 3000"", ""original_line"": ""war n.""}"
washing,A2,,,"[""noun""]","{""parts_of_speech"": [""noun""], ""source"": ""Oxford 3000"", ""original_line"": ""washing n.""}"
wave,A2,,,"[""noun""]","{""parts_of_speech"": [""noun""], ""source"": ""Oxford 3000"", ""original_line"": ""wave n.""}"
weak,A2,,,"[""adjective""]","{""parts_of_speech"": [""adjective""], ""source"": ""Oxford 3000"", ""original_line"": ""weak adj.""}"
web,A2,,,"[""noun""]","{""parts_of_speech"": [""noun""], ""source"": ""Oxford 3000"", ""original_line"": ""web n.""}"
wedding,A2,,,"[""noun""]","{""parts_of_speech"": [""noun""], ""source"": ""Oxford 3000"", ""original_line"": ""wedding n.""}"
weight,A2,,,"[""noun""]","{""parts_of_speech"": [""noun""], ""source"": ""Oxford 3000"", ""original_line"": ""weight n.""}"
wet,A2,,,"[""adjective""]","{""parts_of_speech"": [""adjective""], ""source"": ""Oxford 3000"", ""original_line"": ""wet adj.""}"
wheel,A2,,,"[""noun""]","{""parts_of_speech"": [""noun""], ""source"": ""Oxford 3000"", ""original_line"": ""wheel n.""}"
while,A2,,,"[""noun"", ""conjunction""]","{""parts_of_speech"": [""noun"", ""conjunction""], ""source"": ""Oxford 3000"", ""original_line"": ""while conj.""}"
whole,A2,,,"[""adjective""]","{""parts_of_speech"": [""adjective""], ""source"": ""Oxford 3000"", ""original_line"": ""whole adj.""}"
whose,A2,,,"[""noun"", ""determiner"", ""pronoun""]","{""parts_of_speech"": [""noun"", ""determiner"", ""pronoun""], ""source"": ""Oxford 3000"", ""original_line"": ""whose det./pron.""}"
wide,A2,,,"[""adjective""]","{""parts_of_speech"": [""adjective""], ""source"": ""Oxford 3000"", ""original_line"": ""wide adj.""}"
wild,A2,,,"[""adjective""]","{""parts_of_speech"": [""adjective""], ""source"": ""Oxford 3000"", ""original_line"": ""wild adj.""}"
wind,A2,,,"[""noun""]","{""parts_of_speech"": [""noun""], ""source"": ""Oxford 3000"", ""original_line"": ""wind 1 n.""}"
winner,A2,,,"[""noun""]","{""parts_of_speech"": [""noun""], ""source"": ""Oxford 3000"", ""original_line"": ""winner n.""}"
wish,A2,,,"[""noun"", ""verb""]","{""parts_of_speech"": [""noun"", ""verb""], ""source"": ""Oxford 3000"", ""original_line"": ""wish v. , n.""}"
wood,A2,,,"[""noun""]","{""parts_of_speech"": [""noun""], ""source"": ""Oxford 3000"", ""original_line"": ""wood n.""}"
wooden,A2,,,"[""adjective""]","{""parts_of_speech"": [""adjective""], ""source"": ""Oxford 3000"", ""original_line"": ""wooden adj.""}"
working,A2,,,"[""adjective""]","{""parts_of_speech"": [""adjective""], ""source"": ""Oxford 3000"", ""original_line"": ""working adj.""}"
worried,A2,,,"[""adjective""]","{""parts_of_speech"": [""adjective""], ""source"": ""Oxford 3000"", ""original_line"": ""worried adj.""}"
worry,A2,,,"[""verb""]","{""parts_of_speech"": [""verb""], ""source"": ""Oxford 3000"", ""original_line"": ""worry v.""}"
worse,A2,,,"[""adjective""]","{""parts_of_speech"": [""adjective""], ""source"": ""Oxford 3000"", ""original_line"": ""worse adj.""}"
worst,A2,,,"[""adjective""]","{""parts_of_speech"": [""adjective""], ""source"": ""Oxford 3000"", ""original_line"": ""worst adj.""}"
wow,A2,,,"[""exclamation""]","{""parts_of_speech"": [""exclamation""], ""source"": ""Oxford 3000"", ""original_line"": ""wow exclam.""}"
yet,A2,,,"[""verb"", ""adverb""]","{""parts_of_speech"": [""verb"", ""adverb""], ""source"": ""Oxford 3000"", ""original_line"": ""yet adv.""}"
yours,A2,,,"[""noun"", ""pronoun""]","{""parts_of_speech"": [""noun"", ""pronoun""], ""source"": ""Oxford 3000"", ""original_line"": ""yours pron.""}"
zero,A2,,,"[""noun""]","{""parts_of_speech"": [""noun""], ""source"": ""Oxford 3000"", ""original_line"": ""zero number""}"
absolutely,B1,,,"[""verb"", ""adjective"", ""adverb""]","{""parts_of_speech"": [""verb"", ""adjective"", ""adverb""], ""source"": ""Oxford 3000"", ""original_line"": ""absolutely adv.academic adj.""}"
access,B1,,,"[""noun"", ""verb""]","{""parts_of_speech"": [""noun"", ""verb""], ""source"": ""Oxford 3000"", ""original_line"": ""access n. , v.""}"
accommodation,B1,,,"[""noun""]","{""parts_of_speech"": [""noun""], ""source"": ""Oxford 3000"", ""original_line"": ""accommodation n.""}"
account,B1,,,"[""noun""]","{""parts_of_speech"": [""noun""], ""source"": ""Oxford 3000"", ""original_line"": ""account n.""}"
achievement,B1,,,"[""noun""]","{""parts_of_speech"": [""noun""], ""source"": ""Oxford 3000"", ""original_line"": ""achievement n.""}"
ad,B1,,,"[""noun""]","{""parts_of_speech"": [""noun""], ""source"": ""Oxford 3000"", ""original_line"": ""ad n.""}"
addition,B1,,,"[""noun""]","{""parts_of_speech"": [""noun""], ""source"": ""Oxford 3000"", ""original_line"": ""addition n.""}"
admire,B1,,,"[""verb""]","{""parts_of_speech"": [""verb""], ""source"": ""Oxford 3000"", ""original_line"": ""admire v.""}"
admit,B1,,,"[""verb""]","{""parts_of_speech"": [""verb""], ""source"": ""Oxford 3000"", ""original_line"": ""admit v.""}"
advanced,B1,,,"[""adjective""]","{""parts_of_speech"": [""adjective""], ""source"": ""Oxford 3000"", ""original_line"": ""advanced adj.""}"
advise,B1,,,"[""verb""]","{""parts_of_speech"": [""verb""], ""source"": ""Oxford 3000"", ""original_line"": ""advise v.""}"
afford,B1,,,"[""verb""]","{""parts_of_speech"": [""verb""], ""source"": ""Oxford 3000"", ""original_line"": ""afford v.""}"
aged,B1,,,"[""adjective""]","{""parts_of_speech"": [""adjective""], ""source"": ""Oxford 3000"", ""original_line"": ""aged adj.""}"
agent,B1,,,"[""noun""]","{""parts_of_speech"": [""noun""], ""source"": ""Oxford 3000"", ""original_line"": ""agent n.""}"
agreement,B1,,,"[""noun""]","{""parts_of_speech"": [""noun""], ""source"": ""Oxford 3000"", ""original_line"": ""agreement n.""}"
ahead,B1,,,"[""verb"", ""adverb""]","{""parts_of_speech"": [""verb"", ""adverb""], ""source"": ""Oxford 3000"", ""original_line"": ""ahead adv.""}"
aim,B1,,,"[""noun"", ""verb""]","{""parts_of_speech"": [""noun"", ""verb""], ""source"": ""Oxford 3000"", ""original_line"": ""aim v. , n.""}"
alarm,B1,,,"[""noun""]","{""parts_of_speech"": [""noun""], ""source"": ""Oxford 3000"", ""original_line"": ""alarm n.""}"
album,B1,,,"[""noun""]","{""parts_of_speech"": [""noun""], ""source"": ""Oxford 3000"", ""original_line"": ""album n.""}"
alcohol,B1,,,"[""noun""]","{""parts_of_speech"": [""noun""], ""source"": ""Oxford 3000"", ""original_line"": ""alcohol n.""}"
alcoholic,B1,,,"[""adjective""]","{""parts_of_speech"": [""adjective""], ""source"": ""Oxford 3000"", ""original_line"": ""alcoholic adj.""}"
amazed,B1,,,"[""adjective""]","{""parts_of_speech"": [""adjective""], ""source"": ""Oxford 3000"", ""original_line"": ""amazed adj.""}"
ambition,B1,,,"[""noun""]","{""parts_of_speech"": [""noun""], ""source"": ""Oxford 3000"", ""original_line"": ""ambition n.""}"
ambitious,B1,,,"[""adjective""]","{""parts_of_speech"": [""adjective""], ""source"": ""Oxford 3000"", ""original_line"": ""ambitious adj.""}"
analyse,B1,,,"[""verb""]","{""parts_of_speech"": [""verb""], ""source"": ""Oxford 3000"", ""original_line"": ""analyse v.""}"
analysis,B1,,,"[""noun""]","{""parts_of_speech"": [""noun""], ""source"": ""Oxford 3000"", ""original_line"": ""analysis n.""}"
announce,B1,,,"[""verb""]","{""parts_of_speech"": [""verb""], ""source"": ""Oxford 3000"", ""original_line"": ""announce v.""}"
announcement,B1,,,"[""noun""]","{""parts_of_speech"": [""noun""], ""source"": ""Oxford 3000"", ""original_line"": ""announcement n.""}"
annoy,B1,,,"[""verb""]","{""parts_of_speech"": [""verb""], ""source"": ""Oxford 3000"", ""original_line"": ""annoy v.""}"
annoyed,B1,,,"[""adjective""]","{""parts_of_speech"": [""adjective""], ""source"": ""Oxford 3000"", ""original_line"": ""annoyed adj.""}"
annoying,B1,,,"[""adjective""]","{""parts_of_speech"": [""adjective""], ""source"": ""Oxford 3000"", ""original_line"": ""annoying adj.""}"
apart,B1,,,"[""verb"", ""adverb""]","{""parts_of_speech"": [""verb"", ""adverb""], ""source"": ""Oxford 3000"", ""original_line"": ""apart adv.""}"
apologize,B1,,,"[""verb""]","{""parts_of_speech"": [""verb""], ""source"": ""Oxford 3000"", ""original_line"": ""apologize v.""}"
application,B1,,,"[""noun""]","{""parts_of_speech"": [""noun""], ""source"": ""Oxford 3000"", ""original_line"": ""application n.""}"
appointment,B1,,,"[""noun""]","{""parts_of_speech"": [""noun""], ""source"": ""Oxford 3000"", ""original_line"": ""appointment n.""}"
appreciate,B1,,,"[""verb""]","{""parts_of_speech"": [""verb""], ""source"": ""Oxford 3000"", ""original_line"": ""appreciate v.""}"
approximately,B1,,,"[""verb"", ""adverb""]","{""parts_of_speech"": [""verb"", ""adverb""], ""source"": ""Oxford 3000"", ""original_line"": ""approximately adv.""}"
arrest,B1,,,"[""noun"", ""verb""]","{""parts_of_speech"": [""noun"", ""verb""], ""source"": ""Oxford 3000"", ""original_line"": ""arrest v. , n.""}"
arrival,B1,,,"[""noun""]","{""parts_of_speech"": [""noun""], ""source"": ""Oxford 3000"", ""original_line"": ""arrival n.""}"
assignment,B1,,,"[""noun""]","{""parts_of_speech"": [""noun""], ""source"": ""Oxford 3000"", ""original_line"": ""assignment n.""}"
assist,B1,,,"[""verb""]","{""parts_of_speech"": [""verb""], ""source"": ""Oxford 3000"", ""original_line"": ""assist v.""}"
atmosphere,B1,,,"[""noun""]","{""parts_of_speech"": [""noun""], ""source"": ""Oxford 3000"", ""original_line"": ""atmosphere n.""}"
attach,B1,,,"[""verb""]","{""parts_of_speech"": [""verb""], ""source"": ""Oxford 3000"", ""original_line"": ""attach v.""}"
attitude,B1,,,"[""noun""]","{""parts_of_speech"": [""noun""], ""source"": ""Oxford 3000"", ""original_line"": ""attitude n.""}"
attract,B1,,,"[""verb""]","{""parts_of_speech"": [""verb""], ""source"": ""Oxford 3000"", ""original_line"": ""attract v.""}"
attraction,B1,,,"[""noun""]","{""parts_of_speech"": [""noun""], ""source"": ""Oxford 3000"", ""original_line"": ""attraction n.""}"
authority,B1,,,"[""noun""]","{""parts_of_speech"": [""noun""], ""source"": ""Oxford 3000"", ""original_line"": ""authority n.""}"
aware,B1,,,"[""adjective""]","{""parts_of_speech"": [""adjective""], ""source"": ""Oxford 3000"", ""original_line"": ""aware adj.""}"
backwards,B1,,,"[""verb"", ""adverb""]","{""parts_of_speech"": [""verb"", ""adverb""], ""source"": ""Oxford 3000"", ""original_line"": ""backwards adv.""}"
bake,B1,,,"[""verb""]","{""parts_of_speech"": [""verb""], ""source"": ""Oxford 3000"", ""original_line"": ""bake v.""}"
balance,B1,,,"[""noun"", ""verb""]","{""parts_of_speech"": [""noun"", ""verb""], ""source"": ""Oxford 3000"", ""original_line"": ""balance n. , v.""}"
ban,B1,,,"[""noun"", ""verb""]","{""parts_of_speech"": [""noun"", ""verb""], ""source"": ""Oxford 3000"", ""original_line"": ""ban v. , n.""}"
base,B1,,,"[""noun"", ""verb""]","{""parts_of_speech"": [""noun"", ""verb""], ""source"": ""Oxford 3000"", ""original_line"": ""base n. , v.""}"
basic,B1,,,"[""adjective""]","{""parts_of_speech"": [""adjective""], ""source"": ""Oxford 3000"", ""original_line"": ""basic adj.""}"
basis,B1,,,"[""noun""]","{""parts_of_speech"": [""noun""], ""source"": ""Oxford 3000"", ""original_line"": ""basis n.""}"
battery,B1,,,"[""noun""]","{""parts_of_speech"": [""noun""], ""source"": ""Oxford 3000"", ""original_line"": ""battery n.""}"
battle,B1,,,"[""noun""]","{""parts_of_speech"": [""noun""], ""source"": ""Oxford 3000"", ""original_line"": ""battle n.""}"
beauty,B1,,,"[""noun""]","{""parts_of_speech"": [""noun""], ""source"": ""Oxford 3000"", ""original_line"": ""beauty n.""}"
bee,B1,,,"[""noun""]","{""parts_of_speech"": [""noun""], ""source"": ""Oxford 3000"", ""original_line"": ""bee n.""}"
belief,B1,,,"[""noun""]","{""parts_of_speech"": [""noun""], ""source"": ""Oxford 3000"", ""original_line"": ""belief n.""}"
bell,B1,,,"[""noun""]","{""parts_of_speech"": [""noun""], ""source"": ""Oxford 3000"", ""original_line"": ""bell n.""}"
bend,B1,,,"[""noun"", ""verb""]","{""parts_of_speech"": [""noun"", ""verb""], ""source"": ""Oxford 3000"", ""original_line"": ""bend v. , n.""}"
block,B1,,,"[""noun"", ""verb""]","{""parts_of_speech"": [""noun"", ""verb""], ""source"": ""Oxford 3000"", ""original_line"": ""block n. , v.""}"
bomb,B1,,,"[""noun"", ""verb""]","{""parts_of_speech"": [""noun"", ""verb""], ""source"": ""Oxford 3000"", ""original_line"": ""bomb n. , v.""}"
border,B1,,,"[""noun""]","{""parts_of_speech"": [""noun""], ""source"": ""Oxford 3000"", ""original_line"": ""border n.""}"
bother,B1,,,"[""verb""]","{""parts_of_speech"": [""verb""], ""source"": ""Oxford 3000"", ""original_line"": ""bother v.""}"
branch,B1,,,"[""noun""]","{""parts_of_speech"": [""noun""], ""source"": ""Oxford 3000"", ""original_line"": ""branch n.""}"
brand,B1,,,"[""noun"", ""verb""]","{""parts_of_speech"": [""noun"", ""verb""], ""source"": ""Oxford 3000"", ""original_line"": ""brand n. , v.""}"
brave,B1,,,"[""adjective""]","{""parts_of_speech"": [""adjective""], ""source"": ""Oxford 3000"", ""original_line"": ""brave adj.""}"
breath,B1,,,"[""noun""]","{""parts_of_speech"": [""noun""], ""source"": ""Oxford 3000"", ""original_line"": ""breath n.""}"
breathe,B1,,,"[""verb""]","{""parts_of_speech"": [""verb""], ""source"": ""Oxford 3000"", ""original_line"": ""breathe v.""}"
breathing,B1,,,"[""noun""]","{""parts_of_speech"": [""noun""], ""source"": ""Oxford 3000"", ""original_line"": ""breathing n.""}"
bride,B1,,,"[""noun""]","{""parts_of_speech"": [""noun""], ""source"": ""Oxford 3000"", ""original_line"": ""bride n.""}"
bubble,B1,,,"[""noun""]","{""parts_of_speech"": [""noun""], ""source"": ""Oxford 3000"", ""original_line"": ""bubble n.""}"
bury,B1,,,"[""verb""]","{""parts_of_speech"": [""verb""], ""source"": ""Oxford 3000"", ""original_line"": ""bury v.""}"
calm,B1,,,"[""noun"", ""verb"", ""adjective""]","{""parts_of_speech"": [""noun"", ""verb"", ""adjective""], ""source"": ""Oxford 3000"", ""original_line"": ""calm adj. , v., n.""}"
campaign,B1,,,"[""noun"", ""verb""]","{""parts_of_speech"": [""noun"", ""verb""], ""source"": ""Oxford 3000"", ""original_line"": ""campaign n. , v.""}"
campus,B1,,,"[""noun""]","{""parts_of_speech"": [""noun""], ""source"": ""Oxford 3000"", ""original_line"": ""campus n.""}"
candidate,B1,,,"[""noun""]","{""parts_of_speech"": [""noun""], ""source"": ""Oxford 3000"", ""original_line"": ""candidate n.""}"
cap,B1,,,"[""noun""]","{""parts_of_speech"": [""noun""], ""source"": ""Oxford 3000"", ""original_line"": ""cap n.""}"
captain,B1,,,"[""noun""]","{""parts_of_speech"": [""noun""], ""source"": ""Oxford 3000"", ""original_line"": ""captain n.""}"
careless,B1,,,"[""adjective""]","{""parts_of_speech"": [""adjective""], ""source"": ""Oxford 3000"", ""original_line"": ""careless adj.""}"
category,B1,,,"[""noun""]","{""parts_of_speech"": [""noun""], ""source"": ""Oxford 3000"", ""original_line"": ""category n.""}"
ceiling,B1,,,"[""noun""]","{""parts_of_speech"": [""noun""], ""source"": ""Oxford 3000"", ""original_line"": ""ceiling n.""}"
celebration,B1,,,"[""noun""]","{""parts_of_speech"": [""noun""], ""source"": ""Oxford 3000"", ""original_line"": ""celebration n.""}"
central,B1,,,"[""adjective""]","{""parts_of_speech"": [""adjective""], ""source"": ""Oxford 3000"", ""original_line"": ""central adj.""}"
ceremony,B1,,,"[""noun""]","{""parts_of_speech"": [""noun""], ""source"": ""Oxford 3000"", ""original_line"": ""ceremony n.""}"
chain,B1,,,"[""noun""]","{""parts_of_speech"": [""noun""], ""source"": ""Oxford 3000"", ""original_line"": ""chain n.""}"
challenge,B1,,,"[""noun""]","{""parts_of_speech"": [""noun""], ""source"": ""Oxford 3000"", ""original_line"": ""challenge n.""}"
champion,B1,,,"[""noun""]","{""parts_of_speech"": [""noun""], ""source"": ""Oxford 3000"", ""original_line"": ""champion n.""}"
channel,B1,,,"[""noun""]","{""parts_of_speech"": [""noun""], ""source"": ""Oxford 3000"", ""original_line"": ""channel n.""}"
chapter,B1,,,"[""noun""]","{""parts_of_speech"": [""noun""], ""source"": ""Oxford 3000"", ""original_line"": ""chapter n.""}"
charge,B1,,,"[""noun"", ""verb""]","{""parts_of_speech"": [""noun"", ""verb""], ""source"": ""Oxford 3000"", ""original_line"": ""charge n. , v.""}"
cheat,B1,,,"[""noun"", ""verb""]","{""parts_of_speech"": [""noun"", ""verb""], ""source"": ""Oxford 3000"", ""original_line"": ""cheat v. , n.""}"
cheerful,B1,,,"[""adjective""]","{""parts_of_speech"": [""adjective""], ""source"": ""Oxford 3000"", ""original_line"": ""cheerful adj.""}"
chemical,B1,,,"[""noun"", ""adjective""]","{""parts_of_speech"": [""noun"", ""adjective""], ""source"": ""Oxford 3000"", ""original_line"": ""chemical adj. , n.""}"
chest,B1,,,"[""noun""]","{""parts_of_speech"": [""noun""], ""source"": ""Oxford 3000"", ""original_line"": ""chest n.""}"
childhood,B1,,,"[""noun""]","{""parts_of_speech"": [""noun""], ""source"": ""Oxford 3000"", ""original_line"": ""childhood n.""}"
claim,B1,,,"[""noun"", ""verb""]","{""parts_of_speech"": [""noun"", ""verb""], ""source"": ""Oxford 3000"", ""original_line"": ""claim v. , n.""}"
clause,B1,,,"[""noun""]","{""parts_of_speech"": [""noun""], ""source"": ""Oxford 3000"", ""original_line"": ""clause n.""}"
click,B1,,,"[""noun"", ""verb""]","{""parts_of_speech"": [""noun"", ""verb""], ""source"": ""Oxford 3000"", ""original_line"": ""click v. , n.""}"
client,B1,,,"[""noun""]","{""parts_of_speech"": [""noun""], ""source"": ""Oxford 3000"", ""original_line"": ""client n.""}"
cloth,B1,,,"[""noun""]","{""parts_of_speech"": [""noun""], ""source"": ""Oxford 3000"", ""original_line"": ""cloth n.""}"
clue,B1,,,"[""noun""]","{""parts_of_speech"": [""noun""], ""source"": ""Oxford 3000"", ""original_line"": ""clue n.""}"
coal,B1,,,"[""noun""]","{""parts_of_speech"": [""noun""], ""source"": ""Oxford 3000"", ""original_line"": ""coal n.""}"
coin,B1,,,"[""noun""]","{""parts_of_speech"": [""noun""], ""source"": ""Oxford 3000"", ""original_line"": ""coin n.""}"
collection,B1,,,"[""noun""]","{""parts_of_speech"": [""noun""], ""source"": ""Oxford 3000"", ""original_line"": ""collection n.""}"
coloured,B1,,,"[""adjective""]","{""parts_of_speech"": [""adjective""], ""source"": ""Oxford 3000"", ""original_line"": ""coloured adj.""}"
combine,B1,,,"[""verb""]","{""parts_of_speech"": [""verb""], ""source"": ""Oxford 3000"", ""original_line"": ""combine v.""}"
commercial,B1,,,"[""noun"", ""adjective""]","{""parts_of_speech"": [""noun"", ""adjective""], ""source"": ""Oxford 3000"", ""original_line"": ""commercial adj. , n.""}"
commit,B1,,,"[""verb""]","{""parts_of_speech"": [""verb""], ""source"": ""Oxford 3000"", ""original_line"": ""commit v.""}"
communication,B1,,,"[""noun""]","{""parts_of_speech"": [""noun""], ""source"": ""Oxford 3000"", ""original_line"": ""communication n.""}"
comparison,B1,,,"[""noun""]","{""parts_of_speech"": [""noun""], ""source"": ""Oxford 3000"", ""original_line"": ""comparison n.""}"
competitor,B1,,,"[""noun""]","{""parts_of_speech"": [""noun""], ""source"": ""Oxford 3000"", ""original_line"": ""competitor n.""}"
competitive,B1,,,"[""adjective""]","{""parts_of_speech"": [""adjective""], ""source"": ""Oxford 3000"", ""original_line"": ""competitive adj.""}"
complaint,B1,,,"[""noun""]","{""parts_of_speech"": [""noun""], ""source"": ""Oxford 3000"", ""original_line"": ""complaint n.""}"
complex,B1,,,"[""adjective""]","{""parts_of_speech"": [""adjective""], ""source"": ""Oxford 3000"", ""original_line"": ""complex adj.""}"
concentrate,B1,,,"[""verb""]","{""parts_of_speech"": [""verb""], ""source"": ""Oxford 3000"", ""original_line"": ""concentrate v.""}"
conclude,B1,,,"[""verb""]","{""parts_of_speech"": [""verb""], ""source"": ""Oxford 3000"", ""original_line"": ""conclude v.""}"
conclusion,B1,,,"[""noun""]","{""parts_of_speech"": [""noun""], ""source"": ""Oxford 3000"", ""original_line"": ""conclusion n.""}"
confident,B1,,,"[""adjective""]","{""parts_of_speech"": [""adjective""], ""source"": ""Oxford 3000"", ""original_line"": ""confident adj.""}"
confirm,B1,,,"[""verb""]","{""parts_of_speech"": [""verb""], ""source"": ""Oxford 3000"", ""original_line"": ""confirm v.""}"
confused,B1,,,"[""adjective""]","{""parts_of_speech"": [""adjective""], ""source"": ""Oxford 3000"", ""original_line"": ""confused adj.""}"
connection,B1,,,"[""noun""]","{""parts_of_speech"": [""noun""], ""source"": ""Oxford 3000"", ""original_line"": ""connection n.""}"
consequence,B1,,,"[""noun""]","{""parts_of_speech"": [""noun""], ""source"": ""Oxford 3000"", ""original_line"": ""consequence n.""}"
consist,B1,,,"[""verb""]","{""parts_of_speech"": [""verb""], ""source"": ""Oxford 3000"", ""original_line"": ""consist v.""}"
consume,B1,,,"[""verb""]","{""parts_of_speech"": [""verb""], ""source"": ""Oxford 3000"", ""original_line"": ""consume v.""}"
consumer,B1,,,"[""noun""]","{""parts_of_speech"": [""noun""], ""source"": ""Oxford 3000"", ""original_line"": ""consumer n.""}"
contact,B1,,,"[""noun"", ""verb""]","{""parts_of_speech"": [""noun"", ""verb""], ""source"": ""Oxford 3000"", ""original_line"": ""contact n. , v.""}"
container,B1,,,"[""noun""]","{""parts_of_speech"": [""noun""], ""source"": ""Oxford 3000"", ""original_line"": ""container n.""}"
content,B1,,,"[""noun""]","{""parts_of_speech"": [""noun""], ""source"": ""Oxford 3000"", ""original_line"": ""content 1 n.""}"
continuous,B1,,,"[""adjective""]","{""parts_of_speech"": [""adjective""], ""source"": ""Oxford 3000"", ""original_line"": ""continuous adj.""}"
contrast,B1,,,"[""noun"", ""verb""]","{""parts_of_speech"": [""noun"", ""verb""], ""source"": ""Oxford 3000"", ""original_line"": ""contrast n. , v.""}"
convenient,B1,,,"[""adjective""]","{""parts_of_speech"": [""adjective""], ""source"": ""Oxford 3000"", ""original_line"": ""convenient adj.""}"
convince,B1,,,"[""verb""]","{""parts_of_speech"": [""verb""], ""source"": ""Oxford 3000"", ""original_line"": ""convince v.""}"
costume,B1,,,"[""noun""]","{""parts_of_speech"": [""noun""], ""source"": ""Oxford 3000"", ""original_line"": ""costume n.""}"
cottage,B1,,,"[""noun""]","{""parts_of_speech"": [""noun""], ""source"": ""Oxford 3000"", ""original_line"": ""cottage n.""}"
cotton,B1,,,"[""noun""]","{""parts_of_speech"": [""noun""], ""source"": ""Oxford 3000"", ""original_line"": ""cotton n.""}"
countryside,B1,,,"[""noun""]","{""parts_of_speech"": [""noun""], ""source"": ""Oxford 3000"", ""original_line"": ""countryside n.""}"
court,B1,,,"[""noun""]","{""parts_of_speech"": [""noun""], ""source"": ""Oxford 3000"", ""original_line"": ""court n.""}"
covered,B1,,,"[""adjective""]","{""parts_of_speech"": [""adjective""], ""source"": ""Oxford 3000"", ""original_line"": ""covered adj.""}"
cruel,B1,,,"[""adjective""]","{""parts_of_speech"": [""adjective""], ""source"": ""Oxford 3000"", ""original_line"": ""cruel adj.""}"
cultural,B1,,,"[""adjective""]","{""parts_of_speech"": [""adjective""], ""source"": ""Oxford 3000"", ""original_line"": ""cultural adj.""}"
currency,B1,,,"[""noun""]","{""parts_of_speech"": [""noun""], ""source"": ""Oxford 3000"", ""original_line"": ""currency n.""}"
current,B1,,,"[""adjective""]","{""parts_of_speech"": [""adjective""], ""source"": ""Oxford 3000"", ""original_line"": ""current adj.""}"
currently,B1,,,"[""verb"", ""adverb""]","{""parts_of_speech"": [""verb"", ""adverb""], ""source"": ""Oxford 3000"", ""original_line"": ""currently adv.""}"
curtain,B1,,,"[""noun""]","{""parts_of_speech"": [""noun""], ""source"": ""Oxford 3000"", ""original_line"": ""curtain n.""}"
custom,B1,,,"[""noun""]","{""parts_of_speech"": [""noun""], ""source"": ""Oxford 3000"", ""original_line"": ""custom n.""}"
damage,B1,,,"[""noun"", ""verb""]","{""parts_of_speech"": [""noun"", ""verb""], ""source"": ""Oxford 3000"", ""original_line"": ""damage n. , v.""}"
decade,B1,,,"[""noun""]","{""parts_of_speech"": [""noun""], ""source"": ""Oxford 3000"", ""original_line"": ""decade n.""}"
decorate,B1,,,"[""verb""]","{""parts_of_speech"": [""verb""], ""source"": ""Oxford 3000"", ""original_line"": ""decorate v.""}"
define,B1,,,"[""verb""]","{""parts_of_speech"": [""verb""], ""source"": ""Oxford 3000"", ""original_line"": ""define v.""}"
definite,B1,,,"[""adjective""]","{""parts_of_speech"": [""adjective""], ""source"": ""Oxford 3000"", ""original_line"": ""definite adj.""}"
definition,B1,,,"[""noun""]","{""parts_of_speech"": [""noun""], ""source"": ""Oxford 3000"", ""original_line"": ""definition n.""}"
deliver,B1,,,"[""verb""]","{""parts_of_speech"": [""verb""], ""source"": ""Oxford 3000"", ""original_line"": ""deliver v.""}"
departure,B1,,,"[""noun""]","{""parts_of_speech"": [""noun""], ""source"": ""Oxford 3000"", ""original_line"": ""departure n.""}"
despite,B1,,,"[""preposition""]","{""parts_of_speech"": [""preposition""], ""source"": ""Oxford 3000"", ""original_line"": ""despite prep.""}"
destination,B1,,,"[""noun""]","{""parts_of_speech"": [""noun""], ""source"": ""Oxford 3000"", ""original_line"": ""destination n.""}"
determine,B1,,,"[""verb""]","{""parts_of_speech"": [""verb""], ""source"": ""Oxford 3000"", ""original_line"": ""determine v.""}"
determined,B1,,,"[""adjective""]","{""parts_of_speech"": [""adjective""], ""source"": ""Oxford 3000"", ""original_line"": ""determined adj.""}"
development,B1,,,"[""noun""]","{""parts_of_speech"": [""noun""], ""source"": ""Oxford 3000"", ""original_line"": ""development n.""}"
diagram,B1,,,"[""noun""]","{""parts_of_speech"": [""noun""], ""source"": ""Oxford 3000"", ""original_line"": ""diagram n.""}"
diamond,B1,,,"[""noun""]","{""parts_of_speech"": [""noun""], ""source"": ""Oxford 3000"", ""original_line"": ""diamond n.""}"
difficulty,B1,,,"[""noun""]","{""parts_of_speech"": [""noun""], ""source"": ""Oxford 3000"", ""original_line"": ""difficulty n.""}"
directly,B1,,,"[""verb"", ""adverb""]","{""parts_of_speech"": [""verb"", ""adverb""], ""source"": ""Oxford 3000"", ""original_line"": ""directly adv.""}"
dirt,B1,,,"[""noun""]","{""parts_of_speech"": [""noun""], ""source"": ""Oxford 3000"", ""original_line"": ""dirt n.""}"
disadvantage,B1,,,"[""noun""]","{""parts_of_speech"": [""noun""], ""source"": ""Oxford 3000"", ""original_line"": ""disadvantage n.""}"
disappointed,B1,,,"[""adjective""]","{""parts_of_speech"": [""adjective""], ""source"": ""Oxford 3000"", ""original_line"": ""disappointed adj.""}"
disappointing,B1,,,"[""adjective""]","{""parts_of_speech"": [""adjective""], ""source"": ""Oxford 3000"", ""original_line"": ""disappointing adj.""}"
discount,B1,,,"[""noun""]","{""parts_of_speech"": [""noun""], ""source"": ""Oxford 3000"", ""original_line"": ""discount n.""}"
dislike,B1,,,"[""noun"", ""verb""]","{""parts_of_speech"": [""noun"", ""verb""], ""source"": ""Oxford 3000"", ""original_line"": ""dislike v. , n.""}"
divide,B1,,,"[""verb""]","{""parts_of_speech"": [""verb""], ""source"": ""Oxford 3000"", ""original_line"": ""divide v.""}"
documentary,B1,,,"[""noun""]","{""parts_of_speech"": [""noun""], ""source"": ""Oxford 3000"", ""original_line"": ""documentary n.""}"
donate,B1,,,"[""verb""]","{""parts_of_speech"": [""verb""], ""source"": ""Oxford 3000"", ""original_line"": ""donate v.""}"
doubt,B1,,,"[""noun"", ""verb""]","{""parts_of_speech"": [""noun"", ""verb""], ""source"": ""Oxford 3000"", ""original_line"": ""doubt n. , v.""}"
dressed,B1,,,"[""adjective""]","{""parts_of_speech"": [""adjective""], ""source"": ""Oxford 3000"", ""original_line"": ""dressed adj.""}"
drum,B1,,,"[""noun""]","{""parts_of_speech"": [""noun""], ""source"": ""Oxford 3000"", ""original_line"": ""drum n.""}"
drunk,B1,,,"[""adjective""]","{""parts_of_speech"": [""adjective""], ""source"": ""Oxford 3000"", ""original_line"": ""drunk adj.""}"
due,B1,,,"[""noun"", ""adjective""]","{""parts_of_speech"": [""noun"", ""adjective""], ""source"": ""Oxford 3000"", ""original_line"": ""due adj.dust n.""}"
duty,B1,,,"[""noun""]","{""parts_of_speech"": [""noun""], ""source"": ""Oxford 3000"", ""original_line"": ""duty n.""}"
earthquake,B1,,,"[""noun""]","{""parts_of_speech"": [""noun""], ""source"": ""Oxford 3000"", ""original_line"": ""earthquake n.""}"
eastern,B1,,,"[""adjective""]","{""parts_of_speech"": [""adjective""], ""source"": ""Oxford 3000"", ""original_line"": ""eastern adj.""}"
economic,B1,,,"[""adjective""]","{""parts_of_speech"": [""adjective""], ""source"": ""Oxford 3000"", ""original_line"": ""economic adj.""}"
economy,B1,,,"[""noun""]","{""parts_of_speech"": [""noun""], ""source"": ""Oxford 3000"", ""original_line"": ""economy n.""}"
edge,B1,,,"[""noun""]","{""parts_of_speech"": [""noun""], ""source"": ""Oxford 3000"", ""original_line"": ""edge n.""}"
editor,B1,,,"[""noun""]","{""parts_of_speech"": [""noun""], ""source"": ""Oxford 3000"", ""original_line"": ""editor n.""}"
educate,B1,,,"[""verb""]","{""parts_of_speech"": [""verb""], ""source"": ""Oxford 3000"", ""original_line"": ""educate v.""}"
educated,B1,,,"[""adjective""]","{""parts_of_speech"": [""adjective""], ""source"": ""Oxford 3000"", ""original_line"": ""educated adj.""}"
educational,B1,,,"[""adjective""]","{""parts_of_speech"": [""adjective""], ""source"": ""Oxford 3000"", ""original_line"": ""educational adj.""}"
effective,B1,,,"[""adjective""]","{""parts_of_speech"": [""adjective""], ""source"": ""Oxford 3000"", ""original_line"": ""effective adj.""}"
effectively,B1,,,"[""verb"", ""adverb""]","{""parts_of_speech"": [""verb"", ""adverb""], ""source"": ""Oxford 3000"", ""original_line"": ""effectively adv.""}"
effort,B1,,,"[""noun""]","{""parts_of_speech"": [""noun""], ""source"": ""Oxford 3000"", ""original_line"": ""effort n.""}"
election,B1,,,"[""noun""]","{""parts_of_speech"": [""noun""], ""source"": ""Oxford 3000"", ""original_line"": ""election n.""}"
element,B1,,,"[""noun""]","{""parts_of_speech"": [""noun""], ""source"": ""Oxford 3000"", ""original_line"": ""element n.""}"
embarrassed,B1,,,"[""adjective""]","{""parts_of_speech"": [""adjective""], ""source"": ""Oxford 3000"", ""original_line"": ""embarrassed adj.""}"
embarrassing,B1,,,"[""adjective""]","{""parts_of_speech"": [""adjective""], ""source"": ""Oxford 3000"", ""original_line"": ""embarrassing adj.""}"
emergency,B1,,,"[""noun""]","{""parts_of_speech"": [""noun""], ""source"": ""Oxford 3000"", ""original_line"": ""emergency n.""}"
emotion,B1,,,"[""noun""]","{""parts_of_speech"": [""noun""], ""source"": ""Oxford 3000"", ""original_line"": ""emotion n.""}"
employment,B1,,,"[""noun""]","{""parts_of_speech"": [""noun""], ""source"": ""Oxford 3000"", ""original_line"": ""employment n.""}"
encourage,B1,,,"[""verb""]","{""parts_of_speech"": [""verb""], ""source"": ""Oxford 3000"", ""original_line"": ""encourage v.""}"
enemy,B1,,,"[""noun""]","{""parts_of_speech"": [""noun""], ""source"": ""Oxford 3000"", ""original_line"": ""enemy n.""}"
engaged,B1,,,"[""adjective""]","{""parts_of_speech"": [""adjective""], ""source"": ""Oxford 3000"", ""original_line"": ""engaged adj.""}"
engineering,B1,,,"[""noun""]","{""parts_of_speech"": [""noun""], ""source"": ""Oxford 3000"", ""original_line"": ""engineering n.""}"
entertain,B1,,,"[""verb""]","{""parts_of_speech"": [""verb""], ""source"": ""Oxford 3000"", ""original_line"": ""entertain v.""}"
entertainment,B1,,,"[""noun""]","{""parts_of_speech"": [""noun""], ""source"": ""Oxford 3000"", ""original_line"": ""entertainment n.""}"
entrance,B1,,,"[""noun""]","{""parts_of_speech"": [""noun""], ""source"": ""Oxford 3000"", ""original_line"": ""entrance n.""}"
entry,B1,,,"[""noun""]","{""parts_of_speech"": [""noun""], ""source"": ""Oxford 3000"", ""original_line"": ""entry n.""}"
environmental,B1,,,"[""adjective""]","{""parts_of_speech"": [""adjective""], ""source"": ""Oxford 3000"", ""original_line"": ""environmental adj.""}"
episode,B1,,,"[""noun""]","{""parts_of_speech"": [""noun""], ""source"": ""Oxford 3000"", ""original_line"": ""episode n.""}"
equal,B1,,,"[""verb"", ""adjective""]","{""parts_of_speech"": [""verb"", ""adjective""], ""source"": ""Oxford 3000"", ""original_line"": ""equal adj. , v.""}"
equally,B1,,,"[""verb"", ""adverb""]","{""parts_of_speech"": [""verb"", ""adverb""], ""source"": ""Oxford 3000"", ""original_line"": ""equally adv.""}"
escape,B1,,,"[""noun"", ""verb""]","{""parts_of_speech"": [""noun"", ""verb""], ""source"": ""Oxford 3000"", ""original_line"": ""escape v. , n.""}"
essential,B1,,,"[""adjective""]","{""parts_of_speech"": [""adjective""], ""source"": ""Oxford 3000"", ""original_line"": ""essential adj.""}"
eventually,B1,,,"[""verb"", ""adverb""]","{""parts_of_speech"": [""verb"", ""adverb""], ""source"": ""Oxford 3000"", ""original_line"": ""eventually adv.""}"
examine,B1,,,"[""verb""]","{""parts_of_speech"": [""verb""], ""source"": ""Oxford 3000"", ""original_line"": ""examine v.""}"
exchange,B1,,,"[""noun"", ""verb""]","{""parts_of_speech"": [""noun"", ""verb""], ""source"": ""Oxford 3000"", ""original_line"": ""exchange n. , v.""}"
excitement,B1,,,"[""noun""]","{""parts_of_speech"": [""noun""], ""source"": ""Oxford 3000"", ""original_line"": ""excitement n.""}"
exhibition,B1,,,"[""noun""]","{""parts_of_speech"": [""noun""], ""source"": ""Oxford 3000"", ""original_line"": ""exhibition n.""}"
expand,B1,,,"[""verb""]","{""parts_of_speech"": [""verb""], ""source"": ""Oxford 3000"", ""original_line"": ""expand v.""}"
expected,B1,,,"[""adjective""]","{""parts_of_speech"": [""adjective""], ""source"": ""Oxford 3000"", ""original_line"": ""expected adj.""}"
expedition,B1,,,"[""noun""]","{""parts_of_speech"": [""noun""], ""source"": ""Oxford 3000"", ""original_line"": ""expedition n.""}"
experienced,B1,,,"[""adjective""]","{""parts_of_speech"": [""adjective""], ""source"": ""Oxford 3000"", ""original_line"": ""experienced adj.""}"
explode,B1,,,"[""verb""]","{""parts_of_speech"": [""verb""], ""source"": ""Oxford 3000"", ""original_line"": ""explode v.""}"
explore,B1,,,"[""verb""]","{""parts_of_speech"": [""verb""], ""source"": ""Oxford 3000"", ""original_line"": ""explore v.""}"
explosion,B1,,,"[""noun""]","{""parts_of_speech"": [""noun""], ""source"": ""Oxford 3000"", ""original_line"": ""explosion n.""}"
export,B1,,,"[""noun"", ""verb""]","{""parts_of_speech"": [""noun"", ""verb""], ""source"": ""Oxford 3000"", ""original_line"": ""export n. , v.""}"
fairly,B1,,,"[""verb"", ""adverb""]","{""parts_of_speech"": [""verb"", ""adverb""], ""source"": ""Oxford 3000"", ""original_line"": ""fairly adv.""}"
familiar,B1,,,"[""adjective""]","{""parts_of_speech"": [""adjective""], ""source"": ""Oxford 3000"", ""original_line"": ""familiar adj.""}"
fancy,B1,,,"[""verb"", ""adjective""]","{""parts_of_speech"": [""verb"", ""adjective""], ""source"": ""Oxford 3000"", ""original_line"": ""fancy v. , adj.""}"
fascinating,B1,,,"[""adjective""]","{""parts_of_speech"": [""adjective""], ""source"": ""Oxford 3000"", ""original_line"": ""fascinating adj.""}"
fashionable,B1,,,"[""adjective""]","{""parts_of_speech"": [""adjective""], ""source"": ""Oxford 3000"", ""original_line"": ""fashionable adj.""}"
fasten,B1,,,"[""verb""]","{""parts_of_speech"": [""verb""], ""source"": ""Oxford 3000"", ""original_line"": ""fasten v.""}"
favour,B1,,,"[""noun""]","{""parts_of_speech"": [""noun""], ""source"": ""Oxford 3000"", ""original_line"": ""favour n.""}"
fence,B1,,,"[""noun""]","{""parts_of_speech"": [""noun""], ""source"": ""Oxford 3000"", ""original_line"": ""fence n.""}"
fighting,B1,,,"[""noun""]","{""parts_of_speech"": [""noun""], ""source"": ""Oxford 3000"", ""original_line"": ""fighting n.""}"
file,B1,,,"[""noun""]","{""parts_of_speech"": [""noun""], ""source"": ""Oxford 3000"", ""original_line"": ""file n.""}"
financial,B1,,,"[""adjective""]","{""parts_of_speech"": [""adjective""], ""source"": ""Oxford 3000"", ""original_line"": ""financial adj.""}"
fitness,B1,,,"[""noun"", ""adjective""]","{""parts_of_speech"": [""noun"", ""adjective""], ""source"": ""Oxford 3000"", ""original_line"": ""fitness n.fixed adj.""}"
flag,B1,,,"[""noun""]","{""parts_of_speech"": [""noun""], ""source"": ""Oxford 3000"", ""original_line"": ""flag n.""}"
flood,B1,,,"[""noun"", ""verb""]","{""parts_of_speech"": [""noun"", ""verb""], ""source"": ""Oxford 3000"", ""original_line"": ""flood n. , v.""}"
flour,B1,,,"[""noun""]","{""parts_of_speech"": [""noun""], ""source"": ""Oxford 3000"", ""original_line"": ""flour n.""}"
flow,B1,,,"[""noun"", ""verb""]","{""parts_of_speech"": [""noun"", ""verb""], ""source"": ""Oxford 3000"", ""original_line"": ""flow v. , n.""}"
fold,B1,,,"[""verb""]","{""parts_of_speech"": [""verb""], ""source"": ""Oxford 3000"", ""original_line"": ""fold v.""}"
folk,B1,,,"[""noun"", ""adjective""]","{""parts_of_speech"": [""noun"", ""adjective""], ""source"": ""Oxford 3000"", ""original_line"": ""folk n. , adj.""}"
force,B1,,,"[""noun"", ""verb""]","{""parts_of_speech"": [""noun"", ""verb""], ""source"": ""Oxford 3000"", ""original_line"": ""force n. , v.""}"
forever,B1,,,"[""verb"", ""adverb""]","{""parts_of_speech"": [""verb"", ""adverb""], ""source"": ""Oxford 3000"", ""original_line"": ""forever adv.""}"
frame,B1,,,"[""noun"", ""verb""]","{""parts_of_speech"": [""noun"", ""verb""], ""source"": ""Oxford 3000"", ""original_line"": ""frame n. , v.""}"
freeze,B1,,,"[""verb""]","{""parts_of_speech"": [""verb""], ""source"": ""Oxford 3000"", ""original_line"": ""freeze v.""}"
frequently,B1,,,"[""verb"", ""adverb""]","{""parts_of_speech"": [""verb"", ""adverb""], ""source"": ""Oxford 3000"", ""original_line"": ""frequently adv.""}"
friendship,B1,,,"[""noun""]","{""parts_of_speech"": [""noun""], ""source"": ""Oxford 3000"", ""original_line"": ""friendship n.""}"
frighten,B1,,,"[""verb""]","{""parts_of_speech"": [""verb""], ""source"": ""Oxford 3000"", ""original_line"": ""frighten v.""}"
frightened,B1,,,"[""adjective""]","{""parts_of_speech"": [""adjective""], ""source"": ""Oxford 3000"", ""original_line"": ""frightened adj.""}"
frightening,B1,,,"[""adjective""]","{""parts_of_speech"": [""adjective""], ""source"": ""Oxford 3000"", ""original_line"": ""frightening adj.""}"
frozen,B1,,,"[""adjective""]","{""parts_of_speech"": [""adjective""], ""source"": ""Oxford 3000"", ""original_line"": ""frozen adj.""}"
fry,B1,,,"[""verb""]","{""parts_of_speech"": [""verb""], ""source"": ""Oxford 3000"", ""original_line"": ""fry v.""}"
fuel,B1,,,"[""noun""]","{""parts_of_speech"": [""noun""], ""source"": ""Oxford 3000"", ""original_line"": ""fuel n.""}"
function,B1,,,"[""noun""]","{""parts_of_speech"": [""noun""], ""source"": ""Oxford 3000"", ""original_line"": ""function n.""}"
fur,B1,,,"[""noun""]","{""parts_of_speech"": [""noun""], ""source"": ""Oxford 3000"", ""original_line"": ""fur n.""}"
garage,B1,,,"[""noun""]","{""parts_of_speech"": [""noun""], ""source"": ""Oxford 3000"", ""original_line"": ""garage n.""}"
gather,B1,,,"[""verb""]","{""parts_of_speech"": [""verb""], ""source"": ""Oxford 3000"", ""original_line"": ""gather v.""}"
generally,B1,,,"[""verb"", ""adverb""]","{""parts_of_speech"": [""verb"", ""adverb""], ""source"": ""Oxford 3000"", ""original_line"": ""generally adv.""}"
generation,B1,,,"[""noun""]","{""parts_of_speech"": [""noun""], ""source"": ""Oxford 3000"", ""original_line"": ""generation n.""}"
generous,B1,,,"[""adjective""]","{""parts_of_speech"": [""adjective""], ""source"": ""Oxford 3000"", ""original_line"": ""generous adj.""}"
gentle,B1,,,"[""adjective""]","{""parts_of_speech"": [""adjective""], ""source"": ""Oxford 3000"", ""original_line"": ""gentle adj.""}"
gentleman,B1,,,"[""noun""]","{""parts_of_speech"": [""noun""], ""source"": ""Oxford 3000"", ""original_line"": ""gentleman n.""}"
ghost,B1,,,"[""noun""]","{""parts_of_speech"": [""noun""], ""source"": ""Oxford 3000"", ""original_line"": ""ghost n.""}"
giant,B1,,,"[""noun"", ""adjective""]","{""parts_of_speech"": [""noun"", ""adjective""], ""source"": ""Oxford 3000"", ""original_line"": ""giant adj. , n.""}"
glad,B1,,,"[""adjective""]","{""parts_of_speech"": [""adjective""], ""source"": ""Oxford 3000"", ""original_line"": ""glad adj.""}"
global,B1,,,"[""adjective""]","{""parts_of_speech"": [""adjective""], ""source"": ""Oxford 3000"", ""original_line"": ""global adj.""}"
glove,B1,,,"[""noun""]","{""parts_of_speech"": [""noun""], ""source"": ""Oxford 3000"", ""original_line"": ""glove n.""}"
goods,B1,,,"[""noun""]","{""parts_of_speech"": [""noun""], ""source"": ""Oxford 3000"", ""original_line"": ""goods n.""}"
grade,B1,,,"[""noun""]","{""parts_of_speech"": [""noun""], ""source"": ""Oxford 3000"", ""original_line"": ""grade n.""}"
graduate,B1,,,"[""noun"", ""verb""]","{""parts_of_speech"": [""noun"", ""verb""], ""source"": ""Oxford 3000"", ""original_line"": ""graduate n. , v.""}"
grain,B1,,,"[""noun""]","{""parts_of_speech"": [""noun""], ""source"": ""Oxford 3000"", ""original_line"": ""grain n.""}"
grateful,B1,,,"[""adjective""]","{""parts_of_speech"": [""adjective""], ""source"": ""Oxford 3000"", ""original_line"": ""grateful adj.""}"
growth,B1,,,"[""noun""]","{""parts_of_speech"": [""noun""], ""source"": ""Oxford 3000"", ""original_line"": ""growth n.""}"
guard,B1,,,"[""noun"", ""verb""]","{""parts_of_speech"": [""noun"", ""verb""], ""source"": ""Oxford 3000"", ""original_line"": ""guard n. , v.""}"
guilty,B1,,,"[""adjective""]","{""parts_of_speech"": [""adjective""], ""source"": ""Oxford 3000"", ""original_line"": ""guilty adj.""}"
hang,B1,,,"[""verb""]","{""parts_of_speech"": [""verb""], ""source"": ""Oxford 3000"", ""original_line"": ""hang v.""}"
happiness,B1,,,"[""noun""]","{""parts_of_speech"": [""noun""], ""source"": ""Oxford 3000"", ""original_line"": ""happiness n.""}"
hardly,B1,,,"[""verb"", ""adverb""]","{""parts_of_speech"": [""verb"", ""adverb""], ""source"": ""Oxford 3000"", ""original_line"": ""hardly adv.""}"
headline,B1,,,"[""noun""]","{""parts_of_speech"": [""noun""], ""source"": ""Oxford 3000"", ""original_line"": ""headline n.""}"
heating,B1,,,"[""noun""]","{""parts_of_speech"": [""noun""], ""source"": ""Oxford 3000"", ""original_line"": ""heating n.""}"
heavily,B1,,,"[""verb"", ""adverb""]","{""parts_of_speech"": [""verb"", ""adverb""], ""source"": ""Oxford 3000"", ""original_line"": ""heavily adv.""}"
helicopter,B1,,,"[""noun""]","{""parts_of_speech"": [""noun""], ""source"": ""Oxford 3000"", ""original_line"": ""helicopter n.""}"
highlight,B1,,,"[""noun"", ""verb""]","{""parts_of_speech"": [""noun"", ""verb""], ""source"": ""Oxford 3000"", ""original_line"": ""highlight v. , n.""}"
highly,B1,,,"[""verb"", ""adverb""]","{""parts_of_speech"": [""verb"", ""adverb""], ""source"": ""Oxford 3000"", ""original_line"": ""highly adv.""}"
hire,B1,,,"[""verb""]","{""parts_of_speech"": [""verb""], ""source"": ""Oxford 3000"", ""original_line"": ""hire v.""}"
historic,B1,,,"[""adjective""]","{""parts_of_speech"": [""adjective""], ""source"": ""Oxford 3000"", ""original_line"": ""historic adj.""}"
historical,B1,,,"[""adjective""]","{""parts_of_speech"": [""adjective""], ""source"": ""Oxford 3000"", ""original_line"": ""historical adj.""}"
honest,B1,,,"[""adjective""]","{""parts_of_speech"": [""adjective""], ""source"": ""Oxford 3000"", ""original_line"": ""honest adj.""}"
horrible,B1,,,"[""adjective""]","{""parts_of_speech"": [""adjective""], ""source"": ""Oxford 3000"", ""original_line"": ""horrible adj.""}"
horror,B1,,,"[""noun""]","{""parts_of_speech"": [""noun""], ""source"": ""Oxford 3000"", ""original_line"": ""horror n.""}"
host,B1,,,"[""noun""]","{""parts_of_speech"": [""noun""], ""source"": ""Oxford 3000"", ""original_line"": ""host n.""}"
hunt,B1,,,"[""verb""]","{""parts_of_speech"": [""verb""], ""source"": ""Oxford 3000"", ""original_line"": ""hunt v.""}"
hurricane,B1,,,"[""noun""]","{""parts_of_speech"": [""noun""], ""source"": ""Oxford 3000"", ""original_line"": ""hurricane n.""}"
hurry,B1,,,"[""noun"", ""verb""]","{""parts_of_speech"": [""noun"", ""verb""], ""source"": ""Oxford 3000"", ""original_line"": ""hurry n. , v.""}"
identity,B1,,,"[""noun""]","{""parts_of_speech"": [""noun""], ""source"": ""Oxford 3000"", ""original_line"": ""identity n.""}"
ignore,B1,,,"[""verb""]","{""parts_of_speech"": [""verb""], ""source"": ""Oxford 3000"", ""original_line"": ""ignore v.""}"
illegal,B1,,,"[""adjective""]","{""parts_of_speech"": [""adjective""], ""source"": ""Oxford 3000"", ""original_line"": ""illegal adj.""}"
imaginary,B1,,,"[""adjective""]","{""parts_of_speech"": [""adjective""], ""source"": ""Oxford 3000"", ""original_line"": ""imaginary adj.immediate adj.""}"
immigrant,B1,,,"[""noun""]","{""parts_of_speech"": [""noun""], ""source"": ""Oxford 3000"", ""original_line"": ""immigrant n.""}"
impact,B1,,,"[""noun"", ""verb""]","{""parts_of_speech"": [""noun"", ""verb""], ""source"": ""Oxford 3000"", ""original_line"": ""impact n. , v.""}"
import,B1,,,"[""noun"", ""verb""]","{""parts_of_speech"": [""noun"", ""verb""], ""source"": ""Oxford 3000"", ""original_line"": ""import n. , v.""}"
importance,B1,,,"[""noun""]","{""parts_of_speech"": [""noun""], ""source"": ""Oxford 3000"", ""original_line"": ""importance n.""}"
impression,B1,,,"[""noun""]","{""parts_of_speech"": [""noun""], ""source"": ""Oxford 3000"", ""original_line"": ""impression n.""}"
impressive,B1,,,"[""adjective""]","{""parts_of_speech"": [""adjective""], ""source"": ""Oxford 3000"", ""original_line"": ""impressive adj.""}"
improvement,B1,,,"[""noun""]","{""parts_of_speech"": [""noun""], ""source"": ""Oxford 3000"", ""original_line"": ""improvement n.""}"
incredibly,B1,,,"[""verb"", ""adverb""]","{""parts_of_speech"": [""verb"", ""adverb""], ""source"": ""Oxford 3000"", ""original_line"": ""incredibly adv.""}"
indeed,B1,,,"[""verb"", ""adverb""]","{""parts_of_speech"": [""verb"", ""adverb""], ""source"": ""Oxford 3000"", ""original_line"": ""indeed adv.""}"
indicate,B1,,,"[""verb""]","{""parts_of_speech"": [""verb""], ""source"": ""Oxford 3000"", ""original_line"": ""indicate v.""}"
indirect,B1,,,"[""adjective""]","{""parts_of_speech"": [""adjective""], ""source"": ""Oxford 3000"", ""original_line"": ""indirect adj.""}"
indoor,B1,,,"[""adjective""]","{""parts_of_speech"": [""adjective""], ""source"": ""Oxford 3000"", ""original_line"": ""indoor adj.""}"
indoors,B1,,,"[""verb"", ""adverb""]","{""parts_of_speech"": [""verb"", ""adverb""], ""source"": ""Oxford 3000"", ""original_line"": ""indoors adv.""}"
influence,B1,,,"[""noun"", ""verb""]","{""parts_of_speech"": [""noun"", ""verb""], ""source"": ""Oxford 3000"", ""original_line"": ""influence n. , v.""}"
ingredient,B1,,,"[""noun""]","{""parts_of_speech"": [""noun""], ""source"": ""Oxford 3000"", ""original_line"": ""ingredient n.""}"
injure,B1,,,"[""verb""]","{""parts_of_speech"": [""verb""], ""source"": ""Oxford 3000"", ""original_line"": ""injure v.""}"
injured,B1,,,"[""adjective""]","{""parts_of_speech"": [""adjective""], ""source"": ""Oxford 3000"", ""original_line"": ""injured adj.""}"
innocent,B1,,,"[""adjective""]","{""parts_of_speech"": [""adjective""], ""source"": ""Oxford 3000"", ""original_line"": ""innocent adj.""}"
intelligence,B1,,,"[""noun""]","{""parts_of_speech"": [""noun""], ""source"": ""Oxford 3000"", ""original_line"": ""intelligence n.""}"
intend,B1,,,"[""verb""]","{""parts_of_speech"": [""verb""], ""source"": ""Oxford 3000"", ""original_line"": ""intend v.""}"
intention,B1,,,"[""noun""]","{""parts_of_speech"": [""noun""], ""source"": ""Oxford 3000"", ""original_line"": ""intention n.""}"
invest,B1,,,"[""verb""]","{""parts_of_speech"": [""verb""], ""source"": ""Oxford 3000"", ""original_line"": ""invest v.""}"
investigate,B1,,,"[""verb""]","{""parts_of_speech"": [""verb""], ""source"": ""Oxford 3000"", ""original_line"": ""investigate v.""}"
involved,B1,,,"[""adjective""]","{""parts_of_speech"": [""adjective""], ""source"": ""Oxford 3000"", ""original_line"": ""involved adj.""}"
iron,B1,,,"[""noun"", ""verb""]","{""parts_of_speech"": [""noun"", ""verb""], ""source"": ""Oxford 3000"", ""original_line"": ""iron n. , v.""}"
issue,B1,,,"[""noun""]","{""parts_of_speech"": [""noun""], ""source"": ""Oxford 3000"", ""original_line"": ""issue n.""}"
journal,B1,,,"[""noun""]","{""parts_of_speech"": [""noun""], ""source"": ""Oxford 3000"", ""original_line"": ""journal n.""}"
judge,B1,,,"[""noun"", ""verb""]","{""parts_of_speech"": [""noun"", ""verb""], ""source"": ""Oxford 3000"", ""original_line"": ""judge n. , v.""}"
keen,B1,,,"[""adjective""]","{""parts_of_speech"": [""adjective""], ""source"": ""Oxford 3000"", ""original_line"": ""keen adj.""}"
keyboard,B1,,,"[""noun""]","{""parts_of_speech"": [""noun""], ""source"": ""Oxford 3000"", ""original_line"": ""keyboard n.""}"
kick,B1,,,"[""noun"", ""verb""]","{""parts_of_speech"": [""noun"", ""verb""], ""source"": ""Oxford 3000"", ""original_line"": ""kick v. , n.""}"
killing,B1,,,"[""noun""]","{""parts_of_speech"": [""noun""], ""source"": ""Oxford 3000"", ""original_line"": ""killing n.""}"
kiss,B1,,,"[""noun"", ""verb""]","{""parts_of_speech"": [""noun"", ""verb""], ""source"": ""Oxford 3000"", ""original_line"": ""kiss v. , n.""}"
label,B1,,,"[""noun"", ""verb""]","{""parts_of_speech"": [""noun"", ""verb""], ""source"": ""Oxford 3000"", ""original_line"": ""label n. , v.""}"
laboratory,B1,,,"[""noun""]","{""parts_of_speech"": [""noun""], ""source"": ""Oxford 3000"", ""original_line"": ""laboratory n.""}"
lack,B1,,,"[""noun"", ""verb""]","{""parts_of_speech"": [""noun"", ""verb""], ""source"": ""Oxford 3000"", ""original_line"": ""lack n. , v.""}"
latest,B1,,,"[""adjective""]","{""parts_of_speech"": [""adjective""], ""source"": ""Oxford 3000"", ""original_line"": ""latest adj.""}"
lay,B1,,,"[""verb""]","{""parts_of_speech"": [""verb""], ""source"": ""Oxford 3000"", ""original_line"": ""lay v.""}"
layer,B1,,,"[""noun""]","{""parts_of_speech"": [""noun""], ""source"": ""Oxford 3000"", ""original_line"": ""layer n.""}"
leading,B1,,,"[""adjective""]","{""parts_of_speech"": [""adjective""], ""source"": ""Oxford 3000"", ""original_line"": ""leading adj.""}"
leaf,B1,,,"[""noun""]","{""parts_of_speech"": [""noun""], ""source"": ""Oxford 3000"", ""original_line"": ""leaf n.""}"
leather,B1,,,"[""noun""]","{""parts_of_speech"": [""noun""], ""source"": ""Oxford 3000"", ""original_line"": ""leather n.""}"
legal,B1,,,"[""adjective""]","{""parts_of_speech"": [""adjective""], ""source"": ""Oxford 3000"", ""original_line"": ""legal adj.""}"
leisure,B1,,,"[""noun""]","{""parts_of_speech"": [""noun""], ""source"": ""Oxford 3000"", ""original_line"": ""leisure n.""}"
length,B1,,,"[""noun""]","{""parts_of_speech"": [""noun""], ""source"": ""Oxford 3000"", ""original_line"": ""length n.""}"
limit,B1,,,"[""noun"", ""verb""]","{""parts_of_speech"": [""noun"", ""verb""], ""source"": ""Oxford 3000"", ""original_line"": ""limit n. , v.""}"
lip,B1,,,"[""noun""]","{""parts_of_speech"": [""noun""], ""source"": ""Oxford 3000"", ""original_line"": ""lip n.""}"
liquid,B1,,,"[""noun"", ""adjective""]","{""parts_of_speech"": [""noun"", ""adjective""], ""source"": ""Oxford 3000"", ""original_line"": ""liquid n. , adj.""}"
literature,B1,,,"[""noun""]","{""parts_of_speech"": [""noun""], ""source"": ""Oxford 3000"", ""original_line"": ""literature n.""}"
living,B1,,,"[""noun"", ""adjective""]","{""parts_of_speech"": [""noun"", ""adjective""], ""source"": ""Oxford 3000"", ""original_line"": ""living adj. , n.""}"
locate,B1,,,"[""verb""]","{""parts_of_speech"": [""verb""], ""source"": ""Oxford 3000"", ""original_line"": ""locate v.""}"
located,B1,,,"[""adjective""]","{""parts_of_speech"": [""adjective""], ""source"": ""Oxford 3000"", ""original_line"": ""located adj.""}"
location,B1,,,"[""noun""]","{""parts_of_speech"": [""noun""], ""source"": ""Oxford 3000"", ""original_line"": ""location n.""}"
lonely,B1,,,"[""adjective""]","{""parts_of_speech"": [""adjective""], ""source"": ""Oxford 3000"", ""original_line"": ""lonely adj.""}"
loss,B1,,,"[""noun""]","{""parts_of_speech"": [""noun""], ""source"": ""Oxford 3000"", ""original_line"": ""loss n.""}"
luxury,B1,,,"[""noun""]","{""parts_of_speech"": [""noun""], ""source"": ""Oxford 3000"", ""original_line"": ""luxury n.""}"
mad,B1,,,"[""adjective""]","{""parts_of_speech"": [""adjective""], ""source"": ""Oxford 3000"", ""original_line"": ""mad adj.""}"
magic,B1,,,"[""noun"", ""adjective""]","{""parts_of_speech"": [""noun"", ""adjective""], ""source"": ""Oxford 3000"", ""original_line"": ""magic n. , adj.""}"
mainly,B1,,,"[""verb"", ""adverb""]","{""parts_of_speech"": [""verb"", ""adverb""], ""source"": ""Oxford 3000"", ""original_line"": ""mainly adv.""}"
management,B1,,,"[""noun""]","{""parts_of_speech"": [""noun""], ""source"": ""Oxford 3000"", ""original_line"": ""management n.""}"
marketing,B1,,,"[""noun""]","{""parts_of_speech"": [""noun""], ""source"": ""Oxford 3000"", ""original_line"": ""marketing n.""}"
marriage,B1,,,"[""noun""]","{""parts_of_speech"": [""noun""], ""source"": ""Oxford 3000"", ""original_line"": ""marriage n.""}"
meanwhile,B1,,,"[""verb"", ""adverb""]","{""parts_of_speech"": [""verb"", ""adverb""], ""source"": ""Oxford 3000"", ""original_line"": ""meanwhile adv.""}"
measure,B1,,,"[""noun"", ""verb""]","{""parts_of_speech"": [""noun"", ""verb""], ""source"": ""Oxford 3000"", ""original_line"": ""measure v. , n.""}"
medium,B1,,,"[""adjective""]","{""parts_of_speech"": [""adjective""], ""source"": ""Oxford 3000"", ""original_line"": ""medium adj.""}"
mental,B1,,,"[""adjective""]","{""parts_of_speech"": [""adjective""], ""source"": ""Oxford 3000"", ""original_line"": ""mental adj.""}"
mess,B1,,,"[""noun""]","{""parts_of_speech"": [""noun""], ""source"": ""Oxford 3000"", ""original_line"": ""mess n.""}"
mild,B1,,,"[""adjective""]","{""parts_of_speech"": [""adjective""], ""source"": ""Oxford 3000"", ""original_line"": ""mild adj.""}"
mix,B1,,,"[""noun"", ""verb""]","{""parts_of_speech"": [""noun"", ""verb""], ""source"": ""Oxford 3000"", ""original_line"": ""mix v. , n.""}"
mixture,B1,,,"[""noun""]","{""parts_of_speech"": [""noun""], ""source"": ""Oxford 3000"", ""original_line"": ""mixture n.""}"
mood,B1,,,"[""noun""]","{""parts_of_speech"": [""noun""], ""source"": ""Oxford 3000"", ""original_line"": ""mood n.""}"
mud,B1,,,"[""noun""]","{""parts_of_speech"": [""noun""], ""source"": ""Oxford 3000"", ""original_line"": ""mud n.""}"
murder,B1,,,"[""noun"", ""verb""]","{""parts_of_speech"": [""noun"", ""verb""], ""source"": ""Oxford 3000"", ""original_line"": ""murder n. , v.""}"
muscle,B1,,,"[""noun""]","{""parts_of_speech"": [""noun""], ""source"": ""Oxford 3000"", ""original_line"": ""muscle n.""}"
mystery,B1,,,"[""noun""]","{""parts_of_speech"": [""noun""], ""source"": ""Oxford 3000"", ""original_line"": ""mystery n.""}"
nail,B1,,,"[""noun""]","{""parts_of_speech"": [""noun""], ""source"": ""Oxford 3000"", ""original_line"": ""nail n.""}"
narrative,B1,,,"[""noun"", ""adjective""]","{""parts_of_speech"": [""noun"", ""adjective""], ""source"": ""Oxford 3000"", ""original_line"": ""narrative n. , adj.""}"
nation,B1,,,"[""noun""]","{""parts_of_speech"": [""noun""], ""source"": ""Oxford 3000"", ""original_line"": ""nation n.""}"
native,B1,,,"[""noun"", ""adjective""]","{""parts_of_speech"": [""noun"", ""adjective""], ""source"": ""Oxford 3000"", ""original_line"": ""native adj. , n.""}"
naturally,B1,,,"[""verb"", ""adverb""]","{""parts_of_speech"": [""verb"", ""adverb""], ""source"": ""Oxford 3000"", ""original_line"": ""naturally adv.""}"
necessarily,B1,,,"[""verb"", ""adverb""]","{""parts_of_speech"": [""verb"", ""adverb""], ""source"": ""Oxford 3000"", ""original_line"": ""necessarily adv.""}"
needle,B1,,,"[""noun""]","{""parts_of_speech"": [""noun""], ""source"": ""Oxford 3000"", ""original_line"": ""needle n.""}"
neighbourhood,B1,,,"[""noun""]","{""parts_of_speech"": [""noun""], ""source"": ""Oxford 3000"", ""original_line"": ""neighbourhood n.""}"
net,B1,,,"[""noun""]","{""parts_of_speech"": [""noun""], ""source"": ""Oxford 3000"", ""original_line"": ""net n.""}"
nor,B1,,,"[""noun"", ""verb"", ""adverb"", ""conjunction""]","{""parts_of_speech"": [""noun"", ""verb"", ""adverb"", ""conjunction""], ""source"": ""Oxford 3000"", ""original_line"": ""nor conj./adv.""}"
northern,B1,,,"[""adjective""]","{""parts_of_speech"": [""adjective""], ""source"": ""Oxford 3000"", ""original_line"": ""northern adj.""}"
nuclear,B1,,,"[""adjective""]","{""parts_of_speech"": [""adjective""], ""source"": ""Oxford 3000"", ""original_line"": ""nuclear adj.""}"
obvious,B1,,,"[""adjective""]","{""parts_of_speech"": [""adjective""], ""source"": ""Oxford 3000"", ""original_line"": ""obvious adj.""}"
obviously,B1,,,"[""verb"", ""adverb""]","{""parts_of_speech"": [""verb"", ""adverb""], ""source"": ""Oxford 3000"", ""original_line"": ""obviously adv.""}"
occasion,B1,,,"[""noun""]","{""parts_of_speech"": [""noun""], ""source"": ""Oxford 3000"", ""original_line"": ""occasion n.""}"
occur,B1,,,"[""verb""]","{""parts_of_speech"": [""verb""], ""source"": ""Oxford 3000"", ""original_line"": ""occur v.""}"
odd,B1,,,"[""adjective""]","{""parts_of_speech"": [""adjective""], ""source"": ""Oxford 3000"", ""original_line"": ""odd adj.""}"
official,B1,,,"[""adjective""]","{""parts_of_speech"": [""adjective""], ""source"": ""Oxford 3000"", ""original_line"": ""official adj.""}"
old-fashioned,B1,,,"[""adjective""]","{""parts_of_speech"": [""adjective""], ""source"": ""Oxford 3000"", ""original_line"": ""old-fashioned adj.""}"
operation,B1,,,"[""noun""]","{""parts_of_speech"": [""noun""], ""source"": ""Oxford 3000"", ""original_line"": ""operation n.""}"
organized,B1,,,"[""adjective""]","{""parts_of_speech"": [""adjective""], ""source"": ""Oxford 3000"", ""original_line"": ""organized adj.""}"
organizer,B1,,,"[""noun""]","{""parts_of_speech"": [""noun""], ""source"": ""Oxford 3000"", ""original_line"": ""organizer n.""}"
originally,B1,,,"[""verb"", ""adverb""]","{""parts_of_speech"": [""verb"", ""adverb""], ""source"": ""Oxford 3000"", ""original_line"": ""originally adv.""}"
ought,B1,,,"[""verb"", ""modal verb""]","{""parts_of_speech"": [""verb"", ""modal verb""], ""source"": ""Oxford 3000"", ""original_line"": ""ought modal v.""}"
ours,B1,,,"[""noun"", ""pronoun""]","{""parts_of_speech"": [""noun"", ""pronoun""], ""source"": ""Oxford 3000"", ""original_line"": ""ours pron.""}"
outdoor,B1,,,"[""adjective""]","{""parts_of_speech"": [""adjective""], ""source"": ""Oxford 3000"", ""original_line"": ""outdoor adj.""}"
outdoors,B1,,,"[""verb"", ""adverb""]","{""parts_of_speech"": [""verb"", ""adverb""], ""source"": ""Oxford 3000"", ""original_line"": ""outdoors adv.""}"
package,B1,,,"[""noun""]","{""parts_of_speech"": [""noun""], ""source"": ""Oxford 3000"", ""original_line"": ""package n.""}"
painful,B1,,,"[""adjective""]","{""parts_of_speech"": [""adjective""], ""source"": ""Oxford 3000"", ""original_line"": ""painful adj.""}"
pale,B1,,,"[""adjective""]","{""parts_of_speech"": [""adjective""], ""source"": ""Oxford 3000"", ""original_line"": ""pale adj.""}"
pan,B1,,,"[""noun""]","{""parts_of_speech"": [""noun""], ""source"": ""Oxford 3000"", ""original_line"": ""pan n.""}"
participate,B1,,,"[""verb""]","{""parts_of_speech"": [""verb""], ""source"": ""Oxford 3000"", ""original_line"": ""participate v.""}"
particularly,B1,,,"[""verb"", ""adverb""]","{""parts_of_speech"": [""verb"", ""adverb""], ""source"": ""Oxford 3000"", ""original_line"": ""particularly adv.""}"
passion,B1,,,"[""noun""]","{""parts_of_speech"": [""noun""], ""source"": ""Oxford 3000"", ""original_line"": ""passion n.""}"
path,B1,,,"[""noun""]","{""parts_of_speech"": [""noun""], ""source"": ""Oxford 3000"", ""original_line"": ""path n.""}"
payment,B1,,,"[""noun""]","{""parts_of_speech"": [""noun""], ""source"": ""Oxford 3000"", ""original_line"": ""payment n.""}"
peaceful,B1,,,"[""adjective""]","{""parts_of_speech"": [""adjective""], ""source"": ""Oxford 3000"", ""original_line"": ""peaceful adj.""}"
percentage,B1,,,"[""noun"", ""verb"", ""adverb""]","{""parts_of_speech"": [""noun"", ""verb"", ""adverb""], ""source"": ""Oxford 3000"", ""original_line"": ""percentage n.perfectly adv.""}"
performance,B1,,,"[""noun""]","{""parts_of_speech"": [""noun""], ""source"": ""Oxford 3000"", ""original_line"": ""performance n.""}"
personally,B1,,,"[""verb"", ""adverb""]","{""parts_of_speech"": [""verb"", ""adverb""], ""source"": ""Oxford 3000"", ""original_line"": ""personally adv.""}"
persuade,B1,,,"[""verb""]","{""parts_of_speech"": [""verb""], ""source"": ""Oxford 3000"", ""original_line"": ""persuade v.""}"
photographer,B1,,,"[""noun""]","{""parts_of_speech"": [""noun""], ""source"": ""Oxford 3000"", ""original_line"": ""photographer n.""}"
photography,B1,,,"[""noun""]","{""parts_of_speech"": [""noun""], ""source"": ""Oxford 3000"", ""original_line"": ""photography n.""}"
pin,B1,,,"[""noun"", ""verb""]","{""parts_of_speech"": [""noun"", ""verb""], ""source"": ""Oxford 3000"", ""original_line"": ""pin n. , v.""}"
pipe,B1,,,"[""noun""]","{""parts_of_speech"": [""noun""], ""source"": ""Oxford 3000"", ""original_line"": ""pipe n.""}"
place,B1,,,"[""verb""]","{""parts_of_speech"": [""verb""], ""source"": ""Oxford 3000"", ""original_line"": ""place v.""}"
planning,B1,,,"[""noun""]","{""parts_of_speech"": [""noun""], ""source"": ""Oxford 3000"", ""original_line"": ""planning n.""}"
pleasant,B1,,,"[""adjective""]","{""parts_of_speech"": [""adjective""], ""source"": ""Oxford 3000"", ""original_line"": ""pleasant adj.""}"
pleasure,B1,,,"[""noun""]","{""parts_of_speech"": [""noun""], ""source"": ""Oxford 3000"", ""original_line"": ""pleasure n.""}"
plenty,B1,,,"[""noun"", ""pronoun""]","{""parts_of_speech"": [""noun"", ""pronoun""], ""source"": ""Oxford 3000"", ""original_line"": ""plenty pron.""}"
plot,B1,,,"[""noun""]","{""parts_of_speech"": [""noun""], ""source"": ""Oxford 3000"", ""original_line"": ""plot n.""}"
plus,B1,,,"[""preposition""]","{""parts_of_speech"": [""preposition""], ""source"": ""Oxford 3000"", ""original_line"": ""plus 1 prep.""}"
poem,B1,,,"[""noun""]","{""parts_of_speech"": [""noun""], ""source"": ""Oxford 3000"", ""original_line"": ""poem n.""}"
poet,B1,,,"[""noun""]","{""parts_of_speech"": [""noun""], ""source"": ""Oxford 3000"", ""original_line"": ""poet n.""}"
poetry,B1,,,"[""noun""]","{""parts_of_speech"": [""noun""], ""source"": ""Oxford 3000"", ""original_line"": ""poetry n.""}"
poison,B1,,,"[""noun"", ""verb""]","{""parts_of_speech"": [""noun"", ""verb""], ""source"": ""Oxford 3000"", ""original_line"": ""poison n. , v.""}"
poisonous,B1,,,"[""adjective""]","{""parts_of_speech"": [""adjective""], ""source"": ""Oxford 3000"", ""original_line"": ""poisonous adj.""}"
policy,B1,,,"[""noun""]","{""parts_of_speech"": [""noun""], ""source"": ""Oxford 3000"", ""original_line"": ""policy n.""}"
political,B1,,,"[""adjective""]","{""parts_of_speech"": [""adjective""], ""source"": ""Oxford 3000"", ""original_line"": ""political adj.""}"
politician,B1,,,"[""noun""]","{""parts_of_speech"": [""noun""], ""source"": ""Oxford 3000"", ""original_line"": ""politician n.""}"
politics,B1,,,"[""noun""]","{""parts_of_speech"": [""noun""], ""source"": ""Oxford 3000"", ""original_line"": ""politics n.""}"
port,B1,,,"[""noun""]","{""parts_of_speech"": [""noun""], ""source"": ""Oxford 3000"", ""original_line"": ""port n.""}"
portrait,B1,,,"[""noun""]","{""parts_of_speech"": [""noun""], ""source"": ""Oxford 3000"", ""original_line"": ""portrait n.""}"
possibly,B1,,,"[""verb"", ""adverb""]","{""parts_of_speech"": [""verb"", ""adverb""], ""source"": ""Oxford 3000"", ""original_line"": ""possibly adv.""}"
pot,B1,,,"[""noun""]","{""parts_of_speech"": [""noun""], ""source"": ""Oxford 3000"", ""original_line"": ""pot n.""}"
pour,B1,,,"[""verb""]","{""parts_of_speech"": [""verb""], ""source"": ""Oxford 3000"", ""original_line"": ""pour v.""}"
poverty,B1,,,"[""noun""]","{""parts_of_speech"": [""noun""], ""source"": ""Oxford 3000"", ""original_line"": ""poverty n.""}"
powder,B1,,,"[""noun""]","{""parts_of_speech"": [""noun""], ""source"": ""Oxford 3000"", ""original_line"": ""powder n.""}"
powerful,B1,,,"[""adjective""]","{""parts_of_speech"": [""adjective""], ""source"": ""Oxford 3000"", ""original_line"": ""powerful adj.""}"
practical,B1,,,"[""adjective""]","{""parts_of_speech"": [""adjective""], ""source"": ""Oxford 3000"", ""original_line"": ""practical adj.""}"
pray,B1,,,"[""verb""]","{""parts_of_speech"": [""verb""], ""source"": ""Oxford 3000"", ""original_line"": ""pray v.""}"
prayer,B1,,,"[""noun""]","{""parts_of_speech"": [""noun""], ""source"": ""Oxford 3000"", ""original_line"": ""prayer n.""}"
prediction,B1,,,"[""noun""]","{""parts_of_speech"": [""noun""], ""source"": ""Oxford 3000"", ""original_line"": ""prediction n.""}"
prepared,B1,,,"[""adjective""]","{""parts_of_speech"": [""adjective""], ""source"": ""Oxford 3000"", ""original_line"": ""prepared adj.""}"
presentation,B1,,,"[""noun""]","{""parts_of_speech"": [""noun""], ""source"": ""Oxford 3000"", ""original_line"": ""presentation n.""}"
press,B1,,,"[""noun"", ""verb""]","{""parts_of_speech"": [""noun"", ""verb""], ""source"": ""Oxford 3000"", ""original_line"": ""press n. , v.""}"
pressure,B1,,,"[""noun""]","{""parts_of_speech"": [""noun""], ""source"": ""Oxford 3000"", ""original_line"": ""pressure n.""}"
pretend,B1,,,"[""verb""]","{""parts_of_speech"": [""verb""], ""source"": ""Oxford 3000"", ""original_line"": ""pretend v.""}"
previous,B1,,,"[""adjective""]","{""parts_of_speech"": [""adjective""], ""source"": ""Oxford 3000"", ""original_line"": ""previous adj.""}"
previously,B1,,,"[""verb"", ""adverb""]","{""parts_of_speech"": [""verb"", ""adverb""], ""source"": ""Oxford 3000"", ""original_line"": ""previously adv.""}"
priest,B1,,,"[""noun""]","{""parts_of_speech"": [""noun""], ""source"": ""Oxford 3000"", ""original_line"": ""priest n.""}"
primary,B1,,,"[""adjective""]","{""parts_of_speech"": [""adjective""], ""source"": ""Oxford 3000"", ""original_line"": ""primary adj.""}"
prince,B1,,,"[""noun""]","{""parts_of_speech"": [""noun""], ""source"": ""Oxford 3000"", ""original_line"": ""prince n.""}"
princess,B1,,,"[""noun""]","{""parts_of_speech"": [""noun""], ""source"": ""Oxford 3000"", ""original_line"": ""princess n.""}"
printing,B1,,,"[""noun""]","{""parts_of_speech"": [""noun""], ""source"": ""Oxford 3000"", ""original_line"": ""printing n.""}"
prisoner,B1,,,"[""noun""]","{""parts_of_speech"": [""noun""], ""source"": ""Oxford 3000"", ""original_line"": ""prisoner n.""}"
private,B1,,,"[""adjective""]","{""parts_of_speech"": [""adjective""], ""source"": ""Oxford 3000"", ""original_line"": ""private adj.""}"
producer,B1,,,"[""noun""]","{""parts_of_speech"": [""noun""], ""source"": ""Oxford 3000"", ""original_line"": ""producer n.""}"
production,B1,,,"[""noun""]","{""parts_of_speech"": [""noun""], ""source"": ""Oxford 3000"", ""original_line"": ""production n.""}"
profession,B1,,,"[""noun""]","{""parts_of_speech"": [""noun""], ""source"": ""Oxford 3000"", ""original_line"": ""profession n.""}"
profit,B1,,,"[""noun""]","{""parts_of_speech"": [""noun""], ""source"": ""Oxford 3000"", ""original_line"": ""profit n.""}"
promote,B1,,,"[""verb""]","{""parts_of_speech"": [""verb""], ""source"": ""Oxford 3000"", ""original_line"": ""promote v.""}"
proper,B1,,,"[""adjective""]","{""parts_of_speech"": [""adjective""], ""source"": ""Oxford 3000"", ""original_line"": ""proper adj.""}"
properly,B1,,,"[""verb"", ""adverb""]","{""parts_of_speech"": [""verb"", ""adverb""], ""source"": ""Oxford 3000"", ""original_line"": ""properly adv.""}"
property,B1,,,"[""noun""]","{""parts_of_speech"": [""noun""], ""source"": ""Oxford 3000"", ""original_line"": ""property n.""}"
protest,B1,,,"[""noun"", ""verb""]","{""parts_of_speech"": [""noun"", ""verb""], ""source"": ""Oxford 3000"", ""original_line"": ""protest n. , v.""}"
proud,B1,,,"[""adjective""]","{""parts_of_speech"": [""adjective""], ""source"": ""Oxford 3000"", ""original_line"": ""proud adj.""}"
prove,B1,,,"[""verb""]","{""parts_of_speech"": [""verb""], ""source"": ""Oxford 3000"", ""original_line"": ""prove v.""}"
punish,B1,,,"[""verb""]","{""parts_of_speech"": [""verb""], ""source"": ""Oxford 3000"", ""original_line"": ""punish v.""}"
punishment,B1,,,"[""noun""]","{""parts_of_speech"": [""noun""], ""source"": ""Oxford 3000"", ""original_line"": ""punishment n.""}"
qualification,B1,,,"[""noun""]","{""parts_of_speech"": [""noun""], ""source"": ""Oxford 3000"", ""original_line"": ""qualification n.""}"
qualified,B1,,,"[""adjective""]","{""parts_of_speech"": [""adjective""], ""source"": ""Oxford 3000"", ""original_line"": ""qualified adj.""}"
qualify,B1,,,"[""noun"", ""verb""]","{""parts_of_speech"": [""noun"", ""verb""], ""source"": ""Oxford 3000"", ""original_line"": ""qualify v.queue n. , v.""}"
quit,B1,,,"[""verb""]","{""parts_of_speech"": [""verb""], ""source"": ""Oxford 3000"", ""original_line"": ""quit v.""}"
quotation,B1,,,"[""noun""]","{""parts_of_speech"": [""noun""], ""source"": ""Oxford 3000"", ""original_line"": ""quotation n.""}"
quote,B1,,,"[""noun"", ""verb""]","{""parts_of_speech"": [""noun"", ""verb""], ""source"": ""Oxford 3000"", ""original_line"": ""quote v. , n.""}"
racing,B1,,,"[""noun""]","{""parts_of_speech"": [""noun""], ""source"": ""Oxford 3000"", ""original_line"": ""racing n.""}"
range,B1,,,"[""noun""]","{""parts_of_speech"": [""noun""], ""source"": ""Oxford 3000"", ""original_line"": ""range n.""}"
rare,B1,,,"[""adjective""]","{""parts_of_speech"": [""adjective""], ""source"": ""Oxford 3000"", ""original_line"": ""rare adj.""}"
rarely,B1,,,"[""verb"", ""adverb""]","{""parts_of_speech"": [""verb"", ""adverb""], ""source"": ""Oxford 3000"", ""original_line"": ""rarely adv.""}"
reaction,B1,,,"[""noun""]","{""parts_of_speech"": [""noun""], ""source"": ""Oxford 3000"", ""original_line"": ""reaction n.""}"
reality,B1,,,"[""noun""]","{""parts_of_speech"": [""noun""], ""source"": ""Oxford 3000"", ""original_line"": ""reality n.""}"
receipt,B1,,,"[""noun""]","{""parts_of_speech"": [""noun""], ""source"": ""Oxford 3000"", ""original_line"": ""receipt n.""}"
recommendation,B1,,,"[""noun""]","{""parts_of_speech"": [""noun""], ""source"": ""Oxford 3000"", ""original_line"": ""recommendation n.""}"
reference,B1,,,"[""noun""]","{""parts_of_speech"": [""noun""], ""source"": ""Oxford 3000"", ""original_line"": ""reference n.""}"
reflect,B1,,,"[""verb""]","{""parts_of_speech"": [""verb""], ""source"": ""Oxford 3000"", ""original_line"": ""reflect v.""}"
regularly,B1,,,"[""verb"", ""adverb""]","{""parts_of_speech"": [""verb"", ""adverb""], ""source"": ""Oxford 3000"", ""original_line"": ""regularly adv.""}"
reject,B1,,,"[""verb""]","{""parts_of_speech"": [""verb""], ""source"": ""Oxford 3000"", ""original_line"": ""reject v.""}"
relate,B1,,,"[""verb""]","{""parts_of_speech"": [""verb""], ""source"": ""Oxford 3000"", ""original_line"": ""relate v.""}"
related,B1,,,"[""adjective""]","{""parts_of_speech"": [""adjective""], ""source"": ""Oxford 3000"", ""original_line"": ""related adj.""}"
relation,B1,,,"[""noun""]","{""parts_of_speech"": [""noun""], ""source"": ""Oxford 3000"", ""original_line"": ""relation n.""}"
relative,B1,,,"[""noun"", ""adjective""]","{""parts_of_speech"": [""noun"", ""adjective""], ""source"": ""Oxford 3000"", ""original_line"": ""relative adj. , n.""}"
relaxed,B1,,,"[""adjective""]","{""parts_of_speech"": [""adjective""], ""source"": ""Oxford 3000"", ""original_line"": ""relaxed adj.""}"
relaxing,B1,,,"[""adjective""]","{""parts_of_speech"": [""adjective""], ""source"": ""Oxford 3000"", ""original_line"": ""relaxing adj.""}"
release,B1,,,"[""noun"", ""verb""]","{""parts_of_speech"": [""noun"", ""verb""], ""source"": ""Oxford 3000"", ""original_line"": ""release v. , n.""}"
reliable,B1,,,"[""adjective""]","{""parts_of_speech"": [""adjective""], ""source"": ""Oxford 3000"", ""original_line"": ""reliable adj.""}"
religion,B1,,,"[""noun""]","{""parts_of_speech"": [""noun""], ""source"": ""Oxford 3000"", ""original_line"": ""religion n.""}"
religious,B1,,,"[""adjective""]","{""parts_of_speech"": [""adjective""], ""source"": ""Oxford 3000"", ""original_line"": ""religious adj.""}"
remain,B1,,,"[""verb""]","{""parts_of_speech"": [""verb""], ""source"": ""Oxford 3000"", ""original_line"": ""remain v.""}"
remind,B1,,,"[""verb""]","{""parts_of_speech"": [""verb""], ""source"": ""Oxford 3000"", ""original_line"": ""remind v.""}"
remote,B1,,,"[""adjective""]","{""parts_of_speech"": [""adjective""], ""source"": ""Oxford 3000"", ""original_line"": ""remote adj.""}"
rent,B1,,,"[""noun"", ""verb""]","{""parts_of_speech"": [""noun"", ""verb""], ""source"": ""Oxford 3000"", ""original_line"": ""rent n. , v.""}"
repeated,B1,,,"[""adjective""]","{""parts_of_speech"": [""adjective""], ""source"": ""Oxford 3000"", ""original_line"": ""repeated adj.""}"
represent,B1,,,"[""verb""]","{""parts_of_speech"": [""verb""], ""source"": ""Oxford 3000"", ""original_line"": ""represent v.""}"
require,B1,,,"[""verb""]","{""parts_of_speech"": [""verb""], ""source"": ""Oxford 3000"", ""original_line"": ""require v.""}"
reservation,B1,,,"[""noun""]","{""parts_of_speech"": [""noun""], ""source"": ""Oxford 3000"", ""original_line"": ""reservation n.""}"
resource,B1,,,"[""noun""]","{""parts_of_speech"": [""noun""], ""source"": ""Oxford 3000"", ""original_line"": ""resource n.""}"
respect,B1,,,"[""noun"", ""verb""]","{""parts_of_speech"": [""noun"", ""verb""], ""source"": ""Oxford 3000"", ""original_line"": ""respect n. , v.""}"
responsibility,B1,,,"[""noun""]","{""parts_of_speech"": [""noun""], ""source"": ""Oxford 3000"", ""original_line"": ""responsibility n.""}"
responsible,B1,,,"[""adjective""]","{""parts_of_speech"": [""adjective""], ""source"": ""Oxford 3000"", ""original_line"": ""responsible adj.""}"
retire,B1,,,"[""verb""]","{""parts_of_speech"": [""verb""], ""source"": ""Oxford 3000"", ""original_line"": ""retire v.""}"
retired,B1,,,"[""adjective""]","{""parts_of_speech"": [""adjective""], ""source"": ""Oxford 3000"", ""original_line"": ""retired adj.""}"
revise,B1,,,"[""verb""]","{""parts_of_speech"": [""verb""], ""source"": ""Oxford 3000"", ""original_line"": ""revise v.""}"
risk,B1,,,"[""noun"", ""verb""]","{""parts_of_speech"": [""noun"", ""verb""], ""source"": ""Oxford 3000"", ""original_line"": ""risk n. , v.""}"
robot,B1,,,"[""noun""]","{""parts_of_speech"": [""noun""], ""source"": ""Oxford 3000"", ""original_line"": ""robot n.""}"
roll,B1,,,"[""noun"", ""verb""]","{""parts_of_speech"": [""noun"", ""verb""], ""source"": ""Oxford 3000"", ""original_line"": ""roll v. , n.""}"
romantic,B1,,,"[""adjective""]","{""parts_of_speech"": [""adjective""], ""source"": ""Oxford 3000"", ""original_line"": ""romantic adj.""}"
rope,B1,,,"[""noun""]","{""parts_of_speech"": [""noun""], ""source"": ""Oxford 3000"", ""original_line"": ""rope n.""}"
rough,B1,,,"[""adjective""]","{""parts_of_speech"": [""adjective""], ""source"": ""Oxford 3000"", ""original_line"": ""rough adj.""}"
row,B1,,,"[""noun""]","{""parts_of_speech"": [""noun""], ""source"": ""Oxford 3000"", ""original_line"": ""row 1 n.""}"
royal,B1,,,"[""adjective""]","{""parts_of_speech"": [""adjective""], ""source"": ""Oxford 3000"", ""original_line"": ""royal adj.""}"
rugby,B1,,,"[""noun""]","{""parts_of_speech"": [""noun""], ""source"": ""Oxford 3000"", ""original_line"": ""rugby n.""}"
safety,B1,,,"[""noun""]","{""parts_of_speech"": [""noun""], ""source"": ""Oxford 3000"", ""original_line"": ""safety n.""}"
sailor,B1,,,"[""noun""]","{""parts_of_speech"": [""noun""], ""source"": ""Oxford 3000"", ""original_line"": ""sailor n.""}"
sample,B1,,,"[""noun""]","{""parts_of_speech"": [""noun""], ""source"": ""Oxford 3000"", ""original_line"": ""sample n.""}"
sand,B1,,,"[""noun""]","{""parts_of_speech"": [""noun""], ""source"": ""Oxford 3000"", ""original_line"": ""sand n.""}"
scan,B1,,,"[""verb""]","{""parts_of_speech"": [""verb""], ""source"": ""Oxford 3000"", ""original_line"": ""scan v.""}"
scientific,B1,,,"[""adjective""]","{""parts_of_speech"": [""adjective""], ""source"": ""Oxford 3000"", ""original_line"": ""scientific adj.""}"
script,B1,,,"[""noun""]","{""parts_of_speech"": [""noun""], ""source"": ""Oxford 3000"", ""original_line"": ""script n.""}"
sculpture,B1,,,"[""noun""]","{""parts_of_speech"": [""noun""], ""source"": ""Oxford 3000"", ""original_line"": ""sculpture n.""}"
secondary,B1,,,"[""adjective""]","{""parts_of_speech"": [""adjective""], ""source"": ""Oxford 3000"", ""original_line"": ""secondary adj.""}"
security,B1,,,"[""noun""]","{""parts_of_speech"": [""noun""], ""source"": ""Oxford 3000"", ""original_line"": ""security n.""}"
seed,B1,,,"[""noun"", ""adjective""]","{""parts_of_speech"": [""noun"", ""adjective""], ""source"": ""Oxford 3000"", ""original_line"": ""seed n.sensible adj.""}"
seriously,B1,,,"[""verb"", ""adverb""]","{""parts_of_speech"": [""verb"", ""adverb""], ""source"": ""Oxford 3000"", ""original_line"": ""seriously adv.""}"
servant,B1,,,"[""noun""]","{""parts_of_speech"": [""noun""], ""source"": ""Oxford 3000"", ""original_line"": ""servant n.""}"
set,B1,,,"[""verb""]","{""parts_of_speech"": [""verb""], ""source"": ""Oxford 3000"", ""original_line"": ""set (put) v.""}"
setting,B1,,,"[""noun""]","{""parts_of_speech"": [""noun""], ""source"": ""Oxford 3000"", ""original_line"": ""setting n.""}"
sex,B1,,,"[""noun""]","{""parts_of_speech"": [""noun""], ""source"": ""Oxford 3000"", ""original_line"": ""sex n.""}"
sexual,B1,,,"[""adjective""]","{""parts_of_speech"": [""adjective""], ""source"": ""Oxford 3000"", ""original_line"": ""sexual adj.""}"
sharp,B1,,,"[""adjective""]","{""parts_of_speech"": [""adjective""], ""source"": ""Oxford 3000"", ""original_line"": ""sharp adj.""}"
shelf,B1,,,"[""noun""]","{""parts_of_speech"": [""noun""], ""source"": ""Oxford 3000"", ""original_line"": ""shelf n.""}"
shell,B1,,,"[""noun""]","{""parts_of_speech"": [""noun""], ""source"": ""Oxford 3000"", ""original_line"": ""shell n.""}"
shift,B1,,,"[""noun""]","{""parts_of_speech"": [""noun""], ""source"": ""Oxford 3000"", ""original_line"": ""shift n.""}"
shine,B1,,,"[""verb""]","{""parts_of_speech"": [""verb""], ""source"": ""Oxford 3000"", ""original_line"": ""shine v.""}"
shiny,B1,,,"[""adjective""]","{""parts_of_speech"": [""adjective""], ""source"": ""Oxford 3000"", ""original_line"": ""shiny adj.""}"
shoot,B1,,,"[""verb""]","{""parts_of_speech"": [""verb""], ""source"": ""Oxford 3000"", ""original_line"": ""shoot v.""}"
shy,B1,,,"[""adjective""]","{""parts_of_speech"": [""adjective""], ""source"": ""Oxford 3000"", ""original_line"": ""shy adj.""}"
sight,B1,,,"[""noun""]","{""parts_of_speech"": [""noun""], ""source"": ""Oxford 3000"", ""original_line"": ""sight n.""}"
signal,B1,,,"[""noun"", ""verb""]","{""parts_of_speech"": [""noun"", ""verb""], ""source"": ""Oxford 3000"", ""original_line"": ""signal n. , v.""}"
silent,B1,,,"[""adjective""]","{""parts_of_speech"": [""adjective""], ""source"": ""Oxford 3000"", ""original_line"": ""silent adj.""}"
silly,B1,,,"[""adjective""]","{""parts_of_speech"": [""adjective""], ""source"": ""Oxford 3000"", ""original_line"": ""silly adj.""}"
similarity,B1,,,"[""noun""]","{""parts_of_speech"": [""noun""], ""source"": ""Oxford 3000"", ""original_line"": ""similarity n.""}"
similarly,B1,,,"[""verb"", ""adverb""]","{""parts_of_speech"": [""verb"", ""adverb""], ""source"": ""Oxford 3000"", ""original_line"": ""similarly adv.""}"
simply,B1,,,"[""verb"", ""adverb""]","{""parts_of_speech"": [""verb"", ""adverb""], ""source"": ""Oxford 3000"", ""original_line"": ""simply adv.""}"
sink,B1,,,"[""verb""]","{""parts_of_speech"": [""verb""], ""source"": ""Oxford 3000"", ""original_line"": ""sink v.""}"
slice,B1,,,"[""noun"", ""verb""]","{""parts_of_speech"": [""noun"", ""verb""], ""source"": ""Oxford 3000"", ""original_line"": ""slice n. , v.""}"
slightly,B1,,,"[""verb"", ""adverb""]","{""parts_of_speech"": [""verb"", ""adverb""], ""source"": ""Oxford 3000"", ""original_line"": ""slightly adv.""}"
smart,B1,,,"[""adjective""]","{""parts_of_speech"": [""adjective""], ""source"": ""Oxford 3000"", ""original_line"": ""smart adj.""}"
smooth,B1,,,"[""adjective""]","{""parts_of_speech"": [""adjective""], ""source"": ""Oxford 3000"", ""original_line"": ""smooth adj.""}"
software,B1,,,"[""noun""]","{""parts_of_speech"": [""noun""], ""source"": ""Oxford 3000"", ""original_line"": ""software n.""}"
soil,B1,,,"[""noun""]","{""parts_of_speech"": [""noun""], ""source"": ""Oxford 3000"", ""original_line"": ""soil n.""}"
solid,B1,,,"[""noun"", ""adjective""]","{""parts_of_speech"": [""noun"", ""adjective""], ""source"": ""Oxford 3000"", ""original_line"": ""solid adj. , n.""}"
southern,B1,,,"[""adjective""]","{""parts_of_speech"": [""adjective""], ""source"": ""Oxford 3000"", ""original_line"": ""southern adj.""}"
specifically,B1,,,"[""verb"", ""adverb""]","{""parts_of_speech"": [""verb"", ""adverb""], ""source"": ""Oxford 3000"", ""original_line"": ""specifically adv.""}"
spending,B1,,,"[""noun""]","{""parts_of_speech"": [""noun""], ""source"": ""Oxford 3000"", ""original_line"": ""spending n.""}"
spicy,B1,,,"[""adjective""]","{""parts_of_speech"": [""adjective""], ""source"": ""Oxford 3000"", ""original_line"": ""spicy adj.""}"
spirit,B1,,,"[""noun""]","{""parts_of_speech"": [""noun""], ""source"": ""Oxford 3000"", ""original_line"": ""spirit n.""}"
spoken,B1,,,"[""adjective""]","{""parts_of_speech"": [""adjective""], ""source"": ""Oxford 3000"", ""original_line"": ""spoken adj.""}"
spot,B1,,,"[""noun""]","{""parts_of_speech"": [""noun""], ""source"": ""Oxford 3000"", ""original_line"": ""spot n.""}"
spread,B1,,,"[""verb""]","{""parts_of_speech"": [""verb""], ""source"": ""Oxford 3000"", ""original_line"": ""spread v.""}"
stadium,B1,,,"[""noun""]","{""parts_of_speech"": [""noun""], ""source"": ""Oxford 3000"", ""original_line"": ""stadium n.""}"
staff,B1,,,"[""noun""]","{""parts_of_speech"": [""noun""], ""source"": ""Oxford 3000"", ""original_line"": ""staff n.""}"
standard,B1,,,"[""noun"", ""adjective""]","{""parts_of_speech"": [""noun"", ""adjective""], ""source"": ""Oxford 3000"", ""original_line"": ""standard n. , adj.""}"
statistic,B1,,,"[""noun""]","{""parts_of_speech"": [""noun""], ""source"": ""Oxford 3000"", ""original_line"": ""statistic n.""}"
statue,B1,,,"[""noun""]","{""parts_of_speech"": [""noun""], ""source"": ""Oxford 3000"", ""original_line"": ""statue n.""}"
stick,B1,,,"[""noun"", ""verb""]","{""parts_of_speech"": [""noun"", ""verb""], ""source"": ""Oxford 3000"", ""original_line"": ""stick (push into/attach) v.""}"
stranger,B1,,,"[""noun""]","{""parts_of_speech"": [""noun""], ""source"": ""Oxford 3000"", ""original_line"": ""stranger n.""}"
strength,B1,,,"[""noun""]","{""parts_of_speech"": [""noun""], ""source"": ""Oxford 3000"", ""original_line"": ""strength n.""}"
string,B1,,,"[""noun""]","{""parts_of_speech"": [""noun""], ""source"": ""Oxford 3000"", ""original_line"": ""string n.""}"
strongly,B1,,,"[""verb"", ""adverb""]","{""parts_of_speech"": [""verb"", ""adverb""], ""source"": ""Oxford 3000"", ""original_line"": ""strongly adv.""}"
studio,B1,,,"[""noun""]","{""parts_of_speech"": [""noun""], ""source"": ""Oxford 3000"", ""original_line"": ""studio n.""}"
stuff,B1,,,"[""noun""]","{""parts_of_speech"": [""noun""], ""source"": ""Oxford 3000"", ""original_line"": ""stuff n.""}"
substance,B1,,,"[""noun""]","{""parts_of_speech"": [""noun""], ""source"": ""Oxford 3000"", ""original_line"": ""substance n.""}"
successfully,B1,,,"[""verb"", ""adverb""]","{""parts_of_speech"": [""verb"", ""adverb""], ""source"": ""Oxford 3000"", ""original_line"": ""successfully adv.""}"
sudden,B1,,,"[""adjective""]","{""parts_of_speech"": [""adjective""], ""source"": ""Oxford 3000"", ""original_line"": ""sudden adj.""}"
suffer,B1,,,"[""verb""]","{""parts_of_speech"": [""verb""], ""source"": ""Oxford 3000"", ""original_line"": ""suffer v.""}"
suitable,B1,,,"[""adjective""]","{""parts_of_speech"": [""adjective""], ""source"": ""Oxford 3000"", ""original_line"": ""suitable adj.""}"
summarize,B1,,,"[""verb""]","{""parts_of_speech"": [""verb""], ""source"": ""Oxford 3000"", ""original_line"": ""summarize v.""}"
summary,B1,,,"[""noun""]","{""parts_of_speech"": [""noun""], ""source"": ""Oxford 3000"", ""original_line"": ""summary n.""}"
supporter,B1,,,"[""noun""]","{""parts_of_speech"": [""noun""], ""source"": ""Oxford 3000"", ""original_line"": ""supporter n.""}"
surely,B1,,,"[""verb"", ""adverb""]","{""parts_of_speech"": [""verb"", ""adverb""], ""source"": ""Oxford 3000"", ""original_line"": ""surely adv.""}"
surface,B1,,,"[""noun""]","{""parts_of_speech"": [""noun""], ""source"": ""Oxford 3000"", ""original_line"": ""surface n.""}"
survive,B1,,,"[""verb""]","{""parts_of_speech"": [""verb""], ""source"": ""Oxford 3000"", ""original_line"": ""survive v.""}"
switch,B1,,,"[""verb""]","{""parts_of_speech"": [""verb""], ""source"": ""Oxford 3000"", ""original_line"": ""switch v.""}"
symptom,B1,,,"[""noun""]","{""parts_of_speech"": [""noun""], ""source"": ""Oxford 3000"", ""original_line"": ""symptom n.""}"
tail,B1,,,"[""noun""]","{""parts_of_speech"": [""noun""], ""source"": ""Oxford 3000"", ""original_line"": ""tail n.""}"
talent,B1,,,"[""noun""]","{""parts_of_speech"": [""noun""], ""source"": ""Oxford 3000"", ""original_line"": ""talent n.""}"
talented,B1,,,"[""adjective""]","{""parts_of_speech"": [""adjective""], ""source"": ""Oxford 3000"", ""original_line"": ""talented adj.""}"
tape,B1,,,"[""noun""]","{""parts_of_speech"": [""noun""], ""source"": ""Oxford 3000"", ""original_line"": ""tape n.""}"
tax,B1,,,"[""noun"", ""verb""]","{""parts_of_speech"": [""noun"", ""verb""], ""source"": ""Oxford 3000"", ""original_line"": ""tax n. , v.""}"
technical,B1,,,"[""adjective""]","{""parts_of_speech"": [""adjective""], ""source"": ""Oxford 3000"", ""original_line"": ""technical adj.""}"
technique,B1,,,"[""noun""]","{""parts_of_speech"": [""noun""], ""source"": ""Oxford 3000"", ""original_line"": ""technique n.""}"
tend,B1,,,"[""verb""]","{""parts_of_speech"": [""verb""], ""source"": ""Oxford 3000"", ""original_line"": ""tend v.""}"
tent,B1,,,"[""noun""]","{""parts_of_speech"": [""noun""], ""source"": ""Oxford 3000"", ""original_line"": ""tent n.""}"
theirs,B1,,,"[""noun"", ""pronoun""]","{""parts_of_speech"": [""noun"", ""pronoun""], ""source"": ""Oxford 3000"", ""original_line"": ""theirs pron.""}"
theme,B1,,,"[""noun""]","{""parts_of_speech"": [""noun""], ""source"": ""Oxford 3000"", ""original_line"": ""theme n.""}"
theory,B1,,,"[""noun""]","{""parts_of_speech"": [""noun""], ""source"": ""Oxford 3000"", ""original_line"": ""theory n.""}"
therefore,B1,,,"[""verb"", ""adverb""]","{""parts_of_speech"": [""verb"", ""adverb""], ""source"": ""Oxford 3000"", ""original_line"": ""therefore adv.""}"
though,B1,,,"[""noun"", ""verb"", ""adverb"", ""conjunction""]","{""parts_of_speech"": [""noun"", ""verb"", ""adverb"", ""conjunction""], ""source"": ""Oxford 3000"", ""original_line"": ""though conj. , adv.""}"
throat,B1,,,"[""noun""]","{""parts_of_speech"": [""noun""], ""source"": ""Oxford 3000"", ""original_line"": ""throat n.""}"
throughout,B1,,,"[""verb"", ""adverb"", ""preposition""]","{""parts_of_speech"": [""verb"", ""adverb"", ""preposition""], ""source"": ""Oxford 3000"", ""original_line"": ""throughout prep./adv.""}"
tight,B1,,,"[""adjective""]","{""parts_of_speech"": [""adjective""], ""source"": ""Oxford 3000"", ""original_line"": ""tight adj.""}"
till,B1,,,"[""noun"", ""preposition"", ""conjunction""]","{""parts_of_speech"": [""noun"", ""preposition"", ""conjunction""], ""source"": ""Oxford 3000"", ""original_line"": ""till conj./prep.""}"
tin,B1,,,"[""noun""]","{""parts_of_speech"": [""noun""], ""source"": ""Oxford 3000"", ""original_line"": ""tin n.""}"
tiny,B1,,,"[""adjective""]","{""parts_of_speech"": [""adjective""], ""source"": ""Oxford 3000"", ""original_line"": ""tiny adj.""}"
toe,B1,,,"[""noun""]","{""parts_of_speech"": [""noun""], ""source"": ""Oxford 3000"", ""original_line"": ""toe n.""}"
tongue,B1,,,"[""noun""]","{""parts_of_speech"": [""noun""], ""source"": ""Oxford 3000"", ""original_line"": ""tongue n.""}"
total,B1,,,"[""noun"", ""adjective""]","{""parts_of_speech"": [""noun"", ""adjective""], ""source"": ""Oxford 3000"", ""original_line"": ""total adj. , n.""}"
totally,B1,,,"[""verb"", ""adverb""]","{""parts_of_speech"": [""verb"", ""adverb""], ""source"": ""Oxford 3000"", ""original_line"": ""totally adv.""}"
trade,B1,,,"[""noun"", ""verb""]","{""parts_of_speech"": [""noun"", ""verb""], ""source"": ""Oxford 3000"", ""original_line"": ""trade n. , v.""}"
translate,B1,,,"[""verb""]","{""parts_of_speech"": [""verb""], ""source"": ""Oxford 3000"", ""original_line"": ""translate v.""}"
translation,B1,,,"[""noun""]","{""parts_of_speech"": [""noun""], ""source"": ""Oxford 3000"", ""original_line"": ""translation n.""}"
treat,B1,,,"[""verb""]","{""parts_of_speech"": [""verb""], ""source"": ""Oxford 3000"", ""original_line"": ""treat v.""}"
treatment,B1,,,"[""noun""]","{""parts_of_speech"": [""noun""], ""source"": ""Oxford 3000"", ""original_line"": ""treatment n.""}"
trend,B1,,,"[""noun""]","{""parts_of_speech"": [""noun""], ""source"": ""Oxford 3000"", ""original_line"": ""trend n.""}"
trick,B1,,,"[""noun"", ""verb""]","{""parts_of_speech"": [""noun"", ""verb""], ""source"": ""Oxford 3000"", ""original_line"": ""trick n. , v.""}"
truth,B1,,,"[""noun""]","{""parts_of_speech"": [""noun""], ""source"": ""Oxford 3000"", ""original_line"": ""truth n.""}"
tube,B1,,,"[""noun""]","{""parts_of_speech"": [""noun""], ""source"": ""Oxford 3000"", ""original_line"": ""tube n.""}"
typically,B1,,,"[""verb"", ""adverb""]","{""parts_of_speech"": [""verb"", ""adverb""], ""source"": ""Oxford 3000"", ""original_line"": ""typically adv.""}"
tyre,B1,,,"[""noun""]","{""parts_of_speech"": [""noun""], ""source"": ""Oxford 3000"", ""original_line"": ""tyre n.""}"
ugly,B1,,,"[""adjective""]","{""parts_of_speech"": [""adjective""], ""source"": ""Oxford 3000"", ""original_line"": ""ugly adj.""}"
unable,B1,,,"[""adjective""]","{""parts_of_speech"": [""adjective""], ""source"": ""Oxford 3000"", ""original_line"": ""unable adj.""}"
uncomfortable,B1,,,"[""adjective""]","{""parts_of_speech"": [""adjective""], ""source"": ""Oxford 3000"", ""original_line"": ""uncomfortable adj.""}"
underwear,B1,,,"[""noun""]","{""parts_of_speech"": [""noun""], ""source"": ""Oxford 3000"", ""original_line"": ""underwear n.""}"
unemployed,B1,,,"[""adjective""]","{""parts_of_speech"": [""adjective""], ""source"": ""Oxford 3000"", ""original_line"": ""unemployed adj.""}"
unemployment,B1,,,"[""noun""]","{""parts_of_speech"": [""noun""], ""source"": ""Oxford 3000"", ""original_line"": ""unemployment n.""}"
unfair,B1,,,"[""adjective""]","{""parts_of_speech"": [""adjective""], ""source"": ""Oxford 3000"", ""original_line"": ""unfair adj.""}"
union,B1,,,"[""noun""]","{""parts_of_speech"": [""noun""], ""source"": ""Oxford 3000"", ""original_line"": ""union n.""}"
unless,B1,,,"[""noun"", ""conjunction""]","{""parts_of_speech"": [""noun"", ""conjunction""], ""source"": ""Oxford 3000"", ""original_line"": ""unless conj.""}"
unlike,B1,,,"[""preposition""]","{""parts_of_speech"": [""preposition""], ""source"": ""Oxford 3000"", ""original_line"": ""unlike prep.""}"
unlikely,B1,,,"[""adjective""]","{""parts_of_speech"": [""adjective""], ""source"": ""Oxford 3000"", ""original_line"": ""unlikely adj.""}"
unnecessary,B1,,,"[""adjective""]","{""parts_of_speech"": [""adjective""], ""source"": ""Oxford 3000"", ""original_line"": ""unnecessary adj.""}"
unpleasant,B1,,,"[""adjective""]","{""parts_of_speech"": [""adjective""], ""source"": ""Oxford 3000"", ""original_line"": ""unpleasant adj.""}"
update,B1,,,"[""noun"", ""verb""]","{""parts_of_speech"": [""noun"", ""verb""], ""source"": ""Oxford 3000"", ""original_line"": ""update v. , n.""}"
upon,B1,,,"[""preposition""]","{""parts_of_speech"": [""preposition""], ""source"": ""Oxford 3000"", ""original_line"": ""upon prep.""}"
upset,B1,,,"[""verb"", ""adjective""]","{""parts_of_speech"": [""verb"", ""adjective""], ""source"": ""Oxford 3000"", ""original_line"": ""upset adj. , v.""}"
valuable,B1,,,"[""adjective""]","{""parts_of_speech"": [""adjective""], ""source"": ""Oxford 3000"", ""original_line"": ""valuable adj.""}"
value,B1,,,"[""noun"", ""verb"", ""adjective""]","{""parts_of_speech"": [""noun"", ""verb"", ""adjective""], ""source"": ""Oxford 3000"", ""original_line"": ""value n.various adj.""}"
version,B1,,,"[""noun""]","{""parts_of_speech"": [""noun""], ""source"": ""Oxford 3000"", ""original_line"": ""version n.""}"
victim,B1,,,"[""noun""]","{""parts_of_speech"": [""noun""], ""source"": ""Oxford 3000"", ""original_line"": ""victim n.""}"
viewer,B1,,,"[""noun""]","{""parts_of_speech"": [""noun""], ""source"": ""Oxford 3000"", ""original_line"": ""viewer n.""}"
violent,B1,,,"[""adjective""]","{""parts_of_speech"": [""adjective""], ""source"": ""Oxford 3000"", ""original_line"": ""violent adj.""}"
volunteer,B1,,,"[""noun"", ""verb""]","{""parts_of_speech"": [""noun"", ""verb""], ""source"": ""Oxford 3000"", ""original_line"": ""volunteer n. , v.""}"
vote,B1,,,"[""noun"", ""verb""]","{""parts_of_speech"": [""noun"", ""verb""], ""source"": ""Oxford 3000"", ""original_line"": ""vote n. , v.""}"
warn,B1,,,"[""verb""]","{""parts_of_speech"": [""verb""], ""source"": ""Oxford 3000"", ""original_line"": ""warn v.""}"
warning,B1,,,"[""noun""]","{""parts_of_speech"": [""noun""], ""source"": ""Oxford 3000"", ""original_line"": ""warning n.""}"
waste,B1,,,"[""noun"", ""verb"", ""adjective""]","{""parts_of_speech"": [""noun"", ""verb"", ""adjective""], ""source"": ""Oxford 3000"", ""original_line"": ""waste n. , v., adj.""}"
weapon,B1,,,"[""noun""]","{""parts_of_speech"": [""noun""], ""source"": ""Oxford 3000"", ""original_line"": ""weapon n.""}"
weigh,B1,,,"[""verb""]","{""parts_of_speech"": [""verb""], ""source"": ""Oxford 3000"", ""original_line"": ""weigh v.""}"
western,B1,,,"[""adjective""]","{""parts_of_speech"": [""adjective""], ""source"": ""Oxford 3000"", ""original_line"": ""western adj.""}"
whatever,B1,,,"[""noun"", ""determiner"", ""pronoun""]","{""parts_of_speech"": [""noun"", ""determiner"", ""pronoun""], ""source"": ""Oxford 3000"", ""original_line"": ""whatever det./pron.""}"
whenever,B1,,,"[""noun"", ""conjunction""]","{""parts_of_speech"": [""noun"", ""conjunction""], ""source"": ""Oxford 3000"", ""original_line"": ""whenever conj.""}"
whether,B1,,,"[""noun"", ""conjunction""]","{""parts_of_speech"": [""noun"", ""conjunction""], ""source"": ""Oxford 3000"", ""original_line"": ""whether conj.""}"
wing,B1,,,"[""noun""]","{""parts_of_speech"": [""noun""], ""source"": ""Oxford 3000"", ""original_line"": ""wing n.""}"
within,B1,,,"[""preposition""]","{""parts_of_speech"": [""preposition""], ""source"": ""Oxford 3000"", ""original_line"": ""within prep.""}"
wonder,B1,,,"[""noun"", ""verb""]","{""parts_of_speech"": [""noun"", ""verb""], ""source"": ""Oxford 3000"", ""original_line"": ""wonder v. , n.""}"
wool,B1,,,"[""noun""]","{""parts_of_speech"": [""noun""], ""source"": ""Oxford 3000"", ""original_line"": ""wool n.""}"
worldwide,B1,,,"[""verb"", ""adjective"", ""adverb""]","{""parts_of_speech"": [""verb"", ""adjective"", ""adverb""], ""source"": ""Oxford 3000"", ""original_line"": ""worldwide adj. , adv.""}"
worth,B1,,,"[""adjective""]","{""parts_of_speech"": [""adjective""], ""source"": ""Oxford 3000"", ""original_line"": ""worth adj.""}"
written,B1,,,"[""adjective""]","{""parts_of_speech"": [""adjective""], ""source"": ""Oxford 3000"", ""original_line"": ""written adj.""}"
yard,B1,,,"[""noun""]","{""parts_of_speech"": [""noun""], ""source"": ""Oxford 3000"", ""original_line"": ""yard n.""}"
youth,B1,,,"[""noun""]","{""parts_of_speech"": [""noun""], ""source"": ""Oxford 3000"", ""original_line"": ""youth n.""}"
abandon,B2,,,"[""verb""]","{""parts_of_speech"": [""verb""], ""source"": ""Oxford 3000"", ""original_line"": ""abandon v.""}"
absolute,B2,,,"[""adjective""]","{""parts_of_speech"": [""adjective""], ""source"": ""Oxford 3000"", ""original_line"": ""absolute adj.""}"
academic,B2,,,"[""noun""]","{""parts_of_speech"": [""noun""], ""source"": ""Oxford 3000"", ""original_line"": ""academic n.""}"
acceptable,B2,,,"[""adjective""]","{""parts_of_speech"": [""adjective""], ""source"": ""Oxford 3000"", ""original_line"": ""acceptable adj.""}"
accompany,B2,,,"[""verb""]","{""parts_of_speech"": [""verb""], ""source"": ""Oxford 3000"", ""original_line"": ""accompany v.""}"
accurate,B2,,,"[""adjective""]","{""parts_of_speech"": [""adjective""], ""source"": ""Oxford 3000"", ""original_line"": ""accurate adj.""}"
accuse,B2,,,"[""verb""]","{""parts_of_speech"": [""verb""], ""source"": ""Oxford 3000"", ""original_line"": ""accuse v.""}"
acknowledge,B2,,,"[""verb""]","{""parts_of_speech"": [""verb""], ""source"": ""Oxford 3000"", ""original_line"": ""acknowledge v.""}"
acquire,B2,,,"[""verb""]","{""parts_of_speech"": [""verb""], ""source"": ""Oxford 3000"", ""original_line"": ""acquire v.""}"
actual,B2,,,"[""adjective""]","{""parts_of_speech"": [""adjective""], ""source"": ""Oxford 3000"", ""original_line"": ""actual adj.""}"
adapt,B2,,,"[""verb""]","{""parts_of_speech"": [""verb""], ""source"": ""Oxford 3000"", ""original_line"": ""adapt v.""}"
additional,B2,,,"[""adjective""]","{""parts_of_speech"": [""adjective""], ""source"": ""Oxford 3000"", ""original_line"": ""additional adj.""}"
administration,B2,,,"[""noun""]","{""parts_of_speech"": [""noun""], ""source"": ""Oxford 3000"", ""original_line"": ""administration n.""}"
adopt,B2,,,"[""verb""]","{""parts_of_speech"": [""verb""], ""source"": ""Oxford 3000"", ""original_line"": ""adopt v.""}"
advance,B2,,,"[""noun"", ""verb"", ""adjective""]","{""parts_of_speech"": [""noun"", ""verb"", ""adjective""], ""source"": ""Oxford 3000"", ""original_line"": ""advance n. , v., adj.""}"
affair,B2,,,"[""noun""]","{""parts_of_speech"": [""noun""], ""source"": ""Oxford 3000"", ""original_line"": ""affair n.""}"
afterwards,B2,,,"[""verb"", ""adverb""]","{""parts_of_speech"": [""verb"", ""adverb""], ""source"": ""Oxford 3000"", ""original_line"": ""afterwards adv.""}"
agency,B2,,,"[""noun""]","{""parts_of_speech"": [""noun""], ""source"": ""Oxford 3000"", ""original_line"": ""agency n.""}"
agenda,B2,,,"[""noun""]","{""parts_of_speech"": [""noun""], ""source"": ""Oxford 3000"", ""original_line"": ""agenda n.""}"
aggressive,B2,,,"[""adjective""]","{""parts_of_speech"": [""adjective""], ""source"": ""Oxford 3000"", ""original_line"": ""aggressive adj.""}"
aid,B2,,,"[""noun"", ""verb""]","{""parts_of_speech"": [""noun"", ""verb""], ""source"": ""Oxford 3000"", ""original_line"": ""aid n. , v.""}"
aircraft,B2,,,"[""noun""]","{""parts_of_speech"": [""noun""], ""source"": ""Oxford 3000"", ""original_line"": ""aircraft n.""}"
alter,B2,,,"[""verb""]","{""parts_of_speech"": [""verb""], ""source"": ""Oxford 3000"", ""original_line"": ""alter v.""}"
anger,B2,,,"[""noun""]","{""parts_of_speech"": [""noun""], ""source"": ""Oxford 3000"", ""original_line"": ""anger n.angle n.""}"
anniversary,B2,,,"[""noun""]","{""parts_of_speech"": [""noun""], ""source"": ""Oxford 3000"", ""original_line"": ""anniversary n.""}"
annual,B2,,,"[""adjective""]","{""parts_of_speech"": [""adjective""], ""source"": ""Oxford 3000"", ""original_line"": ""annual adj.""}"
anxious,B2,,,"[""adjective""]","{""parts_of_speech"": [""adjective""], ""source"": ""Oxford 3000"", ""original_line"": ""anxious adj.""}"
apparent,B2,,,"[""adjective""]","{""parts_of_speech"": [""adjective""], ""source"": ""Oxford 3000"", ""original_line"": ""apparent adj.""}"
apparently,B2,,,"[""verb"", ""adverb""]","{""parts_of_speech"": [""verb"", ""adverb""], ""source"": ""Oxford 3000"", ""original_line"": ""apparently adv.""}"
appeal,B2,,,"[""noun"", ""verb""]","{""parts_of_speech"": [""noun"", ""verb""], ""source"": ""Oxford 3000"", ""original_line"": ""appeal n. , v.""}"
approach,B2,,,"[""noun"", ""verb""]","{""parts_of_speech"": [""noun"", ""verb""], ""source"": ""Oxford 3000"", ""original_line"": ""approach n. , v.""}"
appropriate,B2,,,"[""adjective""]","{""parts_of_speech"": [""adjective""], ""source"": ""Oxford 3000"", ""original_line"": ""appropriate adj.""}"
approval,B2,,,"[""noun""]","{""parts_of_speech"": [""noun""], ""source"": ""Oxford 3000"", ""original_line"": ""approval n.""}"
approve,B2,,,"[""verb""]","{""parts_of_speech"": [""verb""], ""source"": ""Oxford 3000"", ""original_line"": ""approve v.""}"
arise,B2,,,"[""verb""]","{""parts_of_speech"": [""verb""], ""source"": ""Oxford 3000"", ""original_line"": ""arise v.""}"
armed,B2,,,"[""adjective""]","{""parts_of_speech"": [""adjective""], ""source"": ""Oxford 3000"", ""original_line"": ""armed adj.""}"
arms,B2,,,"[""noun""]","{""parts_of_speech"": [""noun""], ""source"": ""Oxford 3000"", ""original_line"": ""arms n.""}"
artificial,B2,,,"[""adjective""]","{""parts_of_speech"": [""adjective""], ""source"": ""Oxford 3000"", ""original_line"": ""artificial adj.""}"
artistic,B2,,,"[""adjective""]","{""parts_of_speech"": [""adjective""], ""source"": ""Oxford 3000"", ""original_line"": ""artistic adj.""}"
ashamed,B2,,,"[""adjective""]","{""parts_of_speech"": [""adjective""], ""source"": ""Oxford 3000"", ""original_line"": ""ashamed adj.""}"
aspect,B2,,,"[""noun""]","{""parts_of_speech"": [""noun""], ""source"": ""Oxford 3000"", ""original_line"": ""aspect n.""}"
assess,B2,,,"[""verb""]","{""parts_of_speech"": [""verb""], ""source"": ""Oxford 3000"", ""original_line"": ""assess v.""}"
assessment,B2,,,"[""noun""]","{""parts_of_speech"": [""noun""], ""source"": ""Oxford 3000"", ""original_line"": ""assessment n.""}"
associate,B2,,,"[""verb""]","{""parts_of_speech"": [""verb""], ""source"": ""Oxford 3000"", ""original_line"": ""associate v.""}"
associated,B2,,,"[""adjective""]","{""parts_of_speech"": [""adjective""], ""source"": ""Oxford 3000"", ""original_line"": ""associated adj.""}"
association,B2,,,"[""noun""]","{""parts_of_speech"": [""noun""], ""source"": ""Oxford 3000"", ""original_line"": ""association n.""}"
assume,B2,,,"[""verb""]","{""parts_of_speech"": [""verb""], ""source"": ""Oxford 3000"", ""original_line"": ""assume v.""}"
attempt,B2,,,"[""noun"", ""verb""]","{""parts_of_speech"": [""noun"", ""verb""], ""source"": ""Oxford 3000"", ""original_line"": ""attempt n. , v.""}"
bacteria,B2,,,"[""noun""]","{""parts_of_speech"": [""noun""], ""source"": ""Oxford 3000"", ""original_line"": ""bacteria n.""}"
barrier,B2,,,"[""noun""]","{""parts_of_speech"": [""noun""], ""source"": ""Oxford 3000"", ""original_line"": ""barrier n.""}"
basically,B2,,,"[""verb"", ""adverb""]","{""parts_of_speech"": [""verb"", ""adverb""], ""source"": ""Oxford 3000"", ""original_line"": ""basically adv.""}"
beg,B2,,,"[""verb""]","{""parts_of_speech"": [""verb""], ""source"": ""Oxford 3000"", ""original_line"": ""beg v.""}"
being,B2,,,"[""noun""]","{""parts_of_speech"": [""noun""], ""source"": ""Oxford 3000"", ""original_line"": ""being n.""}"
bent,B2,,,"[""adjective""]","{""parts_of_speech"": [""adjective""], ""source"": ""Oxford 3000"", ""original_line"": ""bent adj.""}"
bet,B2,,,"[""noun"", ""verb""]","{""parts_of_speech"": [""noun"", ""verb""], ""source"": ""Oxford 3000"", ""original_line"": ""bet v. , n.""}"
beyond,B2,,,"[""verb"", ""adverb"", ""preposition""]","{""parts_of_speech"": [""verb"", ""adverb"", ""preposition""], ""source"": ""Oxford 3000"", ""original_line"": ""beyond prep. , adv.""}"
bitter,B2,,,"[""adjective""]","{""parts_of_speech"": [""adjective""], ""source"": ""Oxford 3000"", ""original_line"": ""bitter adj.""}"
blame,B2,,,"[""noun"", ""verb""]","{""parts_of_speech"": [""noun"", ""verb""], ""source"": ""Oxford 3000"", ""original_line"": ""blame v. , n.""}"
blind,B2,,,"[""adjective""]","{""parts_of_speech"": [""adjective""], ""source"": ""Oxford 3000"", ""original_line"": ""blind adj.""}"
bond,B2,,,"[""noun""]","{""parts_of_speech"": [""noun""], ""source"": ""Oxford 3000"", ""original_line"": ""bond n.""}"
breast,B2,,,"[""noun""]","{""parts_of_speech"": [""noun""], ""source"": ""Oxford 3000"", ""original_line"": ""breast n.""}"
brief,B2,,,"[""adjective""]","{""parts_of_speech"": [""adjective""], ""source"": ""Oxford 3000"", ""original_line"": ""brief adj.""}"
broad,B2,,,"[""adjective""]","{""parts_of_speech"": [""adjective""], ""source"": ""Oxford 3000"", ""original_line"": ""broad adj.""}"
broadcast,B2,,,"[""noun"", ""verb""]","{""parts_of_speech"": [""noun"", ""verb""], ""source"": ""Oxford 3000"", ""original_line"": ""broadcast v. , n.""}"
budget,B2,,,"[""noun""]","{""parts_of_speech"": [""noun""], ""source"": ""Oxford 3000"", ""original_line"": ""budget n.""}"
bullet,B2,,,"[""noun""]","{""parts_of_speech"": [""noun""], ""source"": ""Oxford 3000"", ""original_line"": ""bullet n.""}"
bunch,B2,,,"[""noun""]","{""parts_of_speech"": [""noun""], ""source"": ""Oxford 3000"", ""original_line"": ""bunch n.""}"
bush,B2,,,"[""noun""]","{""parts_of_speech"": [""noun""], ""source"": ""Oxford 3000"", ""original_line"": ""bush n.""}"
cable,B2,,,"[""noun""]","{""parts_of_speech"": [""noun""], ""source"": ""Oxford 3000"", ""original_line"": ""cable n.""}"
calculate,B2,,,"[""verb""]","{""parts_of_speech"": [""verb""], ""source"": ""Oxford 3000"", ""original_line"": ""calculate v.""}"
cancel,B2,,,"[""verb""]","{""parts_of_speech"": [""verb""], ""source"": ""Oxford 3000"", ""original_line"": ""cancel v.""}"
cancer,B2,,,"[""noun""]","{""parts_of_speech"": [""noun""], ""source"": ""Oxford 3000"", ""original_line"": ""cancer n.""}"
capable,B2,,,"[""adjective""]","{""parts_of_speech"": [""adjective""], ""source"": ""Oxford 3000"", ""original_line"": ""capable adj.""}"
capacity,B2,,,"[""noun""]","{""parts_of_speech"": [""noun""], ""source"": ""Oxford 3000"", ""original_line"": ""capacity n.""}"
capture,B2,,,"[""noun"", ""verb""]","{""parts_of_speech"": [""noun"", ""verb""], ""source"": ""Oxford 3000"", ""original_line"": ""capture v. , n.""}"
cast,B2,,,"[""noun"", ""verb""]","{""parts_of_speech"": [""noun"", ""verb""], ""source"": ""Oxford 3000"", ""original_line"": ""cast n. , v.""}"
cell,B2,,,"[""noun""]","{""parts_of_speech"": [""noun""], ""source"": ""Oxford 3000"", ""original_line"": ""cell n.""}"
chairman,B2,,,"[""noun""]","{""parts_of_speech"": [""noun""], ""source"": ""Oxford 3000"", ""original_line"": ""chairman n.""}"
characteristic,B2,,,"[""noun"", ""adjective""]","{""parts_of_speech"": [""noun"", ""adjective""], ""source"": ""Oxford 3000"", ""original_line"": ""characteristic n. , adj.""}"
circumstance,B2,,,"[""noun""]","{""parts_of_speech"": [""noun""], ""source"": ""Oxford 3000"", ""original_line"": ""circumstance n.""}"
cite,B2,,,"[""verb""]","{""parts_of_speech"": [""verb""], ""source"": ""Oxford 3000"", ""original_line"": ""cite v.""}"
citizen,B2,,,"[""noun""]","{""parts_of_speech"": [""noun""], ""source"": ""Oxford 3000"", ""original_line"": ""citizen n.""}"
civil,B2,,,"[""adjective""]","{""parts_of_speech"": [""adjective""], ""source"": ""Oxford 3000"", ""original_line"": ""civil adj.""}"
classic,B2,,,"[""noun"", ""adjective""]","{""parts_of_speech"": [""noun"", ""adjective""], ""source"": ""Oxford 3000"", ""original_line"": ""classic adj. , n.""}"
closely,B2,,,"[""verb"", ""adverb""]","{""parts_of_speech"": [""verb"", ""adverb""], ""source"": ""Oxford 3000"", ""original_line"": ""closely adv.""}"
collapse,B2,,,"[""noun"", ""verb""]","{""parts_of_speech"": [""noun"", ""verb""], ""source"": ""Oxford 3000"", ""original_line"": ""collapse v. , n.""}"
combination,B2,,,"[""noun""]","{""parts_of_speech"": [""noun""], ""source"": ""Oxford 3000"", ""original_line"": ""combination n.""}"
comfort,B2,,,"[""noun"", ""verb""]","{""parts_of_speech"": [""noun"", ""verb""], ""source"": ""Oxford 3000"", ""original_line"": ""comfort n. , v.""}"
command,B2,,,"[""noun"", ""verb""]","{""parts_of_speech"": [""noun"", ""verb""], ""source"": ""Oxford 3000"", ""original_line"": ""command n. , v.""}"
commission,B2,,,"[""noun"", ""verb""]","{""parts_of_speech"": [""noun"", ""verb""], ""source"": ""Oxford 3000"", ""original_line"": ""commission n. , v.""}"
commitment,B2,,,"[""noun""]","{""parts_of_speech"": [""noun""], ""source"": ""Oxford 3000"", ""original_line"": ""commitment n.""}"
committee,B2,,,"[""noun""]","{""parts_of_speech"": [""noun""], ""source"": ""Oxford 3000"", ""original_line"": ""committee n.""}"
commonly,B2,,,"[""verb"", ""adverb""]","{""parts_of_speech"": [""verb"", ""adverb""], ""source"": ""Oxford 3000"", ""original_line"": ""commonly adv.""}"
complicated,B2,,,"[""adjective""]","{""parts_of_speech"": [""adjective""], ""source"": ""Oxford 3000"", ""original_line"": ""complicated adj.""}"
component,B2,,,"[""noun""]","{""parts_of_speech"": [""noun""], ""source"": ""Oxford 3000"", ""original_line"": ""component n.""}"
concentration,B2,,,"[""noun""]","{""parts_of_speech"": [""noun""], ""source"": ""Oxford 3000"", ""original_line"": ""concentration n.""}"
concept,B2,,,"[""noun""]","{""parts_of_speech"": [""noun""], ""source"": ""Oxford 3000"", ""original_line"": ""concept n.""}"
concern,B2,,,"[""noun"", ""verb""]","{""parts_of_speech"": [""noun"", ""verb""], ""source"": ""Oxford 3000"", ""original_line"": ""concern n. , v.""}"
concerned,B2,,,"[""adjective""]","{""parts_of_speech"": [""adjective""], ""source"": ""Oxford 3000"", ""original_line"": ""concerned adj.""}"
conduct,B2,,,"[""noun"", ""verb""]","{""parts_of_speech"": [""noun"", ""verb""], ""source"": ""Oxford 3000"", ""original_line"": ""conduct v. , n.""}"
confidence,B2,,,"[""noun""]","{""parts_of_speech"": [""noun""], ""source"": ""Oxford 3000"", ""original_line"": ""confidence n.""}"
conflict,B2,,,"[""noun"", ""verb""]","{""parts_of_speech"": [""noun"", ""verb""], ""source"": ""Oxford 3000"", ""original_line"": ""conflict n. , v.""}"
confusing,B2,,,"[""adjective""]","{""parts_of_speech"": [""adjective""], ""source"": ""Oxford 3000"", ""original_line"": ""confusing adj.""}"
conscious,B2,,,"[""adjective""]","{""parts_of_speech"": [""adjective""], ""source"": ""Oxford 3000"", ""original_line"": ""conscious adj.""}"
conservative,B2,,,"[""noun"", ""adjective""]","{""parts_of_speech"": [""noun"", ""adjective""], ""source"": ""Oxford 3000"", ""original_line"": ""conservative adj. , n.""}"
consideration,B2,,,"[""noun""]","{""parts_of_speech"": [""noun""], ""source"": ""Oxford 3000"", ""original_line"": ""consideration n.""}"
consistent,B2,,,"[""adjective""]","{""parts_of_speech"": [""adjective""], ""source"": ""Oxford 3000"", ""original_line"": ""consistent adj.""}"
constant,B2,,,"[""adjective""]","{""parts_of_speech"": [""adjective""], ""source"": ""Oxford 3000"", ""original_line"": ""constant adj.""}"
constantly,B2,,,"[""verb"", ""adverb""]","{""parts_of_speech"": [""verb"", ""adverb""], ""source"": ""Oxford 3000"", ""original_line"": ""constantly adv.""}"
construct,B2,,,"[""verb""]","{""parts_of_speech"": [""verb""], ""source"": ""Oxford 3000"", ""original_line"": ""construct v.""}"
construction,B2,,,"[""noun""]","{""parts_of_speech"": [""noun""], ""source"": ""Oxford 3000"", ""original_line"": ""construction n.""}"
contemporary,B2,,,"[""adjective""]","{""parts_of_speech"": [""adjective""], ""source"": ""Oxford 3000"", ""original_line"": ""contemporary adj.""}"
contest,B2,,,"[""noun"", ""verb""]","{""parts_of_speech"": [""noun"", ""verb""], ""source"": ""Oxford 3000"", ""original_line"": ""contest n. , v.""}"
contract,B2,,,"[""noun"", ""verb""]","{""parts_of_speech"": [""noun"", ""verb""], ""source"": ""Oxford 3000"", ""original_line"": ""contract n. , v.""}"
contribute,B2,,,"[""verb""]","{""parts_of_speech"": [""verb""], ""source"": ""Oxford 3000"", ""original_line"": ""contribute v.""}"
contribution,B2,,,"[""noun""]","{""parts_of_speech"": [""noun""], ""source"": ""Oxford 3000"", ""original_line"": ""contribution n.""}"
convert,B2,,,"[""verb""]","{""parts_of_speech"": [""verb""], ""source"": ""Oxford 3000"", ""original_line"": ""convert v.""}"
convinced,B2,,,"[""adjective""]","{""parts_of_speech"": [""adjective""], ""source"": ""Oxford 3000"", ""original_line"": ""convinced adj.""}"
core,B2,,,"[""noun"", ""adjective""]","{""parts_of_speech"": [""noun"", ""adjective""], ""source"": ""Oxford 3000"", ""original_line"": ""core n. , adj.""}"
corporate,B2,,,"[""adjective""]","{""parts_of_speech"": [""adjective""], ""source"": ""Oxford 3000"", ""original_line"": ""corporate adj.""}"
council,B2,,,"[""noun""]","{""parts_of_speech"": [""noun""], ""source"": ""Oxford 3000"", ""original_line"": ""council n.""}"
county,B2,,,"[""noun""]","{""parts_of_speech"": [""noun""], ""source"": ""Oxford 3000"", ""original_line"": ""county n.""}"
courage,B2,,,"[""noun""]","{""parts_of_speech"": [""noun""], ""source"": ""Oxford 3000"", ""original_line"": ""courage n.""}"
crash,B2,,,"[""noun"", ""verb""]","{""parts_of_speech"": [""noun"", ""verb""], ""source"": ""Oxford 3000"", ""original_line"": ""crash n. , v.""}"
creation,B2,,,"[""noun""]","{""parts_of_speech"": [""noun""], ""source"": ""Oxford 3000"", ""original_line"": ""creation n.""}"
creature,B2,,,"[""noun""]","{""parts_of_speech"": [""noun""], ""source"": ""Oxford 3000"", ""original_line"": ""creature n.""}"
crew,B2,,,"[""noun""]","{""parts_of_speech"": [""noun""], ""source"": ""Oxford 3000"", ""original_line"": ""crew n.""}"
crisis,B2,,,"[""noun""]","{""parts_of_speech"": [""noun""], ""source"": ""Oxford 3000"", ""original_line"": ""crisis n.""}"
criterion,B2,,,"[""noun""]","{""parts_of_speech"": [""noun""], ""source"": ""Oxford 3000"", ""original_line"": ""criterion n.""}"
critic,B2,,,"[""noun""]","{""parts_of_speech"": [""noun""], ""source"": ""Oxford 3000"", ""original_line"": ""critic n.""}"
critical,B2,,,"[""adjective""]","{""parts_of_speech"": [""adjective""], ""source"": ""Oxford 3000"", ""original_line"": ""critical adj.""}"
criticism,B2,,,"[""noun""]","{""parts_of_speech"": [""noun""], ""source"": ""Oxford 3000"", ""original_line"": ""criticism n.""}"
criticize,B2,,,"[""verb""]","{""parts_of_speech"": [""verb""], ""source"": ""Oxford 3000"", ""original_line"": ""criticize v.""}"
crop,B2,,,"[""noun""]","{""parts_of_speech"": [""noun""], ""source"": ""Oxford 3000"", ""original_line"": ""crop n.""}"
crucial,B2,,,"[""adjective""]","{""parts_of_speech"": [""adjective""], ""source"": ""Oxford 3000"", ""original_line"": ""crucial adj.""}"
cure,B2,,,"[""noun"", ""verb""]","{""parts_of_speech"": [""noun"", ""verb""], ""source"": ""Oxford 3000"", ""original_line"": ""cure v. , n.""}"
curve,B2,,,"[""noun"", ""verb""]","{""parts_of_speech"": [""noun"", ""verb""], ""source"": ""Oxford 3000"", ""original_line"": ""curve n. , v.""}"
curved,B2,,,"[""adjective""]","{""parts_of_speech"": [""adjective""], ""source"": ""Oxford 3000"", ""original_line"": ""curved adj.""}"
debate,B2,,,"[""noun"", ""verb""]","{""parts_of_speech"": [""noun"", ""verb""], ""source"": ""Oxford 3000"", ""original_line"": ""debate n. , v.""}"
debt,B2,,,"[""noun""]","{""parts_of_speech"": [""noun""], ""source"": ""Oxford 3000"", ""original_line"": ""debt n.""}"
decent,B2,,,"[""adjective""]","{""parts_of_speech"": [""adjective""], ""source"": ""Oxford 3000"", ""original_line"": ""decent adj.""}"
declare,B2,,,"[""verb""]","{""parts_of_speech"": [""verb""], ""source"": ""Oxford 3000"", ""original_line"": ""declare v.""}"
decoration,B2,,,"[""noun""]","{""parts_of_speech"": [""noun""], ""source"": ""Oxford 3000"", ""original_line"": ""decoration n.""}"
decrease,B2,,,"[""noun"", ""verb""]","{""parts_of_speech"": [""noun"", ""verb""], ""source"": ""Oxford 3000"", ""original_line"": ""decrease v. , n.""}"
deeply,B2,,,"[""verb"", ""adverb""]","{""parts_of_speech"": [""verb"", ""adverb""], ""source"": ""Oxford 3000"", ""original_line"": ""deeply adv.""}"
defeat,B2,,,"[""noun"", ""verb""]","{""parts_of_speech"": [""noun"", ""verb""], ""source"": ""Oxford 3000"", ""original_line"": ""defeat v. , n.""}"
defence,B2,,,"[""noun""]","{""parts_of_speech"": [""noun""], ""source"": ""Oxford 3000"", ""original_line"": ""defence n.""}"
defend,B2,,,"[""verb""]","{""parts_of_speech"": [""verb""], ""source"": ""Oxford 3000"", ""original_line"": ""defend v.""}"
delay,B2,,,"[""noun"", ""verb""]","{""parts_of_speech"": [""noun"", ""verb""], ""source"": ""Oxford 3000"", ""original_line"": ""delay v. , n.""}"
deliberate,B2,,,"[""adjective""]","{""parts_of_speech"": [""adjective""], ""source"": ""Oxford 3000"", ""original_line"": ""deliberate adj.""}"
deliberately,B2,,,"[""verb"", ""adverb""]","{""parts_of_speech"": [""verb"", ""adverb""], ""source"": ""Oxford 3000"", ""original_line"": ""deliberately adv.""}"
delight,B2,,,"[""noun"", ""verb""]","{""parts_of_speech"": [""noun"", ""verb""], ""source"": ""Oxford 3000"", ""original_line"": ""delight v. , n.""}"
delighted,B2,,,"[""adjective""]","{""parts_of_speech"": [""adjective""], ""source"": ""Oxford 3000"", ""original_line"": ""delighted adj.""}"
delivery,B2,,,"[""noun""]","{""parts_of_speech"": [""noun""], ""source"": ""Oxford 3000"", ""original_line"": ""delivery n.""}"
demand,B2,,,"[""noun"", ""verb""]","{""parts_of_speech"": [""noun"", ""verb""], ""source"": ""Oxford 3000"", ""original_line"": ""demand n. , v.""}"
demonstrate,B2,,,"[""verb""]","{""parts_of_speech"": [""verb""], ""source"": ""Oxford 3000"", ""original_line"": ""demonstrate v.""}"
deny,B2,,,"[""verb""]","{""parts_of_speech"": [""verb""], ""source"": ""Oxford 3000"", ""original_line"": ""deny v.""}"
depressed,B2,,,"[""adjective""]","{""parts_of_speech"": [""adjective""], ""source"": ""Oxford 3000"", ""original_line"": ""depressed adj.""}"
depressing,B2,,,"[""adjective""]","{""parts_of_speech"": [""adjective""], ""source"": ""Oxford 3000"", ""original_line"": ""depressing adj.""}"
depth,B2,,,"[""noun""]","{""parts_of_speech"": [""noun""], ""source"": ""Oxford 3000"", ""original_line"": ""depth n.""}"
deserve,B2,,,"[""verb""]","{""parts_of_speech"": [""verb""], ""source"": ""Oxford 3000"", ""original_line"": ""deserve v.""}"
desire,B2,,,"[""noun"", ""verb""]","{""parts_of_speech"": [""noun"", ""verb""], ""source"": ""Oxford 3000"", ""original_line"": ""desire n. , v.""}"
desperate,B2,,,"[""adjective""]","{""parts_of_speech"": [""adjective""], ""source"": ""Oxford 3000"", ""original_line"": ""desperate adj.""}"
detailed,B2,,,"[""adjective""]","{""parts_of_speech"": [""adjective""], ""source"": ""Oxford 3000"", ""original_line"": ""detailed adj.""}"
detect,B2,,,"[""verb""]","{""parts_of_speech"": [""verb""], ""source"": ""Oxford 3000"", ""original_line"": ""detect v.""}"
dig,B2,,,"[""verb""]","{""parts_of_speech"": [""verb""], ""source"": ""Oxford 3000"", ""original_line"": ""dig v.""}"
disc,B2,,,"[""noun""]","{""parts_of_speech"": [""noun""], ""source"": ""Oxford 3000"", ""original_line"": ""disc n.""}"
discipline,B2,,,"[""noun""]","{""parts_of_speech"": [""noun""], ""source"": ""Oxford 3000"", ""original_line"": ""discipline n.""}"
dishonest,B2,,,"[""adjective""]","{""parts_of_speech"": [""adjective""], ""source"": ""Oxford 3000"", ""original_line"": ""dishonest adj.""}"
dismiss,B2,,,"[""verb""]","{""parts_of_speech"": [""verb""], ""source"": ""Oxford 3000"", ""original_line"": ""dismiss v.""}"
display,B2,,,"[""noun"", ""verb""]","{""parts_of_speech"": [""noun"", ""verb""], ""source"": ""Oxford 3000"", ""original_line"": ""display v. , n.""}"
distribute,B2,,,"[""verb""]","{""parts_of_speech"": [""verb""], ""source"": ""Oxford 3000"", ""original_line"": ""distribute v.""}"
distribution,B2,,,"[""noun""]","{""parts_of_speech"": [""noun""], ""source"": ""Oxford 3000"", ""original_line"": ""distribution n.""}"
district,B2,,,"[""noun""]","{""parts_of_speech"": [""noun""], ""source"": ""Oxford 3000"", ""original_line"": ""district n.""}"
division,B2,,,"[""noun""]","{""parts_of_speech"": [""noun""], ""source"": ""Oxford 3000"", ""original_line"": ""division n.""}"
domestic,B2,,,"[""adjective""]","{""parts_of_speech"": [""adjective""], ""source"": ""Oxford 3000"", ""original_line"": ""domestic adj.""}"
dominate,B2,,,"[""verb""]","{""parts_of_speech"": [""verb""], ""source"": ""Oxford 3000"", ""original_line"": ""dominate v.""}"
downwards,B2,,,"[""verb"", ""adverb""]","{""parts_of_speech"": [""verb"", ""adverb""], ""source"": ""Oxford 3000"", ""original_line"": ""downwards adv.""}"
dozen,B2,,,"[""noun"", ""determiner""]","{""parts_of_speech"": [""noun"", ""determiner""], ""source"": ""Oxford 3000"", ""original_line"": ""dozen n. , det.""}"
draft,B2,,,"[""noun"", ""verb""]","{""parts_of_speech"": [""noun"", ""verb""], ""source"": ""Oxford 3000"", ""original_line"": ""draft n. , v.""}"
drag,B2,,,"[""verb""]","{""parts_of_speech"": [""verb""], ""source"": ""Oxford 3000"", ""original_line"": ""drag v.""}"
dramatic,B2,,,"[""adjective""]","{""parts_of_speech"": [""adjective""], ""source"": ""Oxford 3000"", ""original_line"": ""dramatic adj.""}"
edit,B2,,,"[""verb""]","{""parts_of_speech"": [""verb""], ""source"": ""Oxford 3000"", ""original_line"": ""edit v.""}"
edition,B2,,,"[""noun""]","{""parts_of_speech"": [""noun""], ""source"": ""Oxford 3000"", ""original_line"": ""edition n.""}"
efficient,B2,,,"[""adjective""]","{""parts_of_speech"": [""adjective""], ""source"": ""Oxford 3000"", ""original_line"": ""efficient adj.""}"
elderly,B2,,,"[""adjective""]","{""parts_of_speech"": [""adjective""], ""source"": ""Oxford 3000"", ""original_line"": ""elderly adj.""}"
elect,B2,,,"[""verb""]","{""parts_of_speech"": [""verb""], ""source"": ""Oxford 3000"", ""original_line"": ""elect v.""}"
elsewhere,B2,,,"[""verb"", ""adverb""]","{""parts_of_speech"": [""verb"", ""adverb""], ""source"": ""Oxford 3000"", ""original_line"": ""elsewhere adv.""}"
emerge,B2,,,"[""verb""]","{""parts_of_speech"": [""verb""], ""source"": ""Oxford 3000"", ""original_line"": ""emerge v.""}"
emotional,B2,,,"[""adjective""]","{""parts_of_speech"": [""adjective""], ""source"": ""Oxford 3000"", ""original_line"": ""emotional adj.""}"
emphasis,B2,,,"[""noun""]","{""parts_of_speech"": [""noun""], ""source"": ""Oxford 3000"", ""original_line"": ""emphasis n.""}"
emphasize,B2,,,"[""verb""]","{""parts_of_speech"": [""verb""], ""source"": ""Oxford 3000"", ""original_line"": ""emphasize v.""}"
enable,B2,,,"[""verb""]","{""parts_of_speech"": [""verb""], ""source"": ""Oxford 3000"", ""original_line"": ""enable v.""}"
encounter,B2,,,"[""noun"", ""verb""]","{""parts_of_speech"": [""noun"", ""verb""], ""source"": ""Oxford 3000"", ""original_line"": ""encounter v. , n.""}"
engage,B2,,,"[""verb""]","{""parts_of_speech"": [""verb""], ""source"": ""Oxford 3000"", ""original_line"": ""engage v.""}"
enhance,B2,,,"[""verb""]","{""parts_of_speech"": [""verb""], ""source"": ""Oxford 3000"", ""original_line"": ""enhance v.""}"
enquiry,B2,,,"[""noun""]","{""parts_of_speech"": [""noun""], ""source"": ""Oxford 3000"", ""original_line"": ""enquiry n.""}"
ensure,B2,,,"[""verb""]","{""parts_of_speech"": [""verb""], ""source"": ""Oxford 3000"", ""original_line"": ""ensure v.""}"
enthusiasm,B2,,,"[""noun""]","{""parts_of_speech"": [""noun""], ""source"": ""Oxford 3000"", ""original_line"": ""enthusiasm n.""}"
enthusiastic,B2,,,"[""adjective""]","{""parts_of_speech"": [""adjective""], ""source"": ""Oxford 3000"", ""original_line"": ""enthusiastic adj.""}"
entire,B2,,,"[""adjective""]","{""parts_of_speech"": [""adjective""], ""source"": ""Oxford 3000"", ""original_line"": ""entire adj.""}"
entirely,B2,,,"[""verb"", ""adverb""]","{""parts_of_speech"": [""verb"", ""adverb""], ""source"": ""Oxford 3000"", ""original_line"": ""entirely adv.""}"
establish,B2,,,"[""verb""]","{""parts_of_speech"": [""verb""], ""source"": ""Oxford 3000"", ""original_line"": ""establish v.""}"
estate,B2,,,"[""noun""]","{""parts_of_speech"": [""noun""], ""source"": ""Oxford 3000"", ""original_line"": ""estate n.""}"
estimate,B2,,,"[""noun"", ""verb"", ""adjective""]","{""parts_of_speech"": [""noun"", ""verb"", ""adjective""], ""source"": ""Oxford 3000"", ""original_line"": ""estimate v. , n.ethical adj.""}"
evaluate,B2,,,"[""verb""]","{""parts_of_speech"": [""verb""], ""source"": ""Oxford 3000"", ""original_line"": ""evaluate v.""}"
even,B2,,,"[""adjective""]","{""parts_of_speech"": [""adjective""], ""source"": ""Oxford 3000"", ""original_line"": ""even adj.""}"
evil,B2,,,"[""noun"", ""adjective""]","{""parts_of_speech"": [""noun"", ""adjective""], ""source"": ""Oxford 3000"", ""original_line"": ""evil adj. , n.""}"
examination,B2,,,"[""noun""]","{""parts_of_speech"": [""noun""], ""source"": ""Oxford 3000"", ""original_line"": ""examination n.""}"
excuse,B2,,,"[""noun"", ""verb""]","{""parts_of_speech"": [""noun"", ""verb""], ""source"": ""Oxford 3000"", ""original_line"": ""excuse n. , v.""}"
executive,B2,,,"[""noun"", ""adjective""]","{""parts_of_speech"": [""noun"", ""adjective""], ""source"": ""Oxford 3000"", ""original_line"": ""executive n. , adj.""}"
existence,B2,,,"[""noun""]","{""parts_of_speech"": [""noun""], ""source"": ""Oxford 3000"", ""original_line"": ""existence n.""}"
expectation,B2,,,"[""noun""]","{""parts_of_speech"": [""noun""], ""source"": ""Oxford 3000"", ""original_line"": ""expectation n.""}"
expense,B2,,,"[""noun""]","{""parts_of_speech"": [""noun""], ""source"": ""Oxford 3000"", ""original_line"": ""expense n.""}"
exploration,B2,,,"[""noun""]","{""parts_of_speech"": [""noun""], ""source"": ""Oxford 3000"", ""original_line"": ""exploration n.""}"
expose,B2,,,"[""verb""]","{""parts_of_speech"": [""verb""], ""source"": ""Oxford 3000"", ""original_line"": ""expose v.""}"
extend,B2,,,"[""verb""]","{""parts_of_speech"": [""verb""], ""source"": ""Oxford 3000"", ""original_line"": ""extend v.""}"
extent,B2,,,"[""noun""]","{""parts_of_speech"": [""noun""], ""source"": ""Oxford 3000"", ""original_line"": ""extent n.""}"
external,B2,,,"[""adjective""]","{""parts_of_speech"": [""adjective""], ""source"": ""Oxford 3000"", ""original_line"": ""external adj.""}"
extraordinary,B2,,,"[""adjective""]","{""parts_of_speech"": [""adjective""], ""source"": ""Oxford 3000"", ""original_line"": ""extraordinary adj.""}"
facility,B2,,,"[""noun""]","{""parts_of_speech"": [""noun""], ""source"": ""Oxford 3000"", ""original_line"": ""facility n.""}"
failure,B2,,,"[""noun""]","{""parts_of_speech"": [""noun""], ""source"": ""Oxford 3000"", ""original_line"": ""failure n.""}"
faith,B2,,,"[""noun""]","{""parts_of_speech"": [""noun""], ""source"": ""Oxford 3000"", ""original_line"": ""faith n.""}"
fault,B2,,,"[""noun""]","{""parts_of_speech"": [""noun""], ""source"": ""Oxford 3000"", ""original_line"": ""fault n.""}"
feather,B2,,,"[""noun""]","{""parts_of_speech"": [""noun""], ""source"": ""Oxford 3000"", ""original_line"": ""feather n.""}"
fee,B2,,,"[""noun""]","{""parts_of_speech"": [""noun""], ""source"": ""Oxford 3000"", ""original_line"": ""fee n.""}"
feedback,B2,,,"[""noun""]","{""parts_of_speech"": [""noun""], ""source"": ""Oxford 3000"", ""original_line"": ""feedback n.""}"
fellow,B2,,,"[""adjective""]","{""parts_of_speech"": [""adjective""], ""source"": ""Oxford 3000"", ""original_line"": ""fellow adj.""}"
finance,B2,,,"[""noun"", ""verb""]","{""parts_of_speech"": [""noun"", ""verb""], ""source"": ""Oxford 3000"", ""original_line"": ""finance n. , v.""}"
finding,B2,,,"[""noun""]","{""parts_of_speech"": [""noun""], ""source"": ""Oxford 3000"", ""original_line"": ""finding n.""}"
firm,B2,,,"[""noun""]","{""parts_of_speech"": [""noun""], ""source"": ""Oxford 3000"", ""original_line"": ""firm n.""}"
flame,B2,,,"[""noun""]","{""parts_of_speech"": [""noun""], ""source"": ""Oxford 3000"", ""original_line"": ""flame n.""}"
flash,B2,,,"[""noun"", ""verb""]","{""parts_of_speech"": [""noun"", ""verb""], ""source"": ""Oxford 3000"", ""original_line"": ""flash n. , v.""}"
flexible,B2,,,"[""adjective""]","{""parts_of_speech"": [""adjective""], ""source"": ""Oxford 3000"", ""original_line"": ""flexible adj.""}"
float,B2,,,"[""verb""]","{""parts_of_speech"": [""verb""], ""source"": ""Oxford 3000"", ""original_line"": ""float v.""}"
folding,B2,,,"[""adjective""]","{""parts_of_speech"": [""adjective""], ""source"": ""Oxford 3000"", ""original_line"": ""folding adj.""}"
forgive,B2,,,"[""verb""]","{""parts_of_speech"": [""verb""], ""source"": ""Oxford 3000"", ""original_line"": ""forgive v.""}"
former,B2,,,"[""adjective""]","{""parts_of_speech"": [""adjective""], ""source"": ""Oxford 3000"", ""original_line"": ""former adj.""}"
fortune,B2,,,"[""noun""]","{""parts_of_speech"": [""noun""], ""source"": ""Oxford 3000"", ""original_line"": ""fortune n.""}"
found,B2,,,"[""verb""]","{""parts_of_speech"": [""verb""], ""source"": ""Oxford 3000"", ""original_line"": ""found v.""}"
freedom,B2,,,"[""noun""]","{""parts_of_speech"": [""noun""], ""source"": ""Oxford 3000"", ""original_line"": ""freedom n.""}"
frequency,B2,,,"[""noun""]","{""parts_of_speech"": [""noun""], ""source"": ""Oxford 3000"", ""original_line"": ""frequency n.""}"
fully,B2,,,"[""verb"", ""adverb""]","{""parts_of_speech"": [""verb"", ""adverb""], ""source"": ""Oxford 3000"", ""original_line"": ""fully adv.""}"
fund,B2,,,"[""noun"", ""verb""]","{""parts_of_speech"": [""noun"", ""verb""], ""source"": ""Oxford 3000"", ""original_line"": ""fund n. , v.""}"
fundamental,B2,,,"[""adjective""]","{""parts_of_speech"": [""adjective""], ""source"": ""Oxford 3000"", ""original_line"": ""fundamental adj.""}"
funding,B2,,,"[""noun""]","{""parts_of_speech"": [""noun""], ""source"": ""Oxford 3000"", ""original_line"": ""funding n.""}"
furthermore,B2,,,"[""verb"", ""adverb""]","{""parts_of_speech"": [""verb"", ""adverb""], ""source"": ""Oxford 3000"", ""original_line"": ""furthermore adv.""}"
gain,B2,,,"[""noun"", ""verb""]","{""parts_of_speech"": [""noun"", ""verb""], ""source"": ""Oxford 3000"", ""original_line"": ""gain v. , n.""}"
gang,B2,,,"[""noun""]","{""parts_of_speech"": [""noun""], ""source"": ""Oxford 3000"", ""original_line"": ""gang n.""}"
generate,B2,,,"[""verb""]","{""parts_of_speech"": [""verb""], ""source"": ""Oxford 3000"", ""original_line"": ""generate v.""}"
genre,B2,,,"[""noun""]","{""parts_of_speech"": [""noun""], ""source"": ""Oxford 3000"", ""original_line"": ""genre n.""}"
govern,B2,,,"[""verb""]","{""parts_of_speech"": [""verb""], ""source"": ""Oxford 3000"", ""original_line"": ""govern v.""}"
grab,B2,,,"[""verb""]","{""parts_of_speech"": [""verb""], ""source"": ""Oxford 3000"", ""original_line"": ""grab v.""}"
gradually,B2,,,"[""verb"", ""adverb""]","{""parts_of_speech"": [""verb"", ""adverb""], ""source"": ""Oxford 3000"", ""original_line"": ""gradually adv.""}"
grand,B2,,,"[""adjective""]","{""parts_of_speech"": [""adjective""], ""source"": ""Oxford 3000"", ""original_line"": ""grand adj.""}"
grant,B2,,,"[""noun"", ""verb""]","{""parts_of_speech"": [""noun"", ""verb""], ""source"": ""Oxford 3000"", ""original_line"": ""grant v. , n.""}"
guarantee,B2,,,"[""noun"", ""verb""]","{""parts_of_speech"": [""noun"", ""verb""], ""source"": ""Oxford 3000"", ""original_line"": ""guarantee v. , n.""}"
handle,B2,,,"[""noun"", ""verb""]","{""parts_of_speech"": [""noun"", ""verb""], ""source"": ""Oxford 3000"", ""original_line"": ""handle v. , n.""}"
harm,B2,,,"[""noun"", ""verb""]","{""parts_of_speech"": [""noun"", ""verb""], ""source"": ""Oxford 3000"", ""original_line"": ""harm n. , v.""}"
harmful,B2,,,"[""noun"", ""adjective""]","{""parts_of_speech"": [""noun"", ""adjective""], ""source"": ""Oxford 3000"", ""original_line"": ""harmful adj.hearing n.""}"
heaven,B2,,,"[""noun""]","{""parts_of_speech"": [""noun""], ""source"": ""Oxford 3000"", ""original_line"": ""heaven n.""}"
heel,B2,,,"[""noun""]","{""parts_of_speech"": [""noun""], ""source"": ""Oxford 3000"", ""original_line"": ""heel n.""}"
hell,B2,,,"[""noun""]","{""parts_of_speech"": [""noun""], ""source"": ""Oxford 3000"", ""original_line"": ""hell n.""}"
hesitate,B2,,,"[""verb""]","{""parts_of_speech"": [""verb""], ""source"": ""Oxford 3000"", ""original_line"": ""hesitate v.""}"
hollow,B2,,,"[""adjective""]","{""parts_of_speech"": [""adjective""], ""source"": ""Oxford 3000"", ""original_line"": ""hollow adj.""}"
holy,B2,,,"[""adjective""]","{""parts_of_speech"": [""adjective""], ""source"": ""Oxford 3000"", ""original_line"": ""holy adj.""}"
honour,B2,,,"[""noun"", ""verb""]","{""parts_of_speech"": [""noun"", ""verb""], ""source"": ""Oxford 3000"", ""original_line"": ""honour n. , v.""}"
household,B2,,,"[""noun""]","{""parts_of_speech"": [""noun""], ""source"": ""Oxford 3000"", ""original_line"": ""household n.""}"
housing,B2,,,"[""noun""]","{""parts_of_speech"": [""noun""], ""source"": ""Oxford 3000"", ""original_line"": ""housing n.""}"
humorous,B2,,,"[""adjective""]","{""parts_of_speech"": [""adjective""], ""source"": ""Oxford 3000"", ""original_line"": ""humorous adj.""}"
humour,B2,,,"[""noun""]","{""parts_of_speech"": [""noun""], ""source"": ""Oxford 3000"", ""original_line"": ""humour n.""}"
hunting,B2,,,"[""noun""]","{""parts_of_speech"": [""noun""], ""source"": ""Oxford 3000"", ""original_line"": ""hunting n.""}"
illustrate,B2,,,"[""verb""]","{""parts_of_speech"": [""verb""], ""source"": ""Oxford 3000"", ""original_line"": ""illustrate v.""}"
illustration,B2,,,"[""noun""]","{""parts_of_speech"": [""noun""], ""source"": ""Oxford 3000"", ""original_line"": ""illustration n.""}"
imagination,B2,,,"[""noun""]","{""parts_of_speech"": [""noun""], ""source"": ""Oxford 3000"", ""original_line"": ""imagination n.""}"
impatient,B2,,,"[""adjective""]","{""parts_of_speech"": [""adjective""], ""source"": ""Oxford 3000"", ""original_line"": ""impatient adj.""}"
imply,B2,,,"[""verb""]","{""parts_of_speech"": [""verb""], ""source"": ""Oxford 3000"", ""original_line"": ""imply v.""}"
impose,B2,,,"[""verb""]","{""parts_of_speech"": [""verb""], ""source"": ""Oxford 3000"", ""original_line"": ""impose v.""}"
impress,B2,,,"[""verb""]","{""parts_of_speech"": [""verb""], ""source"": ""Oxford 3000"", ""original_line"": ""impress v.""}"
impressed,B2,,,"[""adjective""]","{""parts_of_speech"": [""adjective""], ""source"": ""Oxford 3000"", ""original_line"": ""impressed adj.""}"
inch,B2,,,"[""noun""]","{""parts_of_speech"": [""noun""], ""source"": ""Oxford 3000"", ""original_line"": ""inch n.""}"
incident,B2,,,"[""noun""]","{""parts_of_speech"": [""noun""], ""source"": ""Oxford 3000"", ""original_line"": ""incident n.""}"
income,B2,,,"[""noun""]","{""parts_of_speech"": [""noun""], ""source"": ""Oxford 3000"", ""original_line"": ""income n.""}"
increasingly,B2,,,"[""verb"", ""adverb""]","{""parts_of_speech"": [""verb"", ""adverb""], ""source"": ""Oxford 3000"", ""original_line"": ""increasingly adv.""}"
industrial,B2,,,"[""adjective""]","{""parts_of_speech"": [""adjective""], ""source"": ""Oxford 3000"", ""original_line"": ""industrial adj.""}"
infection,B2,,,"[""noun""]","{""parts_of_speech"": [""noun""], ""source"": ""Oxford 3000"", ""original_line"": ""infection n.""}"
inform,B2,,,"[""verb""]","{""parts_of_speech"": [""verb""], ""source"": ""Oxford 3000"", ""original_line"": ""inform v.""}"
initial,B2,,,"[""adjective""]","{""parts_of_speech"": [""adjective""], ""source"": ""Oxford 3000"", ""original_line"": ""initial adj.""}"
initially,B2,,,"[""verb"", ""adverb""]","{""parts_of_speech"": [""verb"", ""adverb""], ""source"": ""Oxford 3000"", ""original_line"": ""initially adv.""}"
initiative,B2,,,"[""noun""]","{""parts_of_speech"": [""noun""], ""source"": ""Oxford 3000"", ""original_line"": ""initiative n.""}"
inner,B2,,,"[""adjective""]","{""parts_of_speech"": [""adjective""], ""source"": ""Oxford 3000"", ""original_line"": ""inner adj.""}"
insight,B2,,,"[""noun""]","{""parts_of_speech"": [""noun""], ""source"": ""Oxford 3000"", ""original_line"": ""insight n.""}"
insist,B2,,,"[""verb""]","{""parts_of_speech"": [""verb""], ""source"": ""Oxford 3000"", ""original_line"": ""insist v.""}"
inspire,B2,,,"[""verb""]","{""parts_of_speech"": [""verb""], ""source"": ""Oxford 3000"", ""original_line"": ""inspire v.""}"
install,B2,,,"[""verb""]","{""parts_of_speech"": [""verb""], ""source"": ""Oxford 3000"", ""original_line"": ""install v.""}"
instance,B2,,,"[""noun""]","{""parts_of_speech"": [""noun""], ""source"": ""Oxford 3000"", ""original_line"": ""instance n.""}"
institute,B2,,,"[""noun""]","{""parts_of_speech"": [""noun""], ""source"": ""Oxford 3000"", ""original_line"": ""institute n.""}"
institution,B2,,,"[""noun""]","{""parts_of_speech"": [""noun""], ""source"": ""Oxford 3000"", ""original_line"": ""institution n.""}"
insurance,B2,,,"[""noun""]","{""parts_of_speech"": [""noun""], ""source"": ""Oxford 3000"", ""original_line"": ""insurance n.""}"
intended,B2,,,"[""adjective""]","{""parts_of_speech"": [""adjective""], ""source"": ""Oxford 3000"", ""original_line"": ""intended adj.""}"
intense,B2,,,"[""adjective""]","{""parts_of_speech"": [""adjective""], ""source"": ""Oxford 3000"", ""original_line"": ""intense adj.""}"
internal,B2,,,"[""adjective""]","{""parts_of_speech"": [""adjective""], ""source"": ""Oxford 3000"", ""original_line"": ""internal adj.""}"
interpret,B2,,,"[""verb""]","{""parts_of_speech"": [""verb""], ""source"": ""Oxford 3000"", ""original_line"": ""interpret v.""}"
interrupt,B2,,,"[""verb""]","{""parts_of_speech"": [""verb""], ""source"": ""Oxford 3000"", ""original_line"": ""interrupt v.""}"
investigation,B2,,,"[""noun""]","{""parts_of_speech"": [""noun""], ""source"": ""Oxford 3000"", ""original_line"": ""investigation n.""}"
investment,B2,,,"[""noun""]","{""parts_of_speech"": [""noun""], ""source"": ""Oxford 3000"", ""original_line"": ""investment n.""}"
joy,B2,,,"[""noun""]","{""parts_of_speech"": [""noun""], ""source"": ""Oxford 3000"", ""original_line"": ""joy n.""}"
judgement,B2,,,"[""noun""]","{""parts_of_speech"": [""noun""], ""source"": ""Oxford 3000"", ""original_line"": ""judgement n.""}"
junior,B2,,,"[""adjective""]","{""parts_of_speech"": [""adjective""], ""source"": ""Oxford 3000"", ""original_line"": ""junior adj.""}"
justice,B2,,,"[""noun""]","{""parts_of_speech"": [""noun""], ""source"": ""Oxford 3000"", ""original_line"": ""justice n.""}"
justify,B2,,,"[""verb""]","{""parts_of_speech"": [""verb""], ""source"": ""Oxford 3000"", ""original_line"": ""justify v.""}"
labour,B2,,,"[""noun""]","{""parts_of_speech"": [""noun""], ""source"": ""Oxford 3000"", ""original_line"": ""labour n.""}"
landscape,B2,,,"[""noun""]","{""parts_of_speech"": [""noun""], ""source"": ""Oxford 3000"", ""original_line"": ""landscape n.""}"
largely,B2,,,"[""verb"", ""adverb""]","{""parts_of_speech"": [""verb"", ""adverb""], ""source"": ""Oxford 3000"", ""original_line"": ""largely adv.""}"
launch,B2,,,"[""noun"", ""verb""]","{""parts_of_speech"": [""noun"", ""verb""], ""source"": ""Oxford 3000"", ""original_line"": ""launch v. , n.""}"
leadership,B2,,,"[""noun""]","{""parts_of_speech"": [""noun""], ""source"": ""Oxford 3000"", ""original_line"": ""leadership n.""}"
league,B2,,,"[""noun""]","{""parts_of_speech"": [""noun""], ""source"": ""Oxford 3000"", ""original_line"": ""league n.""}"
lean,B2,,,"[""verb""]","{""parts_of_speech"": [""verb""], ""source"": ""Oxford 3000"", ""original_line"": ""lean v.""}"
licence,B2,,,"[""noun""]","{""parts_of_speech"": [""noun""], ""source"": ""Oxford 3000"", ""original_line"": ""licence n.""}"
limited,B2,,,"[""adjective""]","{""parts_of_speech"": [""adjective""], ""source"": ""Oxford 3000"", ""original_line"": ""limited adj.""}"
lively,B2,,,"[""adjective""]","{""parts_of_speech"": [""adjective""], ""source"": ""Oxford 3000"", ""original_line"": ""lively adj.""}"
load,B2,,,"[""noun"", ""verb""]","{""parts_of_speech"": [""noun"", ""verb""], ""source"": ""Oxford 3000"", ""original_line"": ""load n. , v.""}"
loan,B2,,,"[""noun""]","{""parts_of_speech"": [""noun""], ""source"": ""Oxford 3000"", ""original_line"": ""loan n.""}"
logical,B2,,,"[""adjective""]","{""parts_of_speech"": [""adjective""], ""source"": ""Oxford 3000"", ""original_line"": ""logical adj.""}"
long-term,B2,,,"[""verb"", ""adjective"", ""adverb""]","{""parts_of_speech"": [""verb"", ""adjective"", ""adverb""], ""source"": ""Oxford 3000"", ""original_line"": ""long-term adj. , adv.""}"
loose,B2,,,"[""adjective""]","{""parts_of_speech"": [""adjective""], ""source"": ""Oxford 3000"", ""original_line"": ""loose adj.""}"
lord,B2,,,"[""noun""]","{""parts_of_speech"": [""noun""], ""source"": ""Oxford 3000"", ""original_line"": ""lord n.""}"
lower,B2,,,"[""verb""]","{""parts_of_speech"": [""verb""], ""source"": ""Oxford 3000"", ""original_line"": ""lower v.""}"
lung,B2,,,"[""noun""]","{""parts_of_speech"": [""noun""], ""source"": ""Oxford 3000"", ""original_line"": ""lung n.""}"
maintain,B2,,,"[""verb""]","{""parts_of_speech"": [""verb""], ""source"": ""Oxford 3000"", ""original_line"": ""maintain v.""}"
majority,B2,,,"[""noun""]","{""parts_of_speech"": [""noun""], ""source"": ""Oxford 3000"", ""original_line"": ""majority n.""}"
mass,B2,,,"[""noun"", ""adjective""]","{""parts_of_speech"": [""noun"", ""adjective""], ""source"": ""Oxford 3000"", ""original_line"": ""mass n. , adj.""}"
massive,B2,,,"[""adjective""]","{""parts_of_speech"": [""adjective""], ""source"": ""Oxford 3000"", ""original_line"": ""massive adj.""}"
master,B2,,,"[""noun"", ""verb""]","{""parts_of_speech"": [""noun"", ""verb""], ""source"": ""Oxford 3000"", ""original_line"": ""master n. , v.""}"
matching,B2,,,"[""adjective""]","{""parts_of_speech"": [""adjective""], ""source"": ""Oxford 3000"", ""original_line"": ""matching adj.""}"
maximum,B2,,,"[""noun"", ""adjective""]","{""parts_of_speech"": [""noun"", ""adjective""], ""source"": ""Oxford 3000"", ""original_line"": ""maximum adj. , n.""}"
means,B2,,,"[""noun""]","{""parts_of_speech"": [""noun""], ""source"": ""Oxford 3000"", ""original_line"": ""means n.""}"
measurement,B2,,,"[""noun""]","{""parts_of_speech"": [""noun""], ""source"": ""Oxford 3000"", ""original_line"": ""measurement n.""}"
melt,B2,,,"[""verb""]","{""parts_of_speech"": [""verb""], ""source"": ""Oxford 3000"", ""original_line"": ""melt v.""}"
military,B2,,,"[""noun"", ""adjective""]","{""parts_of_speech"": [""noun"", ""adjective""], ""source"": ""Oxford 3000"", ""original_line"": ""military adj. , n.""}"
mineral,B2,,,"[""noun""]","{""parts_of_speech"": [""noun""], ""source"": ""Oxford 3000"", ""original_line"": ""mineral n.""}"
minimum,B2,,,"[""noun"", ""adjective""]","{""parts_of_speech"": [""noun"", ""adjective""], ""source"": ""Oxford 3000"", ""original_line"": ""minimum adj. , n.""}"
minister,B2,,,"[""noun""]","{""parts_of_speech"": [""noun""], ""source"": ""Oxford 3000"", ""original_line"": ""minister n.""}"
minor,B2,,,"[""adjective""]","{""parts_of_speech"": [""adjective""], ""source"": ""Oxford 3000"", ""original_line"": ""minor adj.""}"
minority,B2,,,"[""noun""]","{""parts_of_speech"": [""noun""], ""source"": ""Oxford 3000"", ""original_line"": ""minority n.""}"
mission,B2,,,"[""noun""]","{""parts_of_speech"": [""noun""], ""source"": ""Oxford 3000"", ""original_line"": ""mission n.""}"
mixed,B2,,,"[""adjective""]","{""parts_of_speech"": [""adjective""], ""source"": ""Oxford 3000"", ""original_line"": ""mixed adj.""}"
modify,B2,,,"[""verb""]","{""parts_of_speech"": [""verb""], ""source"": ""Oxford 3000"", ""original_line"": ""modify v.""}"
monitor,B2,,,"[""noun"", ""verb""]","{""parts_of_speech"": [""noun"", ""verb""], ""source"": ""Oxford 3000"", ""original_line"": ""monitor n. , v.""}"
moral,B2,,,"[""noun"", ""adjective""]","{""parts_of_speech"": [""noun"", ""adjective""], ""source"": ""Oxford 3000"", ""original_line"": ""moral adj. , n.""}"
motor,B2,,,"[""noun"", ""adjective""]","{""parts_of_speech"": [""noun"", ""adjective""], ""source"": ""Oxford 3000"", ""original_line"": ""motor n. , adj.""}"
mount,B2,,,"[""verb""]","{""parts_of_speech"": [""verb""], ""source"": ""Oxford 3000"", ""original_line"": ""mount v.""}"
multiple,B2,,,"[""adjective""]","{""parts_of_speech"": [""adjective""], ""source"": ""Oxford 3000"", ""original_line"": ""multiple adj.""}"
multiply,B2,,,"[""verb""]","{""parts_of_speech"": [""verb""], ""source"": ""Oxford 3000"", ""original_line"": ""multiply v.""}"
mysterious,B2,,,"[""adjective""]","{""parts_of_speech"": [""adjective""], ""source"": ""Oxford 3000"", ""original_line"": ""mysterious adj.""}"
neat,B2,,,"[""adjective""]","{""parts_of_speech"": [""adjective""], ""source"": ""Oxford 3000"", ""original_line"": ""neat adj.""}"
nerve,B2,,,"[""noun""]","{""parts_of_speech"": [""noun""], ""source"": ""Oxford 3000"", ""original_line"": ""nerve n.""}"
nevertheless,B2,,,"[""verb"", ""adverb""]","{""parts_of_speech"": [""verb"", ""adverb""], ""source"": ""Oxford 3000"", ""original_line"": ""nevertheless adv.""}"
nightmare,B2,,,"[""noun""]","{""parts_of_speech"": [""noun""], ""source"": ""Oxford 3000"", ""original_line"": ""nightmare n.""}"
notion,B2,,,"[""noun""]","{""parts_of_speech"": [""noun""], ""source"": ""Oxford 3000"", ""original_line"": ""notion n.""}"
numerous,B2,,,"[""adjective""]","{""parts_of_speech"": [""adjective""], ""source"": ""Oxford 3000"", ""original_line"": ""numerous adj.""}"
obey,B2,,,"[""verb""]","{""parts_of_speech"": [""verb""], ""source"": ""Oxford 3000"", ""original_line"": ""obey v.""}"
objective,B2,,,"[""noun"", ""adjective""]","{""parts_of_speech"": [""noun"", ""adjective""], ""source"": ""Oxford 3000"", ""original_line"": ""objective n. , adj.""}"
obligation,B2,,,"[""noun""]","{""parts_of_speech"": [""noun""], ""source"": ""Oxford 3000"", ""original_line"": ""obligation n.""}"
observation,B2,,,"[""noun""]","{""parts_of_speech"": [""noun""], ""source"": ""Oxford 3000"", ""original_line"": ""observation n.""}"
observe,B2,,,"[""verb""]","{""parts_of_speech"": [""verb""], ""source"": ""Oxford 3000"", ""original_line"": ""observe v.""}"
obtain,B2,,,"[""verb""]","{""parts_of_speech"": [""verb""], ""source"": ""Oxford 3000"", ""original_line"": ""obtain v.""}"
occasionally,B2,,,"[""verb"", ""adverb""]","{""parts_of_speech"": [""verb"", ""adverb""], ""source"": ""Oxford 3000"", ""original_line"": ""occasionally adv.""}"
offence,B2,,,"[""noun""]","{""parts_of_speech"": [""noun""], ""source"": ""Oxford 3000"", ""original_line"": ""offence n.""}"
offend,B2,,,"[""verb""]","{""parts_of_speech"": [""verb""], ""source"": ""Oxford 3000"", ""original_line"": ""offend v.""}"
offensive,B2,,,"[""adjective""]","{""parts_of_speech"": [""adjective""], ""source"": ""Oxford 3000"", ""original_line"": ""offensive adj.""}"
opening,B2,,,"[""noun""]","{""parts_of_speech"": [""noun""], ""source"": ""Oxford 3000"", ""original_line"": ""opening n.""}"
operate,B2,,,"[""verb""]","{""parts_of_speech"": [""verb""], ""source"": ""Oxford 3000"", ""original_line"": ""operate v.""}"
opponent,B2,,,"[""noun""]","{""parts_of_speech"": [""noun""], ""source"": ""Oxford 3000"", ""original_line"": ""opponent n.""}"
opposed,B2,,,"[""adjective""]","{""parts_of_speech"": [""adjective""], ""source"": ""Oxford 3000"", ""original_line"": ""opposed adj.""}"
opposition,B2,,,"[""noun""]","{""parts_of_speech"": [""noun""], ""source"": ""Oxford 3000"", ""original_line"": ""opposition n.""}"
organ,B2,,,"[""noun""]","{""parts_of_speech"": [""noun""], ""source"": ""Oxford 3000"", ""original_line"": ""organ n.""}"
origin,B2,,,"[""noun""]","{""parts_of_speech"": [""noun""], ""source"": ""Oxford 3000"", ""original_line"": ""origin n.""}"
otherwise,B2,,,"[""verb"", ""adverb""]","{""parts_of_speech"": [""verb"", ""adverb""], ""source"": ""Oxford 3000"", ""original_line"": ""otherwise adv.""}"
outcome,B2,,,"[""noun""]","{""parts_of_speech"": [""noun""], ""source"": ""Oxford 3000"", ""original_line"": ""outcome n.""}"
outer,B2,,,"[""adjective""]","{""parts_of_speech"": [""adjective""], ""source"": ""Oxford 3000"", ""original_line"": ""outer adj.""}"
outline,B2,,,"[""noun"", ""verb""]","{""parts_of_speech"": [""noun"", ""verb""], ""source"": ""Oxford 3000"", ""original_line"": ""outline n. , v.""}"
overall,B2,,,"[""verb"", ""adjective"", ""adverb""]","{""parts_of_speech"": [""verb"", ""adjective"", ""adverb""], ""source"": ""Oxford 3000"", ""original_line"": ""overall adj. , adv.""}"
owe,B2,,,"[""verb""]","{""parts_of_speech"": [""verb""], ""source"": ""Oxford 3000"", ""original_line"": ""owe v.""}"
pace,B2,,,"[""noun"", ""verb""]","{""parts_of_speech"": [""noun"", ""verb""], ""source"": ""Oxford 3000"", ""original_line"": ""pace n. , v.""}"
panel,B2,,,"[""noun""]","{""parts_of_speech"": [""noun""], ""source"": ""Oxford 3000"", ""original_line"": ""panel n.""}"
parliament,B2,,,"[""noun""]","{""parts_of_speech"": [""noun""], ""source"": ""Oxford 3000"", ""original_line"": ""parliament n.""}"
participant,B2,,,"[""noun""]","{""parts_of_speech"": [""noun""], ""source"": ""Oxford 3000"", ""original_line"": ""participant n.""}"
partly,B2,,,"[""verb"", ""adverb""]","{""parts_of_speech"": [""verb"", ""adverb""], ""source"": ""Oxford 3000"", ""original_line"": ""partly adv.""}"
passage,B2,,,"[""noun""]","{""parts_of_speech"": [""noun""], ""source"": ""Oxford 3000"", ""original_line"": ""passage n.""}"
pension,B2,,,"[""noun""]","{""parts_of_speech"": [""noun""], ""source"": ""Oxford 3000"", ""original_line"": ""pension 1 n.""}"
permanent,B2,,,"[""adjective""]","{""parts_of_speech"": [""adjective""], ""source"": ""Oxford 3000"", ""original_line"": ""permanent adj.""}"
permit,B2,,,"[""noun"", ""verb""]","{""parts_of_speech"": [""noun"", ""verb""], ""source"": ""Oxford 3000"", ""original_line"": ""permit v. , n.""}"
perspective,B2,,,"[""noun""]","{""parts_of_speech"": [""noun""], ""source"": ""Oxford 3000"", ""original_line"": ""perspective n.""}"
phase,B2,,,"[""noun""]","{""parts_of_speech"": [""noun""], ""source"": ""Oxford 3000"", ""original_line"": ""phase n.""}"
phenomenon,B2,,,"[""noun""]","{""parts_of_speech"": [""noun""], ""source"": ""Oxford 3000"", ""original_line"": ""phenomenon n.""}"
philosophy,B2,,,"[""noun""]","{""parts_of_speech"": [""noun""], ""source"": ""Oxford 3000"", ""original_line"": ""philosophy n.""}"
pile,B2,,,"[""noun"", ""verb""]","{""parts_of_speech"": [""noun"", ""verb""], ""source"": ""Oxford 3000"", ""original_line"": ""pile n. , v.""}"
pitch,B2,,,"[""noun""]","{""parts_of_speech"": [""noun""], ""source"": ""Oxford 3000"", ""original_line"": ""pitch n.""}"
plain,B2,,,"[""adjective""]","{""parts_of_speech"": [""adjective""], ""source"": ""Oxford 3000"", ""original_line"": ""plain adj.""}"
pointed,B2,,,"[""adjective""]","{""parts_of_speech"": [""adjective""], ""source"": ""Oxford 3000"", ""original_line"": ""pointed adj.""}"
popularity,B2,,,"[""noun""]","{""parts_of_speech"": [""noun""], ""source"": ""Oxford 3000"", ""original_line"": ""popularity n.""}"
pose,B2,,,"[""verb""]","{""parts_of_speech"": [""verb""], ""source"": ""Oxford 3000"", ""original_line"": ""pose v.""}"
possess,B2,,,"[""verb""]","{""parts_of_speech"": [""verb""], ""source"": ""Oxford 3000"", ""original_line"": ""possess v.""}"
potential,B2,,,"[""noun"", ""adjective""]","{""parts_of_speech"": [""noun"", ""adjective""], ""source"": ""Oxford 3000"", ""original_line"": ""potential adj. , n.""}"
praise,B2,,,"[""noun"", ""verb""]","{""parts_of_speech"": [""noun"", ""verb""], ""source"": ""Oxford 3000"", ""original_line"": ""praise n. , v.""}"
pregnant,B2,,,"[""adjective""]","{""parts_of_speech"": [""adjective""], ""source"": ""Oxford 3000"", ""original_line"": ""pregnant adj.""}"
preparation,B2,,,"[""noun""]","{""parts_of_speech"": [""noun""], ""source"": ""Oxford 3000"", ""original_line"": ""preparation n.""}"
presence,B2,,,"[""noun""]","{""parts_of_speech"": [""noun""], ""source"": ""Oxford 3000"", ""original_line"": ""presence n.""}"
preserve,B2,,,"[""verb""]","{""parts_of_speech"": [""verb""], ""source"": ""Oxford 3000"", ""original_line"": ""preserve v.""}"
prime,B2,,,"[""adjective""]","{""parts_of_speech"": [""adjective""], ""source"": ""Oxford 3000"", ""original_line"": ""prime adj.""}"
principle,B2,,,"[""noun""]","{""parts_of_speech"": [""noun""], ""source"": ""Oxford 3000"", ""original_line"": ""principle n.""}"
priority,B2,,,"[""noun""]","{""parts_of_speech"": [""noun""], ""source"": ""Oxford 3000"", ""original_line"": ""priority n.""}"
privacy,B2,,,"[""noun""]","{""parts_of_speech"": [""noun""], ""source"": ""Oxford 3000"", ""original_line"": ""privacy n.""}"
procedure,B2,,,"[""noun""]","{""parts_of_speech"": [""noun""], ""source"": ""Oxford 3000"", ""original_line"": ""procedure n.""}"
progress,B2,,,"[""verb""]","{""parts_of_speech"": [""verb""], ""source"": ""Oxford 3000"", ""original_line"": ""progress v.""}"
proof,B2,,,"[""noun""]","{""parts_of_speech"": [""noun""], ""source"": ""Oxford 3000"", ""original_line"": ""proof n.""}"
proposal,B2,,,"[""noun""]","{""parts_of_speech"": [""noun""], ""source"": ""Oxford 3000"", ""original_line"": ""proposal n.""}"
propose,B2,,,"[""verb""]","{""parts_of_speech"": [""verb""], ""source"": ""Oxford 3000"", ""original_line"": ""propose v.""}"
prospect,B2,,,"[""noun""]","{""parts_of_speech"": [""noun""], ""source"": ""Oxford 3000"", ""original_line"": ""prospect n.""}"
protection,B2,,,"[""noun""]","{""parts_of_speech"": [""noun""], ""source"": ""Oxford 3000"", ""original_line"": ""protection n.""}"
psychologist,B2,,,"[""noun""]","{""parts_of_speech"": [""noun""], ""source"": ""Oxford 3000"", ""original_line"": ""psychologist n.""}"
psychology,B2,,,"[""noun""]","{""parts_of_speech"": [""noun""], ""source"": ""Oxford 3000"", ""original_line"": ""psychology n.""}"
publication,B2,,,"[""noun""]","{""parts_of_speech"": [""noun""], ""source"": ""Oxford 3000"", ""original_line"": ""publication n.""}"
pupil,B2,,,"[""noun""]","{""parts_of_speech"": [""noun""], ""source"": ""Oxford 3000"", ""original_line"": ""pupil n.""}"
purchase,B2,,,"[""noun"", ""verb""]","{""parts_of_speech"": [""noun"", ""verb""], ""source"": ""Oxford 3000"", ""original_line"": ""purchase n. , v.""}"
pure,B2,,,"[""adjective""]","{""parts_of_speech"": [""adjective""], ""source"": ""Oxford 3000"", ""original_line"": ""pure adj.""}"
pursue,B2,,,"[""noun"", ""verb""]","{""parts_of_speech"": [""noun"", ""verb""], ""source"": ""Oxford 3000"", ""original_line"": ""pursue v.range v.""}"
rank,B2,,,"[""noun"", ""verb""]","{""parts_of_speech"": [""noun"", ""verb""], ""source"": ""Oxford 3000"", ""original_line"": ""rank n. , v.""}"
rapid,B2,,,"[""adjective""]","{""parts_of_speech"": [""adjective""], ""source"": ""Oxford 3000"", ""original_line"": ""rapid adj.""}"
rapidly,B2,,,"[""verb"", ""adverb""]","{""parts_of_speech"": [""verb"", ""adverb""], ""source"": ""Oxford 3000"", ""original_line"": ""rapidly adv.""}"
raw,B2,,,"[""adjective""]","{""parts_of_speech"": [""adjective""], ""source"": ""Oxford 3000"", ""original_line"": ""raw adj.""}"
realistic,B2,,,"[""adjective""]","{""parts_of_speech"": [""adjective""], ""source"": ""Oxford 3000"", ""original_line"": ""realistic adj.""}"
reasonable,B2,,,"[""adjective""]","{""parts_of_speech"": [""adjective""], ""source"": ""Oxford 3000"", ""original_line"": ""reasonable adj.""}"
recall,B2,,,"[""verb""]","{""parts_of_speech"": [""verb""], ""source"": ""Oxford 3000"", ""original_line"": ""recall v.""}"
recover,B2,,,"[""verb""]","{""parts_of_speech"": [""verb""], ""source"": ""Oxford 3000"", ""original_line"": ""recover v.""}"
reduction,B2,,,"[""noun""]","{""parts_of_speech"": [""noun""], ""source"": ""Oxford 3000"", ""original_line"": ""reduction n.""}"
regard,B2,,,"[""noun"", ""verb""]","{""parts_of_speech"": [""noun"", ""verb""], ""source"": ""Oxford 3000"", ""original_line"": ""regard v. , n.""}"
regional,B2,,,"[""adjective""]","{""parts_of_speech"": [""adjective""], ""source"": ""Oxford 3000"", ""original_line"": ""regional adj.""}"
register,B2,,,"[""noun"", ""verb""]","{""parts_of_speech"": [""noun"", ""verb""], ""source"": ""Oxford 3000"", ""original_line"": ""register v. , n.""}"
regret,B2,,,"[""noun"", ""verb""]","{""parts_of_speech"": [""noun"", ""verb""], ""source"": ""Oxford 3000"", ""original_line"": ""regret v. , n.""}"
regulation,B2,,,"[""noun""]","{""parts_of_speech"": [""noun""], ""source"": ""Oxford 3000"", ""original_line"": ""regulation n.""}"
relatively,B2,,,"[""verb"", ""adverb""]","{""parts_of_speech"": [""verb"", ""adverb""], ""source"": ""Oxford 3000"", ""original_line"": ""relatively adv.""}"
relevant,B2,,,"[""adjective""]","{""parts_of_speech"": [""adjective""], ""source"": ""Oxford 3000"", ""original_line"": ""relevant adj.""}"
relief,B2,,,"[""noun""]","{""parts_of_speech"": [""noun""], ""source"": ""Oxford 3000"", ""original_line"": ""relief n.""}"
rely,B2,,,"[""verb""]","{""parts_of_speech"": [""verb""], ""source"": ""Oxford 3000"", ""original_line"": ""rely v.""}"
remark,B2,,,"[""noun"", ""verb""]","{""parts_of_speech"": [""noun"", ""verb""], ""source"": ""Oxford 3000"", ""original_line"": ""remark n. , v.""}"
representative,B2,,,"[""noun"", ""adjective""]","{""parts_of_speech"": [""noun"", ""adjective""], ""source"": ""Oxford 3000"", ""original_line"": ""representative n. , adj.""}"
reputation,B2,,,"[""noun""]","{""parts_of_speech"": [""noun""], ""source"": ""Oxford 3000"", ""original_line"": ""reputation n.""}"
requirement,B2,,,"[""noun""]","{""parts_of_speech"": [""noun""], ""source"": ""Oxford 3000"", ""original_line"": ""requirement n.""}"
rescue,B2,,,"[""noun"", ""verb""]","{""parts_of_speech"": [""noun"", ""verb""], ""source"": ""Oxford 3000"", ""original_line"": ""rescue v. , n.""}"
reserve,B2,,,"[""noun"", ""verb""]","{""parts_of_speech"": [""noun"", ""verb""], ""source"": ""Oxford 3000"", ""original_line"": ""reserve n. , v.""}"
resident,B2,,,"[""noun"", ""adjective""]","{""parts_of_speech"": [""noun"", ""adjective""], ""source"": ""Oxford 3000"", ""original_line"": ""resident n. , adj.""}"
resist,B2,,,"[""verb""]","{""parts_of_speech"": [""verb""], ""source"": ""Oxford 3000"", ""original_line"": ""resist v.""}"
resolve,B2,,,"[""verb""]","{""parts_of_speech"": [""verb""], ""source"": ""Oxford 3000"", ""original_line"": ""resolve v.""}"
resort,B2,,,"[""noun""]","{""parts_of_speech"": [""noun""], ""source"": ""Oxford 3000"", ""original_line"": ""resort n.""}"
retain,B2,,,"[""verb""]","{""parts_of_speech"": [""verb""], ""source"": ""Oxford 3000"", ""original_line"": ""retain v.""}"
reveal,B2,,,"[""verb""]","{""parts_of_speech"": [""verb""], ""source"": ""Oxford 3000"", ""original_line"": ""reveal v.""}"
revolution,B2,,,"[""noun""]","{""parts_of_speech"": [""noun""], ""source"": ""Oxford 3000"", ""original_line"": ""revolution n.""}"
reward,B2,,,"[""noun"", ""verb""]","{""parts_of_speech"": [""noun"", ""verb""], ""source"": ""Oxford 3000"", ""original_line"": ""reward n. , v.""}"
rhythm,B2,,,"[""noun""]","{""parts_of_speech"": [""noun""], ""source"": ""Oxford 3000"", ""original_line"": ""rhythm n.""}"
rid,B2,,,"[""verb""]","{""parts_of_speech"": [""verb""], ""source"": ""Oxford 3000"", ""original_line"": ""rid v.""}"
root,B2,,,"[""noun""]","{""parts_of_speech"": [""noun""], ""source"": ""Oxford 3000"", ""original_line"": ""root n.""}"
rub,B2,,,"[""verb""]","{""parts_of_speech"": [""verb""], ""source"": ""Oxford 3000"", ""original_line"": ""rub v.""}"
rubber,B2,,,"[""noun"", ""adjective""]","{""parts_of_speech"": [""noun"", ""adjective""], ""source"": ""Oxford 3000"", ""original_line"": ""rubber n. , adj.""}"
rural,B2,,,"[""adjective""]","{""parts_of_speech"": [""adjective""], ""source"": ""Oxford 3000"", ""original_line"": ""rural adj.""}"
rush,B2,,,"[""noun"", ""verb""]","{""parts_of_speech"": [""noun"", ""verb""], ""source"": ""Oxford 3000"", ""original_line"": ""rush v. , n.""}"
satellite,B2,,,"[""noun""]","{""parts_of_speech"": [""noun""], ""source"": ""Oxford 3000"", ""original_line"": ""satellite n.""}"
satisfied,B2,,,"[""adjective""]","{""parts_of_speech"": [""adjective""], ""source"": ""Oxford 3000"", ""original_line"": ""satisfied adj.""}"
satisfy,B2,,,"[""verb""]","{""parts_of_speech"": [""verb""], ""source"": ""Oxford 3000"", ""original_line"": ""satisfy v.""}"
saving,B2,,,"[""noun""]","{""parts_of_speech"": [""noun""], ""source"": ""Oxford 3000"", ""original_line"": ""saving n.""}"
scale,B2,,,"[""noun""]","{""parts_of_speech"": [""noun""], ""source"": ""Oxford 3000"", ""original_line"": ""scale n.""}"
scheme,B2,,,"[""noun""]","{""parts_of_speech"": [""noun""], ""source"": ""Oxford 3000"", ""original_line"": ""scheme n.""}"
scream,B2,,,"[""noun"", ""verb""]","{""parts_of_speech"": [""noun"", ""verb""], ""source"": ""Oxford 3000"", ""original_line"": ""scream v. , n.""}"
sector,B2,,,"[""noun""]","{""parts_of_speech"": [""noun""], ""source"": ""Oxford 3000"", ""original_line"": ""sector n.""}"
secure,B2,,,"[""verb"", ""adjective""]","{""parts_of_speech"": [""verb"", ""adjective""], ""source"": ""Oxford 3000"", ""original_line"": ""secure v. , adj.""}"
seek,B2,,,"[""verb""]","{""parts_of_speech"": [""verb""], ""source"": ""Oxford 3000"", ""original_line"": ""seek v.""}"
select,B2,,,"[""verb""]","{""parts_of_speech"": [""verb""], ""source"": ""Oxford 3000"", ""original_line"": ""select v.""}"
selection,B2,,,"[""noun""]","{""parts_of_speech"": [""noun""], ""source"": ""Oxford 3000"", ""original_line"": ""selection n.""}"
self,B2,,,"[""noun""]","{""parts_of_speech"": [""noun""], ""source"": ""Oxford 3000"", ""original_line"": ""self n.""}"
senior,B2,,,"[""adjective""]","{""parts_of_speech"": [""adjective""], ""source"": ""Oxford 3000"", ""original_line"": ""senior adj.""}"
sensitive,B2,,,"[""adjective""]","{""parts_of_speech"": [""adjective""], ""source"": ""Oxford 3000"", ""original_line"": ""sensitive adj.""}"
sequence,B2,,,"[""noun""]","{""parts_of_speech"": [""noun""], ""source"": ""Oxford 3000"", ""original_line"": ""sequence n.""}"
session,B2,,,"[""noun""]","{""parts_of_speech"": [""noun""], ""source"": ""Oxford 3000"", ""original_line"": ""session n.""}"
settle,B2,,,"[""verb""]","{""parts_of_speech"": [""verb""], ""source"": ""Oxford 3000"", ""original_line"": ""settle v.""}"
severe,B2,,,"[""adjective""]","{""parts_of_speech"": [""adjective""], ""source"": ""Oxford 3000"", ""original_line"": ""severe adj.""}"
shade,B2,,,"[""noun""]","{""parts_of_speech"": [""noun""], ""source"": ""Oxford 3000"", ""original_line"": ""shade n.shadow n.""}"
shallow,B2,,,"[""adjective""]","{""parts_of_speech"": [""adjective""], ""source"": ""Oxford 3000"", ""original_line"": ""shallow adj.""}"
shame,B2,,,"[""noun""]","{""parts_of_speech"": [""noun""], ""source"": ""Oxford 3000"", ""original_line"": ""shame n.""}"
shelter,B2,,,"[""noun"", ""verb""]","{""parts_of_speech"": [""noun"", ""verb""], ""source"": ""Oxford 3000"", ""original_line"": ""shelter n. , v.""}"
shock,B2,,,"[""noun"", ""verb""]","{""parts_of_speech"": [""noun"", ""verb""], ""source"": ""Oxford 3000"", ""original_line"": ""shock n. , v.""}"
shocked,B2,,,"[""adjective""]","{""parts_of_speech"": [""adjective""], ""source"": ""Oxford 3000"", ""original_line"": ""shocked adj.""}"
shooting,B2,,,"[""noun""]","{""parts_of_speech"": [""noun""], ""source"": ""Oxford 3000"", ""original_line"": ""shooting n.""}"
shot,B2,,,"[""noun""]","{""parts_of_speech"": [""noun""], ""source"": ""Oxford 3000"", ""original_line"": ""shot n.""}"
significant,B2,,,"[""adjective""]","{""parts_of_speech"": [""adjective""], ""source"": ""Oxford 3000"", ""original_line"": ""significant adj.""}"
significantly,B2,,,"[""verb"", ""adverb""]","{""parts_of_speech"": [""verb"", ""adverb""], ""source"": ""Oxford 3000"", ""original_line"": ""significantly adv.""}"
silence,B2,,,"[""noun""]","{""parts_of_speech"": [""noun""], ""source"": ""Oxford 3000"", ""original_line"": ""silence n.""}"
silk,B2,,,"[""noun""]","{""parts_of_speech"": [""noun""], ""source"": ""Oxford 3000"", ""original_line"": ""silk n.""}"
sincere,B2,,,"[""adjective""]","{""parts_of_speech"": [""adjective""], ""source"": ""Oxford 3000"", ""original_line"": ""sincere adj.""}"
slave,B2,,,"[""noun""]","{""parts_of_speech"": [""noun""], ""source"": ""Oxford 3000"", ""original_line"": ""slave n.""}"
slide,B2,,,"[""noun"", ""verb""]","{""parts_of_speech"": [""noun"", ""verb""], ""source"": ""Oxford 3000"", ""original_line"": ""slide v. , n.""}"
slight,B2,,,"[""adjective""]","{""parts_of_speech"": [""adjective""], ""source"": ""Oxford 3000"", ""original_line"": ""slight adj.""}"
slip,B2,,,"[""verb""]","{""parts_of_speech"": [""verb""], ""source"": ""Oxford 3000"", ""original_line"": ""slip v.""}"
slope,B2,,,"[""noun"", ""verb""]","{""parts_of_speech"": [""noun"", ""verb""], ""source"": ""Oxford 3000"", ""original_line"": ""slope n. , v.""}"
solar,B2,,,"[""adjective""]","{""parts_of_speech"": [""adjective""], ""source"": ""Oxford 3000"", ""original_line"": ""solar adj.""}"
somewhat,B2,,,"[""verb"", ""adverb""]","{""parts_of_speech"": [""verb"", ""adverb""], ""source"": ""Oxford 3000"", ""original_line"": ""somewhat adv.""}"
soul,B2,,,"[""noun""]","{""parts_of_speech"": [""noun""], ""source"": ""Oxford 3000"", ""original_line"": ""soul n.""}"
specialist,B2,,,"[""noun"", ""adjective""]","{""parts_of_speech"": [""noun"", ""adjective""], ""source"": ""Oxford 3000"", ""original_line"": ""specialist n. , adj.""}"
species,B2,,,"[""noun""]","{""parts_of_speech"": [""noun""], ""source"": ""Oxford 3000"", ""original_line"": ""species n.""}"
spiritual,B2,,,"[""adjective""]","{""parts_of_speech"": [""adjective""], ""source"": ""Oxford 3000"", ""original_line"": ""spiritual adj.""}"
split,B2,,,"[""noun"", ""verb""]","{""parts_of_speech"": [""noun"", ""verb""], ""source"": ""Oxford 3000"", ""original_line"": ""split v. , n.""}"
sponsor,B2,,,"[""noun"", ""verb""]","{""parts_of_speech"": [""noun"", ""verb""], ""source"": ""Oxford 3000"", ""original_line"": ""sponsor v. , n.""}"
stable,B2,,,"[""adjective""]","{""parts_of_speech"": [""adjective""], ""source"": ""Oxford 3000"", ""original_line"": ""stable adj.""}"
stare,B2,,,"[""verb""]","{""parts_of_speech"": [""verb""], ""source"": ""Oxford 3000"", ""original_line"": ""stare v.""}"
status,B2,,,"[""noun""]","{""parts_of_speech"": [""noun""], ""source"": ""Oxford 3000"", ""original_line"": ""status n.""}"
steady,B2,,,"[""adjective""]","{""parts_of_speech"": [""adjective""], ""source"": ""Oxford 3000"", ""original_line"": ""steady adj.""}"
steel,B2,,,"[""noun""]","{""parts_of_speech"": [""noun""], ""source"": ""Oxford 3000"", ""original_line"": ""steel n.""}"
steep,B2,,,"[""adjective""]","{""parts_of_speech"": [""adjective""], ""source"": ""Oxford 3000"", ""original_line"": ""steep adj.""}"
sticky,B2,,,"[""adjective""]","{""parts_of_speech"": [""adjective""], ""source"": ""Oxford 3000"", ""original_line"": ""sticky adj.""}"
stiff,B2,,,"[""adjective""]","{""parts_of_speech"": [""adjective""], ""source"": ""Oxford 3000"", ""original_line"": ""stiff adj.""}"
stock,B2,,,"[""noun""]","{""parts_of_speech"": [""noun""], ""source"": ""Oxford 3000"", ""original_line"": ""stock n.""}"
stream,B2,,,"[""noun""]","{""parts_of_speech"": [""noun""], ""source"": ""Oxford 3000"", ""original_line"": ""stream n.""}"
stretch,B2,,,"[""noun"", ""verb""]","{""parts_of_speech"": [""noun"", ""verb""], ""source"": ""Oxford 3000"", ""original_line"": ""stretch v. , n.""}"
strict,B2,,,"[""adjective""]","{""parts_of_speech"": [""adjective""], ""source"": ""Oxford 3000"", ""original_line"": ""strict adj.""}"
strike,B2,,,"[""noun"", ""verb""]","{""parts_of_speech"": [""noun"", ""verb""], ""source"": ""Oxford 3000"", ""original_line"": ""strike v. , n.""}"
struggle,B2,,,"[""noun"", ""verb""]","{""parts_of_speech"": [""noun"", ""verb""], ""source"": ""Oxford 3000"", ""original_line"": ""struggle v. , n.""}"
submit,B2,,,"[""verb""]","{""parts_of_speech"": [""verb""], ""source"": ""Oxford 3000"", ""original_line"": ""submit v.""}"
sum,B2,,,"[""noun"", ""verb""]","{""parts_of_speech"": [""noun"", ""verb""], ""source"": ""Oxford 3000"", ""original_line"": ""sum n. , v.""}"
surgery,B2,,,"[""noun""]","{""parts_of_speech"": [""noun""], ""source"": ""Oxford 3000"", ""original_line"": ""surgery n.""}"
surround,B2,,,"[""verb""]","{""parts_of_speech"": [""verb""], ""source"": ""Oxford 3000"", ""original_line"": ""surround v.""}"
surrounding,B2,,,"[""adjective""]","{""parts_of_speech"": [""adjective""], ""source"": ""Oxford 3000"", ""original_line"": ""surrounding adj.""}"
suspect,B2,,,"[""noun"", ""verb""]","{""parts_of_speech"": [""noun"", ""verb""], ""source"": ""Oxford 3000"", ""original_line"": ""suspect v. , n.""}"
swear,B2,,,"[""verb""]","{""parts_of_speech"": [""verb""], ""source"": ""Oxford 3000"", ""original_line"": ""swear v.""}"
sweep,B2,,,"[""verb""]","{""parts_of_speech"": [""verb""], ""source"": ""Oxford 3000"", ""original_line"": ""sweep v.""}"
sympathy,B2,,,"[""noun""]","{""parts_of_speech"": [""noun""], ""source"": ""Oxford 3000"", ""original_line"": ""sympathy n.""}"
tale,B2,,,"[""noun""]","{""parts_of_speech"": [""noun""], ""source"": ""Oxford 3000"", ""original_line"": ""tale n.""}"
tank,B2,,,"[""noun""]","{""parts_of_speech"": [""noun""], ""source"": ""Oxford 3000"", ""original_line"": ""tank n.""}"
tear,B2,,,"[""noun"", ""verb""]","{""parts_of_speech"": [""noun"", ""verb""], ""source"": ""Oxford 3000"", ""original_line"": ""tear 1 v., n.""}"
temporary,B2,,,"[""adjective""]","{""parts_of_speech"": [""adjective""], ""source"": ""Oxford 3000"", ""original_line"": ""temporary adj.""}"
threat,B2,,,"[""noun""]","{""parts_of_speech"": [""noun""], ""source"": ""Oxford 3000"", ""original_line"": ""threat n.""}"
threaten,B2,,,"[""verb""]","{""parts_of_speech"": [""verb""], ""source"": ""Oxford 3000"", ""original_line"": ""threaten v.""}"
thus,B2,,,"[""verb"", ""adverb""]","{""parts_of_speech"": [""verb"", ""adverb""], ""source"": ""Oxford 3000"", ""original_line"": ""thus adv.""}"
tone,B2,,,"[""noun""]","{""parts_of_speech"": [""noun""], ""source"": ""Oxford 3000"", ""original_line"": ""tone n.""}"
tough,B2,,,"[""adjective""]","{""parts_of_speech"": [""adjective""], ""source"": ""Oxford 3000"", ""original_line"": ""tough adj.""}"
transfer,B2,,,"[""noun"", ""verb""]","{""parts_of_speech"": [""noun"", ""verb""], ""source"": ""Oxford 3000"", ""original_line"": ""transfer v. , n.""}"
transform,B2,,,"[""verb""]","{""parts_of_speech"": [""verb""], ""source"": ""Oxford 3000"", ""original_line"": ""transform v.""}"
transition,B2,,,"[""noun""]","{""parts_of_speech"": [""noun""], ""source"": ""Oxford 3000"", ""original_line"": ""transition n.""}"
trial,B2,,,"[""noun""]","{""parts_of_speech"": [""noun""], ""source"": ""Oxford 3000"", ""original_line"": ""trial n.""}"
tropical,B2,,,"[""adjective""]","{""parts_of_speech"": [""adjective""], ""source"": ""Oxford 3000"", ""original_line"": ""tropical adj.""}"
truly,B2,,,"[""verb"", ""adverb""]","{""parts_of_speech"": [""verb"", ""adverb""], ""source"": ""Oxford 3000"", ""original_line"": ""truly adv.""}"
trust,B2,,,"[""noun"", ""verb""]","{""parts_of_speech"": [""noun"", ""verb""], ""source"": ""Oxford 3000"", ""original_line"": ""trust n. , v.""}"
tune,B2,,,"[""noun""]","{""parts_of_speech"": [""noun""], ""source"": ""Oxford 3000"", ""original_line"": ""tune n.""}"
tunnel,B2,,,"[""noun""]","{""parts_of_speech"": [""noun""], ""source"": ""Oxford 3000"", ""original_line"": ""tunnel n.""}"
ultimately,B2,,,"[""verb"", ""adverb""]","{""parts_of_speech"": [""verb"", ""adverb""], ""source"": ""Oxford 3000"", ""original_line"": ""ultimately adv.""}"
unconscious,B2,,,"[""adjective""]","{""parts_of_speech"": [""adjective""], ""source"": ""Oxford 3000"", ""original_line"": ""unconscious adj.""}"
unexpected,B2,,,"[""adjective""]","{""parts_of_speech"": [""adjective""], ""source"": ""Oxford 3000"", ""original_line"": ""unexpected adj.""}"
unique,B2,,,"[""adjective""]","{""parts_of_speech"": [""adjective""], ""source"": ""Oxford 3000"", ""original_line"": ""unique adj.""}"
universe,B2,,,"[""noun""]","{""parts_of_speech"": [""noun""], ""source"": ""Oxford 3000"", ""original_line"": ""universe n.""}"
unknown,B2,,,"[""adjective""]","{""parts_of_speech"": [""adjective""], ""source"": ""Oxford 3000"", ""original_line"": ""unknown adj.""}"
upper,B2,,,"[""adjective""]","{""parts_of_speech"": [""adjective""], ""source"": ""Oxford 3000"", ""original_line"": ""upper adj.""}"
upwards,B2,,,"[""verb"", ""adverb""]","{""parts_of_speech"": [""verb"", ""adverb""], ""source"": ""Oxford 3000"", ""original_line"": ""upwards adv.""}"
urban,B2,,,"[""adjective""]","{""parts_of_speech"": [""adjective""], ""source"": ""Oxford 3000"", ""original_line"": ""urban adj.""}"
urge,B2,,,"[""verb""]","{""parts_of_speech"": [""verb""], ""source"": ""Oxford 3000"", ""original_line"": ""urge v.""}"
vary,B2,,,"[""verb""]","{""parts_of_speech"": [""verb""], ""source"": ""Oxford 3000"", ""original_line"": ""vary v.""}"
vast,B2,,,"[""adjective""]","{""parts_of_speech"": [""adjective""], ""source"": ""Oxford 3000"", ""original_line"": ""vast adj.""}"
venue,B2,,,"[""noun""]","{""parts_of_speech"": [""noun""], ""source"": ""Oxford 3000"", ""original_line"": ""venue n.""}"
via,B2,,,"[""preposition""]","{""parts_of_speech"": [""preposition""], ""source"": ""Oxford 3000"", ""original_line"": ""via prep.""}"
victory,B2,,,"[""noun""]","{""parts_of_speech"": [""noun""], ""source"": ""Oxford 3000"", ""original_line"": ""victory n.""}"
violence,B2,,,"[""noun""]","{""parts_of_speech"": [""noun""], ""source"": ""Oxford 3000"", ""original_line"": ""violence n.""}"
virtual,B2,,,"[""adjective""]","{""parts_of_speech"": [""adjective""], ""source"": ""Oxford 3000"", ""original_line"": ""virtual adj.""}"
vision,B2,,,"[""noun""]","{""parts_of_speech"": [""noun""], ""source"": ""Oxford 3000"", ""original_line"": ""vision n.""}"
visual,B2,,,"[""adjective""]","{""parts_of_speech"": [""adjective""], ""source"": ""Oxford 3000"", ""original_line"": ""visual adj.""}"
vital,B2,,,"[""adjective""]","{""parts_of_speech"": [""adjective""], ""source"": ""Oxford 3000"", ""original_line"": ""vital adj.""}"
vitamin,B2,,,"[""noun""]","{""parts_of_speech"": [""noun""], ""source"": ""Oxford 3000"", ""original_line"": ""vitamin n.""}"
volume,B2,,,"[""noun""]","{""parts_of_speech"": [""noun""], ""source"": ""Oxford 3000"", ""original_line"": ""volume n.""}"
wage,B2,,,"[""noun""]","{""parts_of_speech"": [""noun""], ""source"": ""Oxford 3000"", ""original_line"": ""wage n.""}"
weakness,B2,,,"[""noun""]","{""parts_of_speech"": [""noun""], ""source"": ""Oxford 3000"", ""original_line"": ""weakness n.""}"
wealth,B2,,,"[""noun""]","{""parts_of_speech"": [""noun""], ""source"": ""Oxford 3000"", ""original_line"": ""wealth n.""}"
wealthy,B2,,,"[""adjective""]","{""parts_of_speech"": [""adjective""], ""source"": ""Oxford 3000"", ""original_line"": ""wealthy adj.""}"
whereas,B2,,,"[""noun"", ""conjunction""]","{""parts_of_speech"": [""noun"", ""conjunction""], ""source"": ""Oxford 3000"", ""original_line"": ""whereas conj.""}"
wherever,B2,,,"[""noun"", ""conjunction""]","{""parts_of_speech"": [""noun"", ""conjunction""], ""source"": ""Oxford 3000"", ""original_line"": ""wherever conj.""}"
whisper,B2,,,"[""noun"", ""verb""]","{""parts_of_speech"": [""noun"", ""verb""], ""source"": ""Oxford 3000"", ""original_line"": ""whisper v. , n.""}"
whom,B2,,,"[""noun"", ""pronoun""]","{""parts_of_speech"": [""noun"", ""pronoun""], ""source"": ""Oxford 3000"", ""original_line"": ""whom pron.""}"
widely,B2,,,"[""verb"", ""adverb""]","{""parts_of_speech"": [""verb"", ""adverb""], ""source"": ""Oxford 3000"", ""original_line"": ""widely adv.""}"
wildlife,B2,,,"[""noun""]","{""parts_of_speech"": [""noun""], ""source"": ""Oxford 3000"", ""original_line"": ""wildlife n.""}"
willing,B2,,,"[""adjective""]","{""parts_of_speech"": [""adjective""], ""source"": ""Oxford 3000"", ""original_line"": ""willing adj.""}"
wire,B2,,,"[""noun""]","{""parts_of_speech"": [""noun""], ""source"": ""Oxford 3000"", ""original_line"": ""wire n.""}"
wise,B2,,,"[""adjective""]","{""parts_of_speech"": [""adjective""], ""source"": ""Oxford 3000"", ""original_line"": ""wise adj.""}"
witness,B2,,,"[""noun"", ""verb""]","{""parts_of_speech"": [""noun"", ""verb""], ""source"": ""Oxford 3000"", ""original_line"": ""witness n. , v.""}"
wound,B2,,,"[""noun"", ""verb""]","{""parts_of_speech"": [""noun"", ""verb""], ""source"": ""Oxford 3000"", ""original_line"": ""wound n. , v.""}"
wrap,B2,,,"[""verb""]","{""parts_of_speech"": [""verb""], ""source"": ""Oxford 3000"", ""original_line"": ""wrap v.""}"
zone,B2,,,"[""noun""]","{""parts_of_speech"": [""noun""], ""source"": ""Oxford 3000"", ""original_line"": ""zone n.""}"
